-- Export SQL g√©n√©r√© par l'application (PHP)
SET NAMES utf8;
SET FOREIGN_KEY_CHECKS=0;


-- -----------------------------
-- Structure de la table `abone`
-- -----------------------------
DROP TABLE IF EXISTS `abone`;
CREATE TABLE `abone` (
  `id` int(4) unsigned NOT NULL AUTO_INCREMENT,
  `nom` varchar(128) NOT NULL,
  `numero_telephone` varchar(16) NOT NULL,
  `numero_compte_anticipation` varchar(16) NOT NULL,
  `etat` varchar(10) NOT NULL,
  `rang` int(4) DEFAULT NULL,
  `id_reseau` int(3) unsigned NOT NULL,
  PRIMARY KEY (`id`),
  KEY `id_reseau` (`id_reseau`),
  CONSTRAINT `abone_ibfk_1` FOREIGN KEY (`id_reseau`) REFERENCES `reseau` (`id`)
) ENGINE=InnoDB AUTO_INCREMENT=470 DEFAULT CHARSET=latin1;

-- Donn√©es de `abone`
INSERT INTO `abone` (`id`,`nom`,`numero_telephone`,`numero_compte_anticipation`,`etat`,`rang`,`id_reseau`) VALUES ('1','Donkeng Maxime','695854745','100','actif','0','1'),('2','Tedonkeu Mireille','652414878','100','actif','0','1'),('3','Takam Ulrich','654852515','100','actif','0','1'),('4','Mbopda Ulrich','658545152','100','actif','0','2'),('5','Matefack Cedrick','698979521','100','actif','0','3'),('6','Manka Michel','659585754','100','actif','0','1'),('7','Onana','6565656565','100','actif','0','5'),('8','Polain tedonmo','698979495','100','actif','0','4'),('9','Teumateu Emilie','696959498','100','actif','0','4'),('269','Kuecheu Boniface 1','','','actif','1','14'),('270','Fogoh John Muafor','','','actif','2','14'),('271','Fodjo Basile','','','actif','3','15'),('272','Fomo Felix','','','actif','4','14'),('273','Mafodong Marie','','','actif','5','14'),('274','Nguetia N. Samuel','','','actif','6','14'),('275','Makenguim M. Julienne','','','actif','7','14'),('276','Ndemnou Alphonse','','','actif','8','15'),('277','Lonzi Michael','','','actif','9','14'),('278','Fanzet','','','actif','10','14'),('279','Tessa Jean','','','actif','11','14'),('280','Ngankeng Jean','','','actif','12','14'),('281','Kamkeng Alphonse','','','actif','13','14'),('282','Ngatchop Tessa','','','actif','14','16'),('283','Mekontchou Antoine','','','actif','15','14'),('284','Mekontchou Antoine','','','actif','16','14'),('285','Nguekouo Patrice','','','actif','17','15'),('286','Nguimgo Pauline','','','actif','18','16'),('287','Djoumessi Marcel','','','actif','19','16'),('288','Toukam Lekane Marie','','','actif','20','15'),('289','Mawamba Pauline','','','actif','21','16'),('290','Tchuekam Herve','','','actif','22','15'),('291','Tedjou Jean Claude','','','actif','23','14'),('292','Koumo Andre','','','actif','24','14'),('293','Nenkounkang Pierre','','','actif','25','15'),('294','Assobkeng Joseph','','','actif','26','14'),('295','Tedjou Fulbert','','','actif','27','15'),('296','Tetsopgang Samuel','','','actif','28','16'),('297','Ntopa Bernard','','','actif','29','15'),('298','Nupioleh Barthelemy','','','actif','30','16'),('299','Tatou Cami','','','actif','31','15'),('300','Mufid Fokoue','','','actif','32','16'),('301','Tapioleu Leopold','','','actif','33','14'),('302','Djoukeng Axel','','','actif','34','16'),('303','Assonfack T. Antoine','','','actif','35','14'),('304','Awounang','','','actif','36','14'),('305','Aboudem Paul','','','actif','37','14'),('306','Tikouoka Jean Robert','','','actif','38','14'),('307','Ladjou Julienne','','','actif','39','14'),('308','Nintedem Marie','','','actif','40','15'),('309','Tekoungang Etienne','','','actif','41','15'),('310','Kodjeu Antoine','','','actif','42','14'),('311','Teikeu Dieudonne','','','actif','43','14'),('312','Kamgang Ghislain','','','actif','44','14'),('313','Tessa Nguegang Junior','','','actif','45','14'),('314','Tchapkeng Regine','','','actif','46','14'),('315','Tenangue Rene','','','actif','47','14'),('316','Chouyemgou K. Francois','','','actif','48','14'),('317','Dongmo Hella Herve','','','actif','49','16'),('318','Pokam Helene','','','actif','50','14'),('319','Mekontchou Robert','','','actif','51','14'),('320','Fodjo Basile','','','actif','52','15'),('321','Tambat Felix','','','actif','53','16'),('322','Kouemo Annie Evelyne','','','actif','54','16'),('323','Tchinda Zacel Bonston','','','actif','55','14'),('324','Makamte Cecile','','','actif','56','15'),('325','Kigni Joseph','','','actif','57','16'),('326','Djikeng Victor','','','actif','58','14'),('327','Nkengni Robert','','','actif','59','15'),('328','Apoudam N«∏e Djuiko Teclaire','','','actif','60','16'),('329','Tenzeumg Kentsa','','','actif','61','15'),('330','Teida Chanceline','','','actif','62','15'),('331','Belga Magaret Epse Nembot','','','actif','63','16'),('332','Ngakou Pierre','','','actif','64','14'),('333','Nintedem Marie','','','actif','65','15'),('334','Metsanou Jean Claude','','','actif','66','16'),('335','Sobze Etienne','','','actif','67','15'),('336','Tekam Joseph','','','actif','68','15'),('337','Tessa Daniel','','','actif','69','15'),('338','Noumsi Ouafo Felicite Epse Lontsie','','','actif','70','16'),('339','Fokoue Lazare','','','actif','71','15'),('340','Tchomba Fidele','','','actif','72','14'),('341','Nguemfo Jeannine','','','actif','73','16'),('342','Ngeuveu Jerome','','','actif','74','16'),('343','Tchoumba Andre','','','actif','75','15'),('344','Nguedia Odette','','','actif','76','14'),('345','Magemete Tabanso Gisele Philomen','','','actif','77','16'),('346','Tchamba Ngankam Martin ','','','actif','78','16'),('347','Donfoue Ngangue Tankeu Delphine','','','actif','79','15'),('348','Tabakam Jean Claude','','','actif','80','15'),('349','Noutsa Henri','','','actif','81','16'),('350','Kenfack Pauline','','','actif','82','15'),('351','Teufack Jacqueline','','','actif','83','16'),('352','Koumetio Helene','','','actif','84','15'),('353','Fondjio Maurice','','','actif','85','16'),('354','Teuoussi Jean','','','actif','86','15'),('355','Nguko Marie Louise','','','actif','87','16'),('356','Nafack Ouamba William','','','actif','88','16'),('357','Kimo Andre','','','actif','89','14'),('358','Zenang Alain Thomas','','','actif','90','16'),('359','Matsafack Josephine','','','actif','91','15'),('360','Tibonchouo Benoit','','','actif','92','16'),('361','Awomo Raphael','','','actif','93','16'),('362','Tedonkeu Martin Ledoux','','','actif','94','15'),('363','Tchomba Herve','','','actif','95','15'),('364','Tetchue Niatize Bertrand','','','actif','96','14'),('365','Tchiossi Leopold','','','actif','97','15'),('366','Tanka Tchoumba Eric','','','actif','98','15'),('367','Keumedjeu Joseph','','','actif','99','15'),('368','Ndontsop Jean Pierre','','','actif','100','16'),('369','Kemgang Henri','','','actif','101','15'),('370','Tessa Boniface','','','actif','102','14'),('371','Diffo Tihewessi Alain Brice I','','','actif','103','16'),('372','Mbomeda Jean Claude','','','actif','104','15'),('373','Nkengni Robert 2','','','actif','105','15'),('374','Diffo Tihewessi Alain Brice Ii','','','actif','106','16'),('375','Makeuguim Marie','','','actif','107','15'),('376','Kenfack Bernard','','','actif','108','14'),('377','Mekenken Jean','','','actif','109','16'),('378','Ngouozock Alain Michel','','','actif','110','15'),('379','Folefack Jacqueline','','','actif','111','16'),('380','Metsachint Fokoua Jinior','','','actif','112','16'),('381','Pewoue A. Regine','','','actif','113','16'),('382','Mekonchu Armand','','','actif','114','14'),('383','Tchougouang Ouambapo','','','actif','115','14'),('384','Kenfack Micheline Epse Mounkam','','','actif','116','16'),('385','Mefoet Nguevo Solline Madeleine','','','actif','117','15'),('386','Kuecheu Boniface 2','','','actif','118','15'),('387','Meikeng Epse Awounang Therese','','','actif','119','16'),('388','Kossop Desire Fabrice','','','actif','120','15'),('389','Tsafack Henri','','','actif','121','15'),('390','Tchigui Etienne','','','actif','122','15'),('391','Ngouni Simplice','','','actif','123','15'),('392','Noutitout Fran√ßois','','','actif','124','16'),('393','Sanfo Dogha Rigobert','','','actif','125','16'),('394','Awounangfokou Roger','','','actif','126','16'),('395','Sombakam Azis B','','','actif','127','15'),('396','Hikouatchia Gael','','','actif','128','15'),('397','Djeukouo Bertrand','','','actif','129','15'),('398','Tekem Paul Roger','','','actif','130','15'),('399','Djambong Antoine Ii','','','actif','131','15'),('400','Kozang Jean Paul','','','actif','132','14'),('401','Cheudjieu Alain Andre','','','actif','133','14'),('402','Nguetia Claude Urbain','','','actif','134','14'),('403','Chedo Gaston','','','actif','135','14'),('404','Tchoupa Romuald','','','actif','136','17'),('405','Fondjo Luno Celestin','','','actif','137','16'),('406','Mbeumo Jaze Brice','','','actif','138','16'),('407','Mbouzeukeu Jerome','','','actif','139','15'),('408','Fokoue Jean Paul','','','actif','140','15'),('409','Tsague Marie','','','actif','141','14'),('410','Ngoungouro Epse Nkueffouet Adija','','','actif','142','15'),('411','Tenwou','','','actif','143','15'),('412','Tsafack Arnaud','','','actif','144','15'),('413','Foda Charles','','','actif','145','14'),('414','Kamkeng Jean','','','actif','146','15'),('415','Massekam Aline Cecile','','','actif','147','16'),('416','Mekontckou K Alphonse','','','actif','148','16'),('417','Tessa Manfred','','','actif','149','15'),('418','Makeuguim Marie Ii','','','actif','150','15'),('419','Tsafack Henri','','','actif','151','15'),('420','Tchigui Etienne','','','actif','152','15'),('421','Ngouni Simplice','','','actif','153','15'),('422','Noutitout Fran√ßois','','','actif','154','16'),('423','Sanfo Dogha Rigobert','','','actif','155','16'),('424','Awounangfokou Roger','','','actif','156','16'),('425','Sombakam Azis B','','','actif','157','15'),('426','Hikouatchia Gael','','','actif','158','15'),('427','Djeukouo Bertrand','','','actif','159','15'),('428','Tekem Paul Roger','','','actif','160','15'),('429','Djambong Antoine Ii','','','actif','161','15'),('430','Kozang Jean Paul','','','actif','162','14'),('431','Cheudjieu Alain Andre','','','actif','163','14'),('432','Nguetia Claude Urbain','','','actif','164','14'),('433','Chedo Gaston','','','actif','165','14'),('434','Tchoupa Romuald','','','actif','166','17'),('435','Fondjo Luno Celestin','','','actif','167','16'),('436','Mbeumo Jaze Brice','','','actif','168','16'),('437','Mbouzeukeu Jerome','','','actif','169','15'),('438','Fokoue Jean Paul','','','actif','170','15'),('439','Tsague Marie','','','actif','171','14'),('440','Ngoungouro Epse Nkueffouet Adija','','','actif','172','15'),('441','Tenwou','','','actif','173','15'),('442','Tsafack Arnaud','','','actif','174','15'),('443','Foda Charles','','','actif','175','14'),('444','Kamkeng Jean','','','actif','176','15'),('445','Massekam Aline Cecile','','','actif','177','16'),('446','Mekontckou K Alphonse','','','actif','178','16'),('447','Tessa Manfred','','','actif','179','15'),('448','Makeuguim Marie Ii','','','actif','180','15'),('449','Dontsop Martin','','','actif','181','14'),('450','Sobgou T Fabrice Didi','','','actif','182','16'),('451','Kengmo Pierre','','','actif','183','16'),('452','Kenfack Nanf Antoine D','','','actif','184','15'),('453','Talabong Ntieke Guy M','','','actif','185','16'),('454','Mathenda Prisca','','','actif','186','15'),('455','Wamba Njoya Gaetan','','','actif','187','16'),('456','Kenfack Louis','','','actif','188','15'),('457','Nguekouo Charles','','','actif','189','16'),('458','Tazefack Maurice','','','actif','190','16'),('459','Kossop Bertin','','','actif','191','14'),('460','Achetsamin Menougong','','','actif','192','16'),('461','Fouelefack Mathias','','','actif','193','14'),('462','Keinfack Norbert','','','actif','194','15'),('463','Machipong Regine','','','actif','195','14'),('464','Wamba Arif Bleriot','','','actif','196','15'),('465','Kemdoum','','','actif','197','15'),('466','Tchoumbou Justin','','','actif','198','15'),('467','Miafo Jean','','','actif','199','16'),('468','Noumemeng Isaac','','','actif','200','18'),('469','Tsafack','6565656565','100','actif','0','15');


-- -----------------------------
-- Structure de la table `aep`
-- -----------------------------
DROP TABLE IF EXISTS `aep`;
CREATE TABLE `aep` (
  `id` int(4) unsigned NOT NULL AUTO_INCREMENT,
  `libele` varchar(64) NOT NULL,
  `description` text,
  `fichier_facture` varchar(64) DEFAULT NULL,
  `date` date DEFAULT NULL,
  `numero_compte` varchar(32) DEFAULT NULL,
  `nom_banque` varchar(64) DEFAULT NULL,
  PRIMARY KEY (`id`)
) ENGINE=InnoDB AUTO_INCREMENT=16 DEFAULT CHARSET=latin1;

-- Donn√©es de `aep`
INSERT INTO `aep` (`id`,`libele`,`description`,`fichier_facture`,`date`,`numero_compte`,`nom_banque`) VALUES ('1','Bassessa','Mon AEP a la class !!','model_nkongzem','2020-05-12','031004014-01-58','Mufid bafou'),('3','Triyin AEP','Mon AEP tototot','model_fokoue','2024-12-12','18547412','Mufid Bafou'),('4','Bandjoun','Celui que je vais juste supprimer','model_fokoue','2024-12-12','54784120541','Mufid Bafang'),('5','toto','Mon AEP de maintenant','model_fokoue','2024-12-12','',''),('6','Mbou','hchkkd djdjdjd ddd ddid','model_fokoue','2025-02-24','',''),('7','','','','0000-00-00','',''),('8','','','','0000-00-00','',''),('9','','','','0000-00-00','',''),('10','','','','0000-00-00','',''),('11','','','','0000-00-00','',''),('12','','','','0000-00-00','',''),('13','','','','0000-00-00','',''),('14','','','','0000-00-00','',''),('15','','','','0000-00-00','','');


-- -----------------------------
-- Structure de la table `clefs`
-- -----------------------------
DROP TABLE IF EXISTS `clefs`;
CREATE TABLE `clefs` (
  `id` int(3) unsigned NOT NULL AUTO_INCREMENT,
  `value` varchar(32) NOT NULL,
  PRIMARY KEY (`id`),
  UNIQUE KEY `value` (`value`)
) ENGINE=MyISAM AUTO_INCREMENT=13 DEFAULT CHARSET=latin1;

-- Donn√©es de `clefs`
INSERT INTO `clefs` (`id`,`value`) VALUES ('1','Toto'),('2','Bami'),('3','Tami'),('4','popo'),('5','lewis1234'),('6','blanche1234'),('7','bertin1234'),('8','ange1234'),('9','achile1234'),('10','testblanche'),('11','martial1234'),('12','eric1234');


-- -----------------------------
-- Structure de la table `compteur`
-- -----------------------------
DROP TABLE IF EXISTS `compteur`;
CREATE TABLE `compteur` (
  `id` int(5) unsigned NOT NULL AUTO_INCREMENT,
  `numero_compteur` varchar(16) NOT NULL,
  `longitude` decimal(12,6) DEFAULT NULL,
  `latitude` decimal(12,6) DEFAULT NULL,
  `derniers_index` decimal(7,2) NOT NULL,
  `description` text,
  PRIMARY KEY (`id`)
) ENGINE=InnoDB AUTO_INCREMENT=472 DEFAULT CHARSET=latin1;

-- Donn√©es de `compteur`
INSERT INTO `compteur` (`id`,`numero_compteur`,`longitude`,`latitude`,`derniers_index`,`description`) VALUES ('1','Bass00001','0.000000','0.000000','27.00',''),('2','Bass00002','0.000000','0.000000','20.00',''),('3','00000020','0.000000','0.000000','40.00',''),('4','000154','0.000000','0.000000','25.00',''),('5','000154','0.000000','0.000000','0.00',''),('6','15421613','0.000000','0.000000','11.20',''),('7','654123','0.000000','0.000000','6.30',''),('8','123520p','0.000000','0.000000','2.20',''),('9','Rs123456','0.000000','0.000000','3.50',''),('10','000154857','0.000000','0.000000','5.50',''),('11','5487546','0.000000','0.000000','3.00',''),('271','2012012','0.000000','0.000000','13.10',''),('272','2012890','0.000000','0.000000','47.90',''),('273','2012615','0.000000','0.000000','302.80',''),('274','78186232','0.000000','0.000000','514.60',''),('275','2012077','0.000000','0.000000','135.30',''),('276','2012146','0.000000','0.000000','209.30',''),('277','2012540','0.000000','0.000000','146.70',''),('278','2012210','0.000000','0.000000','187.60',''),('279','2012882','0.000000','0.000000','79.10',''),('280','2012322','0.000000','0.000000','36.70',''),('281','16051888','0.000000','0.000000','471.00',''),('282','16056859','0.000000','0.000000','461.00',''),('283','16052767','0.000000','0.000000','112.20',''),('284','17062000','0.000000','0.000000','357.20',''),('285','2012866','0.000000','0.000000','369.50',''),('286','2012167','0.000000','0.000000','47.20',''),('287','2012567','0.000000','0.000000','77.80',''),('288','2012508','0.000000','0.000000','139.80',''),('289','2012009','0.000000','0.000000','393.60',''),('290','2012997','0.000000','0.000000','21.50',''),('291','2032422','0.000000','0.000000','17.90',''),('292','2012202','0.000000','0.000000','97.50',''),('293','2012058','0.000000','0.000000','67.50',''),('294','2012052','0.000000','0.000000','184.70',''),('295','2012055','0.000000','0.000000','310.50',''),('296','2012083','0.000000','0.000000','50.00',''),('297','2012215','0.000000','0.000000','3.80',''),('298','2012502','0.000000','0.000000','22.70',''),('299','2012595','0.000000','0.000000','334.10',''),('300','2012319','0.000000','0.000000','77.50',''),('301','2012323','0.000000','0.000000','201.50',''),('302','2012992','0.000000','0.000000','99.70',''),('303','2012054','0.000000','0.000000','96.70',''),('304','2012717','0.000000','0.000000','1079.00',''),('305','2012012','0.000000','0.000000','27.70',''),('306','2012916','0.000000','0.000000','66.70',''),('307','2012602','0.000000','0.000000','1.50',''),('308','2012062','0.000000','0.000000','426.20',''),('309','2012051','0.000000','0.000000','97.90',''),('310','2012072','0.000000','0.000000','155.00',''),('311','2012152','0.000000','0.000000','96.20',''),('312','2012794','0.000000','0.000000','98.00',''),('313','2012986','0.000000','0.000000','55.60',''),('314','2012347','0.000000','0.000000','6.30',''),('315','2012326','0.000000','0.000000','14.50',''),('316','2012385','0.000000','0.000000','27.00',''),('317','2012950','0.000000','0.000000','48.50',''),('318','2012683','0.000000','0.000000','67.20',''),('319','2012729','0.000000','0.000000','19.00',''),('320','2012026','0.000000','0.000000','60.10',''),('321','2012863','0.000000','0.000000','32.70',''),('322','2012589','0.000000','0.000000','205.20',''),('323','2012702','0.000000','0.000000','525.00',''),('324','2020813','0.000000','0.000000','264.70',''),('325','2020041','0.000000','0.000000','69.80',''),('326','2012021','0.000000','0.000000','85.10',''),('327','2020335','0.000000','0.000000','16.20',''),('328','2020087','0.000000','0.000000','74.60',''),('329','2020319','0.000000','0.000000','263.60',''),('330','2020025','0.000000','0.000000','160.60',''),('331','LETK30082025','0.000000','0.000000','1411.10',''),('332','2020963','0.000000','0.000000','208.30',''),('333','2020519','0.000000','0.000000','540.30',''),('334','2020255','0.000000','0.000000','24.50',''),('335','2020448','0.000000','0.000000','20.10',''),('336','2020595','0.000000','0.000000','1170.00',''),('337','2020540','0.000000','0.000000','63.80',''),('338','2020442','0.000000','0.000000','142.20',''),('339','2020452','0.000000','0.000000','3.20',''),('340','2020482','0.000000','0.000000','134.80',''),('341','2020359','0.000000','0.000000','9.20',''),('342','2020667','0.000000','0.000000','68.10',''),('343','2020452','0.000000','0.000000','152.90',''),('344','2020825','0.000000','0.000000','101.30',''),('345','2020099','0.000000','0.000000','10.90',''),('346','2020310','0.000000','0.000000','52.40',''),('347','2020400','0.000000','0.000000','69.10',''),('348','2020037','0.000000','0.000000','60.50',''),('349','2020445','0.000000','0.000000','115.50',''),('350','2020919','0.000000','0.000000','25.10',''),('351','2020934','0.000000','0.000000','442.00',''),('352','2020904','0.000000','0.000000','100.70',''),('353','2020408','0.000000','0.000000','120.00',''),('354','2020939','0.000000','0.000000','52.40',''),('355','2020030','0.000000','0.000000','299.90',''),('356','2020554','0.000000','0.000000','90.80',''),('357','2020589','0.000000','0.000000','13.00',''),('358','2020313','0.000000','0.000000','37.90',''),('359','2020302','0.000000','0.000000','70.80',''),('360','2020206','0.000000','0.000000','210.30',''),('361','2020953','0.000000','0.000000','99.20',''),('362','2020464','0.000000','0.000000','168.10',''),('363','201707483','0.000000','0.000000','50.80',''),('364','20170718027','0.000000','0.000000','355.20',''),('365','20170717605','0.000000','0.000000','297.30',''),('366','201707503','0.000000','0.000000','8.30',''),('367','2017076087','0.000000','0.000000','93.00',''),('368','2020615','0.000000','0.000000','315.60',''),('369','2012340','0.000000','0.000000','507.20',''),('370','2012210','0.000000','0.000000','29.60',''),('371','183265','0.000000','0.000000','22.20',''),('372','2012665','0.000000','0.000000','14.20',''),('373','2001133','0.000000','0.000000','600.70',''),('374','2012349','0.000000','0.000000','25.50',''),('375','2017076087','0.000000','0.000000','13.80',''),('376','201707914','0.000000','0.000000','25.90',''),('377','2012510','0.000000','0.000000','52.30',''),('378','183597','0.000000','0.000000','13.70',''),('379','2017075606','0.000000','0.000000','7.50',''),('380','2100027','0.000000','0.000000','82.40',''),('381','2012813','0.000000','0.000000','168.00',''),('382','MBMKJ30082025','0.000000','0.000000','10.00',''),('383','2012878','0.000000','0.000000','104.00',''),('384','2101467','0.000000','0.000000','140.60',''),('385','201707057','0.000000','0.000000','148.90',''),('386','183797','0.000000','0.000000','19.90',''),('387','2020897','0.000000','0.000000','630.70',''),('388','183797','0.000000','0.000000','1.30',''),('389','2012141','0.000000','0.000000','34.40',''),('390','182271','0.000000','0.000000','52.00',''),('391','9064541','0.000000','0.000000','160.20',''),('392','2304104','0.000000','0.000000','232.50',''),('393','2304406','0.000000','0.000000','93.20',''),('394','2304236','0.000000','0.000000','23.50',''),('395','2304170','0.000000','0.000000','206.70',''),('396','2304077','0.000000','0.000000','132.50',''),('397','2304204','0.000000','0.000000','37.60',''),('398','2304752','0.000000','0.000000','35.00',''),('399','2304681','0.000000','0.000000','115.40',''),('400','2304923','0.000000','0.000000','10.80',''),('401','2304565','0.000000','0.000000','36.30',''),('402','2304621','0.000000','0.000000','76.70',''),('403','2304108','0.000000','0.000000','23.20',''),('404','2304108','0.000000','0.000000','3.40',''),('405','2304898','0.000000','0.000000','16.00',''),('406','2304062','0.000000','0.000000','41.30',''),('407','2304801','0.000000','0.000000','35.20',''),('408','2304890','0.000000','0.000000','358.20',''),('409','2304023','0.000000','0.000000','7714.00',''),('410','2304724','0.000000','0.000000','33.50',''),('411','2304104','0.000000','0.000000','33.30',''),('412','9064591','0.000000','0.000000','599.90',''),('413','2304093','0.000000','0.000000','22.20',''),('414','2304778','0.000000','0.000000','109.10',''),('415','3204180','0.000000','0.000000','8.50',''),('416','2304132','0.000000','0.000000','56.80',''),('417','112024','0.000000','0.000000','10.70',''),('418','112024','0.000000','0.000000','6.80',''),('419','18142024','0.000000','0.000000','23.90',''),('420','8113024','0.000000','0.000000','85.00',''),('421','9064541','0.000000','0.000000','160.20',''),('422','2304104','0.000000','0.000000','232.50',''),('423','2304406','0.000000','0.000000','93.20',''),('424','2304236','0.000000','0.000000','23.50',''),('425','2304170','0.000000','0.000000','206.70',''),('426','2304077','0.000000','0.000000','132.50',''),('427','2304204','0.000000','0.000000','37.60',''),('428','2304752','0.000000','0.000000','35.00',''),('429','2304681','0.000000','0.000000','115.40',''),('430','2304923','0.000000','0.000000','10.80',''),('431','2304565','0.000000','0.000000','36.30',''),('432','2304621','0.000000','0.000000','76.70',''),('433','2304108','0.000000','0.000000','23.20',''),('434','2304108','0.000000','0.000000','3.40',''),('435','2304898','0.000000','0.000000','16.00',''),('436','2304062','0.000000','0.000000','41.30',''),('437','2304801','0.000000','0.000000','35.20',''),('438','2304890','0.000000','0.000000','358.20',''),('439','2304023','0.000000','0.000000','7714.00',''),('440','2304724','0.000000','0.000000','33.50',''),('441','2304104','0.000000','0.000000','33.30',''),('442','9064591','0.000000','0.000000','599.90',''),('443','2304093','0.000000','0.000000','22.20',''),('444','2304778','0.000000','0.000000','109.10',''),('445','3204180','0.000000','0.000000','8.50',''),('446','2304132','0.000000','0.000000','56.80',''),('447','112024','0.000000','0.000000','10.70',''),('448','112024','0.000000','0.000000','6.80',''),('449','18142024','0.000000','0.000000','23.90',''),('450','8113024','0.000000','0.000000','85.00',''),('451','21152024','0.000000','0.000000','10.80',''),('452','20162024','0.000000','0.000000','105.00',''),('453','171212024','0.000000','0.000000','0.10',''),('454','161202024','0.000000','0.000000','49.20',''),('455','28-T2025','0.000000','0.000000','5.00',''),('456','W1661760','0.000000','0.000000','21.50',''),('457','21152024','0.000000','0.000000','120.30',''),('458','W-2-2025','0.000000','0.000000','7.60',''),('459','6052025','0.000000','0.000000','7.90',''),('460','20250303','0.000000','0.000000','9.20',''),('461','12052025','0.000000','0.000000','5.60',''),('462','W12017534','0.000000','0.000000','6.50',''),('463','12052025','0.000000','0.000000','11.20',''),('464','28052025','0.000000','0.000000','6.70',''),('465','07M72025','0.000000','0.000000','0.10',''),('466','07W72025','0.000000','0.000000','29.00',''),('467','08K72025','0.000000','0.000000','0.10',''),('468','8T72025','0.000000','0.000000','11.80',''),('469','12M982025','0.000000','0.000000','0.40',''),('470','01NI82025','0.000000','0.000000','0.20',''),('471','54565254','0.000000','0.000000','12.00','');


-- -----------------------------
-- Structure de la table `compteur_abone`
-- -----------------------------
DROP TABLE IF EXISTS `compteur_abone`;
CREATE TABLE `compteur_abone` (
  `id_abone` int(5) unsigned NOT NULL,
  `id_compteur` int(5) unsigned NOT NULL,
  KEY `fk_abone_compteur_abone` (`id_abone`),
  KEY `fk_compteur_compteur_abone` (`id_compteur`),
  CONSTRAINT `fk_abone_compteur_abone` FOREIGN KEY (`id_abone`) REFERENCES `abone` (`id`),
  CONSTRAINT `fk_compteur_compteur_abone` FOREIGN KEY (`id_compteur`) REFERENCES `compteur` (`id`)
) ENGINE=InnoDB DEFAULT CHARSET=latin1;

-- Donn√©es de `compteur_abone`
INSERT INTO `compteur_abone` (`id_abone`,`id_compteur`) VALUES ('1','1'),('2','2'),('3','4'),('4','6'),('5','7'),('6','8'),('7','9'),('8','10'),('9','11'),('269','271'),('270','272'),('271','273'),('272','274'),('273','275'),('274','276'),('275','277'),('276','278'),('277','279'),('278','280'),('279','281'),('280','282'),('281','283'),('282','284'),('283','285'),('284','286'),('285','287'),('286','288'),('287','289'),('288','290'),('289','291'),('290','292'),('291','293'),('292','294'),('293','295'),('294','296'),('295','297'),('296','298'),('297','299'),('298','300'),('299','301'),('300','302'),('301','303'),('302','304'),('303','305'),('304','306'),('305','307'),('306','308'),('307','309'),('308','310'),('309','311'),('310','312'),('311','313'),('312','314'),('313','315'),('314','316'),('315','317'),('316','318'),('317','319'),('318','320'),('319','321'),('320','322'),('321','323'),('322','324'),('323','325'),('324','326'),('325','327'),('326','328'),('327','329'),('328','330'),('329','331'),('330','332'),('331','333'),('332','334'),('333','335'),('334','336'),('335','337'),('336','338'),('337','339'),('338','340'),('339','341'),('340','342'),('341','343'),('342','344'),('343','345'),('344','346'),('345','347'),('346','348'),('347','349'),('348','350'),('349','351'),('350','352'),('351','353'),('352','354'),('353','355'),('354','356'),('355','357'),('356','358'),('357','359'),('358','360'),('359','361'),('360','362'),('361','363'),('362','364'),('363','365'),('364','366'),('365','367'),('366','368'),('367','369'),('368','370'),('369','371'),('370','372'),('371','373'),('372','374'),('373','375'),('374','376'),('375','377'),('376','378'),('377','379'),('378','380'),('379','381'),('380','382'),('381','383'),('382','384'),('383','385'),('384','386'),('385','387'),('386','388'),('387','389'),('388','390'),('389','391'),('390','392'),('391','393'),('392','394'),('393','395'),('394','396'),('395','397'),('396','398'),('397','399'),('398','400'),('399','401'),('400','402'),('401','403'),('402','404'),('403','405'),('404','406'),('405','407'),('406','408'),('407','409'),('408','410'),('409','411'),('410','412'),('411','413'),('412','414'),('413','415'),('414','416'),('415','417'),('416','418'),('417','419'),('418','420'),('419','421'),('420','422'),('421','423'),('422','424'),('423','425'),('424','426'),('425','427'),('426','428'),('427','429'),('428','430'),('429','431'),('430','432'),('431','433'),('432','434'),('433','435'),('434','436'),('435','437'),('436','438'),('437','439'),('438','440'),('439','441'),('440','442'),('441','443'),('442','444'),('443','445'),('444','446'),('445','447'),('446','448'),('447','449'),('448','450'),('449','451'),('450','452'),('451','453'),('452','454'),('453','455'),('454','456'),('455','457'),('456','458'),('457','459'),('458','460'),('459','461'),('460','462'),('461','463'),('462','464'),('463','465'),('464','466'),('465','467'),('466','468'),('467','469'),('468','470'),('469','471');


-- -----------------------------
-- Structure de la table `compteur_aep`
-- -----------------------------
DROP TABLE IF EXISTS `compteur_aep`;
CREATE TABLE `compteur_aep` (
  `id_aep` int(4) unsigned NOT NULL,
  `id_compteur` int(5) unsigned NOT NULL,
  `id_position` int(2) unsigned NOT NULL,
  KEY `fk_position_compteur_aep` (`id_position`),
  KEY `fk_aep_compteur_aep` (`id_aep`),
  KEY `fk_compteur_compteur_aep` (`id_compteur`),
  CONSTRAINT `fk_aep_compteur_aep` FOREIGN KEY (`id_aep`) REFERENCES `aep` (`id`),
  CONSTRAINT `fk_compteur_compteur_aep` FOREIGN KEY (`id_compteur`) REFERENCES `compteur` (`id`),
  CONSTRAINT `fk_position_compteur_aep` FOREIGN KEY (`id_position`) REFERENCES `position_compteur_aep` (`id`)
) ENGINE=InnoDB DEFAULT CHARSET=latin1;

-- Donn√©es de `compteur_aep`

-- -----------------------------
-- Structure de la table `compteur_reseau`
-- -----------------------------
DROP TABLE IF EXISTS `compteur_reseau`;
CREATE TABLE `compteur_reseau` (
  `id_reseau` int(5) unsigned NOT NULL,
  `id_compteur` int(5) unsigned NOT NULL,
  KEY `fk_reseau_compteur_reseau` (`id_reseau`),
  KEY `fk_compteur_compteur_reseau` (`id_compteur`),
  CONSTRAINT `fk_compteur_compteur_reseau` FOREIGN KEY (`id_compteur`) REFERENCES `compteur` (`id`),
  CONSTRAINT `fk_reseau_compteur_reseau` FOREIGN KEY (`id_reseau`) REFERENCES `reseau` (`id`)
) ENGINE=InnoDB DEFAULT CHARSET=latin1;

-- Donn√©es de `compteur_reseau`
INSERT INTO `compteur_reseau` (`id_reseau`,`id_compteur`) VALUES ('1','3');


-- -----------------------------
-- Structure de la table `constante_reseau`
-- -----------------------------
DROP TABLE IF EXISTS `constante_reseau`;
CREATE TABLE `constante_reseau` (
  `id` int(2) unsigned NOT NULL AUTO_INCREMENT,
  `prix_metre_cube_eau` int(5) unsigned NOT NULL,
  `prix_entretient_compteur` int(5) unsigned NOT NULL,
  `prix_tva` decimal(7,2) unsigned NOT NULL,
  `date_creation` date NOT NULL,
  `est_actif` tinyint(1) NOT NULL,
  `description` text,
  `id_aep` int(4) unsigned NOT NULL DEFAULT '1',
  PRIMARY KEY (`id`),
  KEY `fk_aep_constante` (`id_aep`),
  CONSTRAINT `fk_aep_constante` FOREIGN KEY (`id_aep`) REFERENCES `aep` (`id`)
) ENGINE=InnoDB AUTO_INCREMENT=11 DEFAULT CHARSET=latin1;

-- Donn√©es de `constante_reseau`
INSERT INTO `constante_reseau` (`id`,`prix_metre_cube_eau`,`prix_entretient_compteur`,`prix_tva`,`date_creation`,`est_actif`,`description`,`id_aep`) VALUES ('1','500','500','0.00','0000-00-00','1','','1'),('2','250','250','0.00','0000-00-00','1','','4'),('3','250','250','0.00','0000-00-00','0','Tarifs rÈseau imposÈ par la commune Toussan, ils ne peuvent Ítre modifier que si le maire approuve cette initiative.','3'),('4','250','250','10.00','0000-00-00','1','','3'),('5','0','0','0.00','0000-00-00','1','Tarifs initiaux pour les valeurs de depart','5'),('8','300','0','0.00','2020-01-01','0','','6'),('9','300','500','0.00','2025-01-01','1','','6'),('10','250','500','15.00','2025-09-01','0','juste pour voir un peu','6');


-- -----------------------------
-- Structure de la table `facture`
-- -----------------------------
DROP TABLE IF EXISTS `facture`;
CREATE TABLE `facture` (
  `id` int(4) unsigned NOT NULL AUTO_INCREMENT,
  `id_indexes` int(6) unsigned NOT NULL,
  `montant_verse` decimal(15,2) DEFAULT '0.00',
  `date_paiement` date DEFAULT NULL,
  `penalite` decimal(15,2) DEFAULT '0.00',
  `id_abone` int(4) unsigned NOT NULL,
  `message` text,
  PRIMARY KEY (`id`),
  KEY `id_abone` (`id_abone`),
  KEY `fk_index_facture` (`id_indexes`),
  CONSTRAINT `facture_ibfk_2` FOREIGN KEY (`id_abone`) REFERENCES `abone` (`id`) ON DELETE CASCADE,
  CONSTRAINT `fk_index_facture` FOREIGN KEY (`id_indexes`) REFERENCES `indexes` (`id`) ON DELETE CASCADE
) ENGINE=InnoDB AUTO_INCREMENT=982 DEFAULT CHARSET=latin1;

-- Donn√©es de `facture`
INSERT INTO `facture` (`id`,`id_indexes`,`montant_verse`,`date_paiement`,`penalite`,`id_abone`,`message`) VALUES ('1','1','1735.00','0000-00-00','0.00','1',''),('2','2','2300.00','0000-00-00','0.00','2',''),('3','3','3050.00','0000-00-00','0.00','3',''),('14','18','1300.00','0000-00-00','0.00','1',''),('15','19','2300.00','0000-00-00','0.00','2',''),('16','20','1350.00','0000-00-00','0.00','3',''),('17','22','500.00','0000-00-00','0.00','1',''),('18','23','500.00','0000-00-00','0.00','2',''),('19','24','500.00','0000-00-00','0.00','3',''),('20','26','2250.00','0000-00-00','0.00','1',''),('21','27','1950.00','0000-00-00','0.00','2',''),('22','28','3700.00','0000-00-00','0.00','3',''),('23','29','1700.00','0000-00-00','0.00','4',''),('24','31','1850.00','0000-00-00','0.00','1',''),('25','32','1500.00','0000-00-00','0.00','2',''),('26','33','1450.00','0000-00-00','0.00','3',''),('27','34','1150.00','0000-00-00','0.00','4',''),('28','36','1100.00','0000-00-00','0.00','1',''),('29','37','1400.00','0000-00-00','0.00','2',''),('30','38','2100.00','0000-00-00','0.00','3',''),('31','39','950.00','0000-00-00','0.00','4',''),('32','41','1700.00','0000-00-00','0.00','1',''),('33','42','1500.00','0000-00-00','0.00','2',''),('34','43','500.00','0000-00-00','0.00','3',''),('35','44','1100.00','0000-00-00','0.00','4',''),('36','45','2000.00','0000-00-00','0.00','5',''),('37','47','550.00','0000-00-00','0.00','1',''),('38','48','1350.00','0000-00-00','0.00','2',''),('39','49','1900.00','0000-00-00','0.00','3',''),('40','50','500.00','0000-00-00','0.00','6',''),('41','51','2000.00','0000-00-00','0.00','4',''),('42','52','500.00','0000-00-00','0.00','5',''),('43','54','2000.00','0000-00-00','0.00','1',''),('44','55','3200.00','0000-00-00','0.00','2',''),('45','56','1050.00','0000-00-00','0.00','3',''),('46','57','0.00','0000-00-00','0.00','6',''),('47','58','1000.00','0000-00-00','0.00','4',''),('48','59','1200.00','0000-00-00','0.00','5',''),('49','60','500.00','0000-00-00','0.00','7',''),('92','110','0.00','0000-00-00','0.00','8',''),('93','111','0.00','0000-00-00','0.00','9',''),('381','403','0.00','2020-01-01','0.00','269',''),('382','404','260.00','2020-01-01','0.00','270',''),('383','405','0.00','2020-01-01','0.00','271',''),('384','406','18130.00','2020-01-01','0.00','272',''),('385','407','0.00','2020-01-01','0.00','273',''),('386','408','0.00','2020-01-01','0.00','274',''),('387','409','0.00','2020-01-01','0.00','275',''),('388','410','920.00','2020-01-01','0.00','276',''),('389','411','5.00','2020-01-01','0.00','277',''),('390','412','25.00','2020-01-01','0.00','278',''),('391','413','0.00','2020-01-01','0.00','279',''),('392','414','0.00','2020-01-01','0.00','280',''),('393','415','0.00','2020-01-01','0.00','281',''),('394','416','0.00','2020-01-01','0.00','282',''),('395','417','940.00','2020-01-01','0.00','283',''),('396','418','705.00','2020-01-01','0.00','284',''),('397','419','0.00','2020-01-01','0.00','285',''),('398','420','0.00','2020-01-01','0.00','286',''),('399','421','0.00','2020-01-01','0.00','287',''),('400','422','0.00','2020-01-01','0.00','288',''),('401','423','0.00','2020-01-01','0.00','289',''),('402','424','0.00','2020-01-01','0.00','290',''),('403','425','0.00','2020-01-01','0.00','291',''),('404','426','0.00','2020-01-01','0.00','292',''),('405','427','0.00','2020-01-01','0.00','293',''),('406','428','0.00','2020-01-01','0.00','294',''),('407','429','0.00','2020-01-01','0.00','295',''),('408','430','0.00','2020-01-01','0.00','296',''),('409','431','0.00','2020-01-01','0.00','297',''),('410','432','5.00','2020-01-01','0.00','298',''),('411','433','0.00','2020-01-01','0.00','299',''),('412','434','0.00','2020-01-01','0.00','300',''),('413','435','0.00','2020-01-01','0.00','301',''),('414','436','0.00','2020-01-01','2500.00','302',''),('415','437','0.00','2020-01-01','0.00','303',''),('416','438','0.00','2020-01-01','0.00','304',''),('417','439','420.00','2020-01-01','0.00','305',''),('418','440','2770.00','2020-01-01','0.00','306',''),('419','441','0.00','2020-01-01','0.00','307',''),('420','442','0.00','2020-01-01','0.00','308',''),('421','443','0.00','2020-01-01','0.00','309',''),('422','444','0.00','2020-01-01','0.00','310',''),('423','445','5.00','2020-01-01','0.00','311',''),('424','446','0.00','2020-01-01','0.00','312',''),('425','447','0.00','2020-01-01','0.00','313',''),('426','448','1450.00','2020-01-01','0.00','314',''),('427','449','0.00','2020-01-01','0.00','315',''),('428','450','0.00','2020-01-01','0.00','316',''),('429','451','0.00','2020-01-01','0.00','317',''),('430','452','0.00','2020-01-01','0.00','318',''),('431','453','0.00','2020-01-01','0.00','319',''),('432','454','15.00','2020-01-01','0.00','320',''),('433','455','0.00','2020-01-01','0.00','321',''),('434','456','415.00','2020-01-01','0.00','322',''),('435','457','0.00','2020-01-01','0.00','323',''),('436','458','0.00','2020-01-01','0.00','324',''),('437','459','0.00','2020-01-01','0.00','325',''),('438','460','0.00','2020-01-01','0.00','326',''),('439','461','0.00','2020-01-01','0.00','327',''),('440','462','0.00','2020-01-01','0.00','328',''),('441','463','0.00','2020-01-01','2500.00','329',''),('442','464','15.00','2020-01-01','2500.00','330',''),('443','465','0.00','2020-01-01','0.00','331',''),('444','466','0.00','2020-01-01','0.00','332',''),('445','467','0.00','2020-01-01','0.00','333',''),('446','468','0.00','2020-01-01','0.00','334',''),('447','469','0.00','2020-01-01','0.00','335',''),('448','470','0.00','2020-01-01','0.00','336',''),('449','471','0.00','2020-01-01','0.00','337',''),('450','472','0.00','2020-01-01','0.00','338',''),('451','473','2280.00','2020-01-01','0.00','339',''),('452','474','0.00','2020-01-01','2500.00','340',''),('453','475','20.00','2020-01-01','0.00','341',''),('454','476','0.00','2020-01-01','0.00','342',''),('455','477','0.00','2020-01-01','2500.00','343',''),('456','478','3045.00','2020-01-01','0.00','344',''),('457','479','0.00','2020-01-01','0.00','345',''),('458','480','0.00','2020-01-01','0.00','346',''),('459','481','0.00','2020-01-01','0.00','347',''),('460','482','0.00','2020-01-01','0.00','348',''),('461','483','10.00','2020-01-01','0.00','349',''),('462','484','0.00','2020-01-01','0.00','350',''),('463','485','0.00','2020-01-01','0.00','351',''),('464','486','0.00','2020-01-01','0.00','352',''),('465','487','0.00','2020-01-01','2500.00','353',''),('466','488','0.00','2020-01-01','0.00','354',''),('467','489','0.00','2020-01-01','0.00','355',''),('468','490','140.00','2020-01-01','0.00','356',''),('469','491','0.00','2020-01-01','0.00','357',''),('470','492','0.00','2020-01-01','0.00','358',''),('471','493','10.00','2020-01-01','0.00','359',''),('472','494','10.00','2020-01-01','0.00','360',''),('473','495','0.00','2020-01-01','0.00','361',''),('474','496','0.00','2020-01-01','0.00','362',''),('475','497','0.00','2020-01-01','2500.00','363',''),('476','498','0.00','2020-01-01','2500.00','364',''),('477','499','0.00','2020-01-01','0.00','365',''),('478','500','10.00','2020-01-01','0.00','366',''),('479','501','0.00','2020-01-01','0.00','367',''),('480','502','0.00','2020-01-01','0.00','368',''),('481','503','0.00','2020-01-01','0.00','369',''),('482','504','0.00','2020-01-01','0.00','370',''),('483','505','0.00','2020-01-01','2500.00','371',''),('484','506','0.00','2020-01-01','0.00','372',''),('485','507','0.00','2020-01-01','0.00','373',''),('486','508','1920.00','2020-01-01','0.00','374',''),('487','509','0.00','2020-01-01','0.00','375',''),('488','510','0.00','2020-01-01','0.00','376',''),('489','511','0.00','2020-01-01','0.00','377',''),('490','512','0.00','2020-01-01','0.00','378',''),('491','513','0.00','2020-01-01','0.00','379',''),('492','514','0.00','2020-01-01','0.00','380',''),('493','515','5.00','2020-01-01','0.00','381',''),('494','516','0.00','2020-01-01','0.00','382',''),('495','517','10.00','2020-01-01','0.00','383',''),('496','518','0.00','2020-01-01','0.00','384',''),('497','519','0.00','2020-01-01','2500.00','385',''),('498','520','0.00','2020-01-01','0.00','386',''),('499','521','0.00','2020-01-01','0.00','387',''),('500','522','5.00','2020-01-01','0.00','388',''),('501','523','5.00','2020-01-01','0.00','389',''),('502','524','0.00','2020-01-01','0.00','390',''),('503','525','10.00','2020-01-01','0.00','391',''),('504','526','0.00','2020-01-01','0.00','392',''),('505','527','0.00','2020-01-01','0.00','393',''),('506','528','5.00','2020-01-01','0.00','394',''),('507','529','0.00','2020-01-01','0.00','395',''),('508','530','0.00','2020-01-01','0.00','396',''),('509','531','0.00','2020-01-01','0.00','397',''),('510','532','0.00','2020-01-01','0.00','398',''),('511','533','0.00','2020-01-01','0.00','399',''),('512','534','0.00','2020-01-01','0.00','400',''),('513','535','0.00','2020-01-01','0.00','401',''),('514','536','65.00','2020-01-01','0.00','402',''),('515','537','0.00','2020-01-01','0.00','403',''),('516','538','0.00','2020-01-01','0.00','404',''),('517','539','5.00','2020-01-01','0.00','405',''),('518','540','0.00','2020-01-01','0.00','406',''),('519','541','0.00','2020-01-01','0.00','407',''),('520','542','0.00','2020-01-01','0.00','408',''),('521','543','10.00','2020-01-01','0.00','409',''),('522','544','0.00','2020-01-01','2500.00','410',''),('523','545','0.00','2020-01-01','0.00','411',''),('524','546','0.00','2020-01-01','0.00','412',''),('525','547','0.00','2020-01-01','0.00','413',''),('526','548','3280.00','2020-01-01','0.00','414',''),('527','549','5.00','2020-01-01','0.00','415',''),('528','550','10.00','2020-01-01','0.00','416',''),('529','551','0.00','2020-01-01','0.00','417',''),('530','552','0.00','2020-01-01','0.00','418',''),('531','553','5.00','2020-01-01','0.00','419',''),('532','554','0.00','2020-01-01','0.00','420',''),('533','555','10.00','2020-01-01','0.00','421',''),('534','556','0.00','2020-01-01','0.00','422',''),('535','557','0.00','2020-01-01','0.00','423',''),('536','558','5.00','2020-01-01','0.00','424',''),('537','559','0.00','2020-01-01','0.00','425',''),('538','560','0.00','2020-01-01','0.00','426',''),('539','561','0.00','2020-01-01','0.00','427',''),('540','562','0.00','2020-01-01','0.00','428',''),('541','563','0.00','2020-01-01','0.00','429',''),('542','564','0.00','2020-01-01','0.00','430',''),('543','565','0.00','2020-01-01','0.00','431',''),('544','566','65.00','2020-01-01','0.00','432',''),('545','567','0.00','2020-01-01','0.00','433',''),('546','568','0.00','2020-01-01','0.00','434',''),('547','569','5.00','2020-01-01','0.00','435',''),('548','570','0.00','2020-01-01','0.00','436',''),('549','571','0.00','2020-01-01','0.00','437',''),('550','572','0.00','2020-01-01','0.00','438',''),('551','573','10.00','2020-01-01','0.00','439',''),('552','574','0.00','2020-01-01','2500.00','440',''),('553','575','0.00','2020-01-01','0.00','441',''),('554','576','0.00','2020-01-01','0.00','442',''),('555','577','0.00','2020-01-01','0.00','443',''),('556','578','3280.00','2020-01-01','0.00','444',''),('557','579','5.00','2020-01-01','0.00','445',''),('558','580','10.00','2020-01-01','0.00','446',''),('559','581','0.00','2020-01-01','0.00','447',''),('560','582','0.00','2020-01-01','0.00','448',''),('561','583','1000.00','2020-01-01','0.00','449',''),('562','584','310.00','2020-01-01','0.00','450',''),('563','585','0.00','2020-01-01','0.00','451',''),('564','586','0.00','2020-01-01','0.00','452',''),('565','587','0.00','2020-01-01','0.00','453',''),('566','588','0.00','2020-01-01','0.00','454',''),('567','589','0.00','2020-01-01','0.00','455',''),('568','590','0.00','2020-01-01','0.00','456',''),('569','591','0.00','2020-01-01','0.00','457',''),('570','592','0.00','2020-01-01','0.00','458',''),('571','593','0.00','2020-01-01','0.00','459',''),('572','594','0.00','2020-01-01','0.00','460',''),('573','595','0.00','2020-01-01','0.00','461',''),('574','596','0.00','2020-01-01','0.00','462',''),('575','597','0.00','2020-01-01','0.00','463',''),('576','598','260.00','2020-01-01','0.00','464',''),('577','599','0.00','2020-01-01','0.00','465',''),('578','600','0.00','2020-01-01','0.00','466',''),('579','601','0.00','2020-01-01','0.00','467',''),('580','602','0.00','2020-01-01','0.00','468',''),('581','603','0.00','2025-01-01','0.00','269',''),('582','604','0.00','2025-01-01','0.00','270',''),('583','605','0.00','2025-01-01','0.00','271',''),('584','606','0.00','2025-01-01','0.00','272',''),('585','607','0.00','2025-01-01','0.00','273',''),('586','608','0.00','2025-01-01','0.00','274',''),('587','609','0.00','2025-01-01','0.00','275',''),('588','610','0.00','2025-01-01','0.00','276',''),('589','611','0.00','2025-01-01','0.00','277',''),('590','612','0.00','2025-01-01','0.00','278',''),('591','613','0.00','2025-01-01','0.00','279',''),('592','614','0.00','2025-01-01','0.00','280',''),('593','615','0.00','2025-01-01','0.00','281',''),('594','616','0.00','2025-01-01','0.00','282',''),('595','617','0.00','2025-01-01','0.00','283',''),('596','618','0.00','2025-01-01','0.00','284',''),('597','619','0.00','2025-01-01','0.00','285',''),('598','620','0.00','2025-01-01','0.00','286',''),('599','621','0.00','2025-01-01','0.00','287',''),('600','622','0.00','2025-01-01','0.00','288',''),('601','623','0.00','2025-01-01','0.00','289',''),('602','624','0.00','2025-01-01','0.00','290',''),('603','625','0.00','2025-01-01','0.00','291',''),('604','626','0.00','2025-01-01','0.00','292',''),('605','627','0.00','2025-01-01','0.00','293',''),('606','628','0.00','2025-01-01','0.00','294',''),('607','629','0.00','2025-01-01','0.00','295',''),('608','630','0.00','2025-01-01','0.00','296',''),('609','631','0.00','2025-01-01','0.00','297',''),('610','632','0.00','2025-01-01','0.00','298',''),('611','633','0.00','2025-01-01','0.00','299',''),('612','634','0.00','2025-01-01','0.00','300',''),('613','635','0.00','2025-01-01','0.00','301',''),('614','636','0.00','2025-01-01','0.00','302',''),('615','637','0.00','2025-01-01','0.00','303',''),('616','638','0.00','2025-01-01','0.00','304',''),('617','639','0.00','2025-01-01','0.00','305',''),('618','640','0.00','2025-01-01','0.00','306',''),('619','641','0.00','2025-01-01','0.00','307',''),('620','642','0.00','2025-01-01','0.00','308',''),('621','643','0.00','2025-01-01','0.00','309',''),('622','644','0.00','2025-01-01','0.00','310',''),('623','645','0.00','2025-01-01','0.00','311',''),('624','646','0.00','2025-01-01','0.00','312',''),('625','647','0.00','2025-01-01','0.00','313',''),('626','648','0.00','2025-01-01','0.00','314',''),('627','649','0.00','2025-01-01','0.00','315',''),('628','650','0.00','2025-01-01','0.00','316',''),('629','651','0.00','2025-01-01','0.00','317',''),('630','652','0.00','2025-01-01','0.00','318',''),('631','653','0.00','2025-01-01','0.00','319',''),('632','654','0.00','2025-01-01','0.00','320',''),('633','655','0.00','2025-01-01','0.00','321',''),('634','656','0.00','2025-01-01','0.00','322',''),('635','657','0.00','2025-01-01','0.00','323',''),('636','658','0.00','2025-01-01','0.00','324',''),('637','659','0.00','2025-01-01','0.00','325',''),('638','660','0.00','2025-01-01','0.00','326',''),('639','661','0.00','2025-01-01','0.00','327',''),('640','662','0.00','2025-01-01','0.00','328',''),('641','663','0.00','2025-01-01','0.00','329',''),('642','664','0.00','2025-01-01','0.00','330',''),('643','665','0.00','2025-01-01','0.00','331',''),('644','666','0.00','2025-01-01','0.00','332',''),('645','667','0.00','2025-01-01','0.00','333',''),('646','668','0.00','2025-01-01','0.00','334',''),('647','669','0.00','2025-01-01','0.00','335',''),('648','670','0.00','2025-01-01','0.00','336',''),('649','671','0.00','2025-01-01','0.00','337',''),('650','672','0.00','2025-01-01','0.00','338',''),('651','673','0.00','2025-01-01','0.00','339',''),('652','674','0.00','2025-01-01','0.00','340',''),('653','675','0.00','2025-01-01','0.00','341',''),('654','676','0.00','2025-01-01','0.00','342',''),('655','677','0.00','2025-01-01','0.00','343',''),('656','678','0.00','2025-01-01','0.00','344',''),('657','679','0.00','2025-01-01','0.00','345',''),('658','680','0.00','2025-01-01','0.00','346',''),('659','681','0.00','2025-01-01','0.00','347',''),('660','682','0.00','2025-01-01','0.00','348',''),('661','683','0.00','2025-01-01','0.00','349',''),('662','684','0.00','2025-01-01','0.00','350',''),('663','685','0.00','2025-01-01','0.00','351',''),('664','686','0.00','2025-01-01','0.00','352',''),('665','687','0.00','2025-01-01','0.00','353',''),('666','688','0.00','2025-01-01','0.00','354',''),('667','689','0.00','2025-01-01','0.00','355',''),('668','690','0.00','2025-01-01','0.00','356',''),('669','691','0.00','2025-01-01','0.00','357',''),('670','692','0.00','2025-01-01','0.00','358',''),('671','693','0.00','2025-01-01','0.00','359',''),('672','694','0.00','2025-01-01','0.00','360',''),('673','695','0.00','2025-01-01','0.00','361',''),('674','696','0.00','2025-01-01','0.00','362',''),('675','697','0.00','2025-01-01','0.00','363',''),('676','698','0.00','2025-01-01','0.00','364',''),('677','699','0.00','2025-01-01','0.00','365',''),('678','700','0.00','2025-01-01','0.00','366',''),('679','701','0.00','2025-01-01','0.00','367',''),('680','702','0.00','2025-01-01','0.00','368',''),('681','703','0.00','2025-01-01','0.00','369',''),('682','704','0.00','2025-01-01','0.00','370',''),('683','705','0.00','2025-01-01','0.00','371',''),('684','706','0.00','2025-01-01','0.00','372',''),('685','707','0.00','2025-01-01','0.00','373',''),('686','708','0.00','2025-01-01','0.00','374',''),('687','709','0.00','2025-01-01','0.00','375',''),('688','710','0.00','2025-01-01','0.00','376',''),('689','711','0.00','2025-01-01','0.00','377',''),('690','712','0.00','2025-01-01','0.00','378',''),('691','713','0.00','2025-01-01','0.00','379',''),('692','714','0.00','2025-01-01','0.00','380',''),('693','715','0.00','2025-01-01','0.00','381',''),('694','716','0.00','2025-01-01','0.00','382',''),('695','717','0.00','2025-01-01','0.00','383',''),('696','718','0.00','2025-01-01','0.00','384',''),('697','719','0.00','2025-01-01','0.00','385',''),('698','720','0.00','2025-01-01','0.00','386',''),('699','721','0.00','2025-01-01','0.00','387',''),('700','722','0.00','2025-01-01','0.00','388',''),('701','723','0.00','2025-01-01','0.00','389',''),('702','724','0.00','2025-01-01','0.00','390',''),('703','725','0.00','2025-01-01','0.00','391',''),('704','726','0.00','2025-01-01','0.00','392',''),('705','727','0.00','2025-01-01','0.00','393',''),('706','728','0.00','2025-01-01','0.00','394',''),('707','729','0.00','2025-01-01','0.00','395',''),('708','730','0.00','2025-01-01','0.00','396',''),('709','731','0.00','2025-01-01','0.00','397',''),('710','732','0.00','2025-01-01','0.00','398',''),('711','733','0.00','2025-01-01','0.00','399',''),('712','734','0.00','2025-01-01','0.00','400',''),('713','735','0.00','2025-01-01','0.00','401',''),('714','736','0.00','2025-01-01','0.00','402',''),('715','737','0.00','2025-01-01','0.00','403',''),('716','738','0.00','2025-01-01','0.00','404',''),('717','739','0.00','2025-01-01','0.00','405',''),('718','740','0.00','2025-01-01','0.00','406',''),('719','741','0.00','2025-01-01','0.00','407',''),('720','742','0.00','2025-01-01','0.00','408',''),('721','743','0.00','2025-01-01','0.00','409',''),('722','744','0.00','2025-01-01','0.00','410',''),('723','745','0.00','2025-01-01','0.00','411',''),('724','746','0.00','2025-01-01','0.00','412',''),('725','747','0.00','2025-01-01','0.00','413',''),('726','748','0.00','2025-01-01','0.00','414',''),('727','749','0.00','2025-01-01','0.00','415',''),('728','750','0.00','2025-01-01','0.00','416',''),('729','751','0.00','2025-01-01','0.00','417',''),('730','752','0.00','2025-01-01','0.00','418',''),('731','753','0.00','2025-01-01','0.00','419',''),('732','754','0.00','2025-01-01','0.00','420',''),('733','755','0.00','2025-01-01','0.00','421',''),('734','756','0.00','2025-01-01','0.00','422',''),('735','757','0.00','2025-01-01','0.00','423',''),('736','758','0.00','2025-01-01','0.00','424',''),('737','759','0.00','2025-01-01','0.00','425',''),('738','760','0.00','2025-01-01','0.00','426',''),('739','761','0.00','2025-01-01','0.00','427',''),('740','762','0.00','2025-01-01','0.00','428',''),('741','763','0.00','2025-01-01','0.00','429',''),('742','764','0.00','2025-01-01','0.00','430',''),('743','765','0.00','2025-01-01','0.00','431',''),('744','766','0.00','2025-01-01','0.00','432',''),('745','767','0.00','2025-01-01','0.00','433',''),('746','768','0.00','2025-01-01','0.00','434',''),('747','769','0.00','2025-01-01','0.00','435',''),('748','770','0.00','2025-01-01','0.00','436',''),('749','771','0.00','2025-01-01','0.00','437',''),('750','772','0.00','2025-01-01','0.00','438',''),('751','773','0.00','2025-01-01','0.00','439',''),('752','774','0.00','2025-01-01','0.00','440',''),('753','775','0.00','2025-01-01','0.00','441',''),('754','776','0.00','2025-01-01','0.00','442',''),('755','777','0.00','2025-01-01','0.00','443',''),('756','778','0.00','2025-01-01','0.00','444',''),('757','779','0.00','2025-01-01','0.00','445',''),('758','780','0.00','2025-01-01','0.00','446',''),('759','781','0.00','2025-01-01','0.00','447',''),('760','782','0.00','2025-01-01','0.00','448',''),('761','783','0.00','2025-01-01','0.00','449',''),('762','784','0.00','2025-01-01','0.00','450',''),('763','785','0.00','2025-01-01','0.00','451',''),('764','786','0.00','2025-01-01','0.00','452',''),('765','787','0.00','2025-01-01','0.00','453',''),('766','788','0.00','2025-01-01','0.00','454',''),('767','789','0.00','2025-01-01','0.00','455',''),('768','790','0.00','2025-01-01','0.00','456',''),('769','791','0.00','2025-01-01','0.00','457',''),('770','792','0.00','2025-01-01','0.00','458',''),('771','793','0.00','2025-01-01','0.00','459',''),('772','794','0.00','2025-01-01','0.00','460',''),('773','795','0.00','2025-01-01','0.00','461',''),('774','796','0.00','2025-01-01','0.00','462',''),('775','797','0.00','2025-01-01','0.00','463',''),('776','798','0.00','2025-01-01','0.00','464',''),('777','799','0.00','2025-01-01','0.00','465',''),('778','800','0.00','2025-01-01','0.00','466',''),('779','801','0.00','2025-01-01','0.00','467',''),('780','802','0.00','2025-01-01','0.00','468',''),('781','803','0.00','0000-00-00','0.00','269',''),('782','804','0.00','0000-00-00','0.00','270',''),('783','805','0.00','0000-00-00','0.00','272',''),('784','806','0.00','0000-00-00','0.00','273',''),('785','807','0.00','0000-00-00','0.00','274',''),('786','808','0.00','0000-00-00','0.00','275',''),('787','809','0.00','0000-00-00','0.00','277',''),('788','810','0.00','0000-00-00','0.00','278',''),('789','811','0.00','0000-00-00','0.00','279',''),('790','812','0.00','0000-00-00','0.00','280',''),('791','813','0.00','0000-00-00','0.00','281',''),('792','814','0.00','0000-00-00','0.00','283',''),('793','815','0.00','0000-00-00','0.00','284',''),('794','816','0.00','0000-00-00','0.00','291',''),('795','817','0.00','0000-00-00','0.00','292',''),('796','818','0.00','0000-00-00','0.00','294',''),('797','819','0.00','0000-00-00','0.00','301',''),('798','820','0.00','0000-00-00','0.00','303',''),('799','821','0.00','0000-00-00','0.00','304',''),('800','822','0.00','0000-00-00','0.00','305',''),('801','823','0.00','0000-00-00','0.00','306',''),('802','824','0.00','0000-00-00','0.00','307',''),('803','825','0.00','0000-00-00','0.00','310',''),('804','826','0.00','0000-00-00','0.00','311',''),('805','827','0.00','0000-00-00','0.00','312',''),('806','828','0.00','0000-00-00','0.00','313',''),('807','829','0.00','0000-00-00','0.00','314',''),('808','830','0.00','0000-00-00','0.00','315',''),('809','831','0.00','0000-00-00','0.00','316',''),('810','832','0.00','0000-00-00','0.00','318',''),('811','833','0.00','0000-00-00','0.00','319',''),('812','834','0.00','0000-00-00','0.00','323',''),('813','835','0.00','0000-00-00','0.00','326',''),('814','836','0.00','0000-00-00','0.00','332',''),('815','837','0.00','0000-00-00','0.00','340',''),('816','838','0.00','0000-00-00','0.00','344',''),('817','839','0.00','0000-00-00','0.00','357',''),('818','840','0.00','0000-00-00','0.00','364',''),('819','841','0.00','0000-00-00','0.00','370',''),('820','842','0.00','0000-00-00','0.00','376',''),('821','843','0.00','0000-00-00','0.00','382',''),('822','844','0.00','0000-00-00','0.00','383',''),('823','845','0.00','0000-00-00','0.00','400',''),('824','846','0.00','0000-00-00','0.00','401',''),('825','847','0.00','0000-00-00','0.00','402',''),('826','848','0.00','0000-00-00','0.00','403',''),('827','849','0.00','0000-00-00','0.00','409',''),('828','850','0.00','0000-00-00','0.00','413',''),('829','851','0.00','0000-00-00','0.00','430',''),('830','852','0.00','0000-00-00','0.00','431',''),('831','853','0.00','0000-00-00','0.00','432',''),('832','854','0.00','0000-00-00','0.00','433',''),('833','855','0.00','0000-00-00','0.00','439',''),('834','856','0.00','0000-00-00','0.00','443',''),('835','857','0.00','0000-00-00','0.00','449',''),('836','858','0.00','0000-00-00','0.00','459',''),('837','859','0.00','0000-00-00','0.00','461',''),('838','860','0.00','0000-00-00','0.00','463',''),('839','861','0.00','0000-00-00','0.00','271',''),('840','862','0.00','0000-00-00','0.00','276',''),('841','863','0.00','0000-00-00','0.00','285',''),('842','864','0.00','0000-00-00','0.00','288',''),('843','865','0.00','0000-00-00','0.00','290',''),('844','866','0.00','0000-00-00','0.00','293',''),('845','867','0.00','0000-00-00','0.00','295',''),('846','868','0.00','0000-00-00','0.00','297',''),('847','869','0.00','0000-00-00','0.00','299',''),('848','870','0.00','0000-00-00','0.00','308',''),('849','871','0.00','0000-00-00','0.00','309',''),('850','872','0.00','0000-00-00','0.00','320',''),('851','873','0.00','0000-00-00','0.00','324',''),('852','874','0.00','0000-00-00','0.00','327',''),('853','875','0.00','0000-00-00','0.00','329',''),('854','876','0.00','0000-00-00','0.00','330',''),('855','877','0.00','0000-00-00','0.00','333',''),('856','878','0.00','0000-00-00','0.00','335',''),('857','879','0.00','0000-00-00','0.00','336',''),('858','880','0.00','0000-00-00','0.00','337',''),('859','881','0.00','0000-00-00','0.00','339',''),('860','882','0.00','0000-00-00','0.00','343',''),('861','883','0.00','0000-00-00','0.00','347',''),('862','884','0.00','0000-00-00','0.00','348',''),('863','885','0.00','0000-00-00','0.00','350',''),('864','886','0.00','0000-00-00','0.00','352',''),('865','887','0.00','0000-00-00','0.00','354',''),('866','888','0.00','0000-00-00','0.00','359',''),('867','889','0.00','0000-00-00','0.00','362',''),('868','890','0.00','0000-00-00','0.00','363',''),('869','891','0.00','0000-00-00','0.00','365',''),('870','892','0.00','0000-00-00','0.00','366',''),('871','893','0.00','0000-00-00','0.00','367',''),('872','894','0.00','0000-00-00','0.00','369',''),('873','895','0.00','0000-00-00','0.00','372',''),('874','896','0.00','0000-00-00','0.00','373',''),('875','897','0.00','0000-00-00','0.00','375',''),('876','898','0.00','0000-00-00','0.00','378',''),('877','899','0.00','0000-00-00','0.00','385',''),('878','900','0.00','0000-00-00','0.00','386',''),('879','901','0.00','0000-00-00','0.00','388',''),('880','902','0.00','0000-00-00','0.00','389',''),('881','903','0.00','0000-00-00','0.00','390',''),('882','904','0.00','0000-00-00','0.00','391',''),('883','905','0.00','0000-00-00','0.00','395',''),('884','906','0.00','0000-00-00','0.00','396',''),('885','907','0.00','0000-00-00','0.00','397',''),('886','908','0.00','0000-00-00','0.00','398',''),('887','909','0.00','0000-00-00','0.00','399',''),('888','910','0.00','0000-00-00','0.00','407',''),('889','911','0.00','0000-00-00','0.00','408',''),('890','912','0.00','0000-00-00','0.00','410',''),('891','913','0.00','0000-00-00','0.00','411',''),('892','914','0.00','0000-00-00','0.00','412',''),('893','915','0.00','0000-00-00','0.00','414',''),('894','916','0.00','0000-00-00','0.00','417',''),('895','917','0.00','0000-00-00','0.00','418',''),('896','918','0.00','0000-00-00','0.00','419',''),('897','919','0.00','0000-00-00','0.00','420',''),('898','920','0.00','0000-00-00','0.00','421',''),('899','921','0.00','0000-00-00','0.00','425',''),('900','922','0.00','0000-00-00','0.00','426',''),('901','923','0.00','0000-00-00','0.00','427',''),('902','924','0.00','0000-00-00','0.00','428',''),('903','925','0.00','0000-00-00','0.00','429',''),('904','926','0.00','0000-00-00','0.00','437',''),('905','927','0.00','0000-00-00','0.00','438',''),('906','928','0.00','0000-00-00','0.00','440',''),('907','929','0.00','0000-00-00','0.00','441',''),('908','930','0.00','0000-00-00','0.00','442',''),('909','931','0.00','0000-00-00','0.00','444',''),('910','932','0.00','0000-00-00','0.00','447',''),('911','933','0.00','0000-00-00','0.00','448',''),('912','934','0.00','0000-00-00','0.00','452',''),('913','935','0.00','0000-00-00','0.00','454',''),('914','936','0.00','0000-00-00','0.00','456',''),('915','937','0.00','0000-00-00','0.00','462',''),('916','938','0.00','0000-00-00','0.00','464',''),('917','939','0.00','0000-00-00','0.00','465',''),('918','940','0.00','0000-00-00','0.00','466',''),('919','941','0.00','0000-00-00','0.00','469',''),('920','942','0.00','0000-00-00','0.00','282',''),('921','943','0.00','0000-00-00','0.00','286',''),('922','944','0.00','0000-00-00','0.00','287',''),('923','945','0.00','0000-00-00','0.00','289',''),('924','946','0.00','0000-00-00','0.00','296',''),('925','947','0.00','0000-00-00','0.00','298',''),('926','948','0.00','0000-00-00','0.00','300',''),('927','949','0.00','0000-00-00','0.00','302',''),('928','950','0.00','0000-00-00','0.00','317',''),('929','951','0.00','0000-00-00','0.00','321',''),('930','952','0.00','0000-00-00','0.00','322',''),('931','953','0.00','0000-00-00','0.00','325',''),('932','954','0.00','0000-00-00','0.00','328',''),('933','955','0.00','0000-00-00','0.00','331',''),('934','956','0.00','0000-00-00','0.00','334',''),('935','957','0.00','0000-00-00','0.00','338',''),('936','958','0.00','0000-00-00','0.00','341',''),('937','959','0.00','0000-00-00','0.00','342',''),('938','960','0.00','0000-00-00','0.00','345',''),('939','961','0.00','0000-00-00','0.00','346',''),('940','962','0.00','0000-00-00','0.00','349',''),('941','963','0.00','0000-00-00','0.00','351',''),('942','964','0.00','0000-00-00','0.00','353',''),('943','965','0.00','0000-00-00','0.00','355',''),('944','966','0.00','0000-00-00','0.00','356',''),('945','967','0.00','0000-00-00','0.00','358',''),('946','968','0.00','0000-00-00','0.00','360',''),('947','969','0.00','0000-00-00','0.00','361',''),('948','970','0.00','0000-00-00','0.00','368',''),('949','971','0.00','0000-00-00','0.00','371',''),('950','972','0.00','0000-00-00','0.00','374',''),('951','973','0.00','0000-00-00','0.00','377',''),('952','974','0.00','0000-00-00','0.00','379',''),('953','975','0.00','0000-00-00','0.00','380',''),('954','976','0.00','0000-00-00','0.00','381',''),('955','977','0.00','0000-00-00','0.00','384',''),('956','978','0.00','0000-00-00','0.00','387',''),('957','979','0.00','0000-00-00','0.00','392',''),('958','980','0.00','0000-00-00','0.00','393',''),('959','981','0.00','0000-00-00','0.00','394',''),('960','982','0.00','0000-00-00','0.00','405',''),('961','983','0.00','0000-00-00','0.00','406',''),('962','984','0.00','0000-00-00','0.00','415',''),('963','985','0.00','0000-00-00','0.00','416',''),('964','986','0.00','0000-00-00','0.00','422',''),('965','987','0.00','0000-00-00','0.00','423',''),('966','988','0.00','0000-00-00','0.00','424',''),('967','989','0.00','0000-00-00','0.00','435',''),('968','990','0.00','0000-00-00','0.00','436',''),('969','991','0.00','0000-00-00','0.00','445',''),('970','992','0.00','0000-00-00','0.00','446',''),('971','993','0.00','0000-00-00','0.00','450',''),('972','994','0.00','0000-00-00','0.00','451',''),('973','995','0.00','0000-00-00','0.00','453',''),('974','996','0.00','0000-00-00','0.00','455',''),('975','997','0.00','0000-00-00','0.00','457',''),('976','998','0.00','0000-00-00','0.00','458',''),('977','999','0.00','0000-00-00','0.00','460',''),('978','1000','0.00','0000-00-00','0.00','467',''),('979','1001','0.00','0000-00-00','0.00','404',''),('980','1002','0.00','0000-00-00','0.00','434',''),('981','1003','0.00','0000-00-00','0.00','468','');


-- -----------------------------
-- Structure de la table `flux_financier`
-- -----------------------------
DROP TABLE IF EXISTS `flux_financier`;
CREATE TABLE `flux_financier` (
  `id` int(6) unsigned NOT NULL AUTO_INCREMENT,
  `date` date NOT NULL,
  `mois` varchar(7) NOT NULL,
  `libele` varchar(128) NOT NULL,
  `prix` bigint(20) unsigned NOT NULL,
  `type` varchar(8) NOT NULL DEFAULT 'sortie',
  `description` text,
  `id_aep` int(5) unsigned NOT NULL DEFAULT '1',
  PRIMARY KEY (`id`),
  KEY `fk_aep_flux_financier` (`id_aep`),
  CONSTRAINT `fk_aep_flux_financier` FOREIGN KEY (`id_aep`) REFERENCES `aep` (`id`) ON DELETE CASCADE
) ENGINE=InnoDB AUTO_INCREMENT=8 DEFAULT CHARSET=latin1;

-- Donn√©es de `flux_financier`
INSERT INTO `flux_financier` (`id`,`date`,`mois`,`libele`,`prix`,`type`,`description`,`id_aep`) VALUES ('2','2025-05-14','2025-03','mardi','5000','sortie','totototot','1'),('3','2025-05-27','2025-05','aep','14000','sortie','','1'),('4','2025-05-27','2025-05','don de la regie','100000','entree','','1'),('5','2025-05-27','2025-05','Maintenance a Bassessa','15000','sortie','ksbdks doiwoe ewiuew ','1'),('6','2025-05-27','2025-05','tortue','1000','sortie','','6'),('7','2025-05-27','2025-05','voiture','5000','sortie','','6');


-- -----------------------------
-- Structure de la table `impaye`
-- -----------------------------
DROP TABLE IF EXISTS `impaye`;
CREATE TABLE `impaye` (
  `id` int(6) unsigned NOT NULL AUTO_INCREMENT,
  `montant` bigint(20) DEFAULT NULL,
  `est_regle` int(1) DEFAULT '0',
  `id_facture` int(4) unsigned NOT NULL,
  `date_reglement` date DEFAULT NULL,
  PRIMARY KEY (`id`),
  KEY `id_facture` (`id_facture`),
  CONSTRAINT `impaye_ibfk_1` FOREIGN KEY (`id_facture`) REFERENCES `facture` (`id`) ON DELETE CASCADE
) ENGINE=InnoDB AUTO_INCREMENT=211 DEFAULT CHARSET=latin1;

-- Donn√©es de `impaye`
INSERT INTO `impaye` (`id`,`montant`,`est_regle`,`id_facture`,`date_reglement`) VALUES ('1','500','0','46','0000-00-00'),('2','1000','0','46','0000-00-00'),('3','2000','0','46','0000-00-00'),('4','4000','0','46','0000-00-00'),('5','8000','0','46','0000-00-00'),('6','16000','0','46','0000-00-00'),('7','32000','0','46','0000-00-00'),('8','64000','0','46','0000-00-00'),('9','128000','0','46','0000-00-00'),('10','256000','0','46','0000-00-00'),('11','500','0','581','0000-00-00'),('12','500','0','582','0000-00-00'),('13','20510','0','584','0000-00-00'),('14','920','0','585','0000-00-00'),('15','8720','0','586','0000-00-00'),('16','1609','0','587','0000-00-00'),('17','500','0','589','0000-00-00'),('18','500','0','590','0000-00-00'),('19','4100','0','591','0000-00-00'),('20','500','0','592','0000-00-00'),('21','500','0','593','0000-00-00'),('22','1369','0','595','0000-00-00'),('23','530','0','596','0000-00-00'),('24','500','0','603','0000-00-00'),('25','800','0','604','0000-00-00'),('26','500','0','606','0000-00-00'),('27','1010','0','613','0000-00-00'),('28','590','0','615','0000-00-00'),('29','1610','0','616','0000-00-00'),('30','920','0','617','0000-00-00'),('31','500','0','618','0000-00-00'),('32','1130','0','619','0000-00-00'),('33','500','0','622','0000-00-00'),('34','500','0','623','0000-00-00'),('35','1340','0','624','0000-00-00'),('36','500','0','625','0000-00-00'),('37','1790','0','626','0000-00-00'),('38','500','0','627','0000-00-00'),('39','589','0','628','0000-00-00'),('40','2360','0','630','0000-00-00'),('41','500','0','631','0000-00-00'),('42','500','0','635','0000-00-00'),('43','500','0','638','0000-00-00'),('44','800','0','644','0000-00-00'),('45','2539','0','652','0000-00-00'),('46','800','0','656','0000-00-00'),('47','950','0','669','0000-00-00'),('48','500','0','676','0000-00-00'),('49','500','0','682','0000-00-00'),('50','500','0','688','0000-00-00'),('51','500','0','694','0000-00-00'),('52','1400','0','695','0000-00-00'),('53','500','0','712','0000-00-00'),('54','619','0','713','0000-00-00'),('55','500','0','714','0000-00-00'),('56','500','0','715','0000-00-00'),('57','500','0','721','0000-00-00'),('58','920','0','725','0000-00-00'),('59','500','0','742','0000-00-00'),('60','619','0','743','0000-00-00'),('61','500','0','744','0000-00-00'),('62','500','0','745','0000-00-00'),('63','500','0','751','0000-00-00'),('64','920','0','755','0000-00-00'),('65','950','0','761','0000-00-00'),('66','740','0','771','0000-00-00'),('67','1250','0','773','0000-00-00'),('68','500','0','775','0000-00-00'),('69','1580','0','583','0000-00-00'),('70','2359','0','588','0000-00-00'),('71','5420','0','597','0000-00-00'),('72','500','0','600','0000-00-00'),('73','500','0','602','0000-00-00'),('74','500','0','605','0000-00-00'),('75','500','0','607','0000-00-00'),('76','500','0','609','0000-00-00'),('77','1940','0','611','0000-00-00'),('78','8479','0','620','0000-00-00'),('79','500','0','621','0000-00-00'),('80','829','0','632','0000-00-00'),('81','1700','0','636','0000-00-00'),('82','2360','0','639','0000-00-00'),('83','14509','0','641','0000-00-00'),('84','5870','0','642','0000-00-00'),('85','500','0','645','0000-00-00'),('86','500','0','647','0000-00-00'),('87','3229','0','648','0000-00-00'),('88','500','0','649','0000-00-00'),('89','949','0','651','0000-00-00'),('90','529','0','655','0000-00-00'),('91','500','0','659','0000-00-00'),('92','500','0','660','0000-00-00'),('93','1520','0','662','0000-00-00'),('94','500','0','664','0000-00-00'),('95','2150','0','666','0000-00-00'),('96','2539','0','671','0000-00-00'),('97','500','0','674','0000-00-00'),('98','17420','0','675','0000-00-00'),('99','1429','0','677','0000-00-00'),('100','2900','0','678','0000-00-00'),('101','3409','0','679','0000-00-00'),('102','500','0','681','0000-00-00'),('103','500','0','684','0000-00-00'),('104','500','0','685','0000-00-00'),('105','1069','0','687','0000-00-00'),('106','500','0','690','0000-00-00'),('107','500','0','697','0000-00-00'),('108','500','0','698','0000-00-00'),('109','1760','0','700','0000-00-00'),('110','500','0','701','0000-00-00'),('111','500','0','702','0000-00-00'),('112','1610','0','703','0000-00-00'),('113','1400','0','707','0000-00-00'),('114','500','0','708','0000-00-00'),('115','500','0','709','0000-00-00'),('116','500','0','710','0000-00-00'),('117','1100','0','711','0000-00-00'),('118','180769','0','719','0000-00-00'),('119','3680','0','720','0000-00-00'),('120','23030','0','722','0000-00-00'),('121','1519','0','723','0000-00-00'),('122','3619','0','724','0000-00-00'),('123','500','0','726','0000-00-00'),('124','1489','0','729','0000-00-00'),('125','3320','0','730','0000-00-00'),('126','500','0','731','0000-00-00'),('127','500','0','732','0000-00-00'),('128','1610','0','733','0000-00-00'),('129','1400','0','737','0000-00-00'),('130','500','0','738','0000-00-00'),('131','500','0','739','0000-00-00'),('132','500','0','740','0000-00-00'),('133','1100','0','741','0000-00-00'),('134','180769','0','749','0000-00-00'),('135','3680','0','750','0000-00-00'),('136','23030','0','752','0000-00-00'),('137','1519','0','753','0000-00-00'),('138','3619','0','754','0000-00-00'),('139','500','0','756','0000-00-00'),('140','1489','0','759','0000-00-00'),('141','3320','0','760','0000-00-00'),('142','1400','0','764','0000-00-00'),('143','500','0','766','0000-00-00'),('144','559','0','768','0000-00-00'),('145','1190','0','774','0000-00-00'),('146','5930','0','776','0000-00-00'),('147','500','0','777','0000-00-00'),('148','3110','0','778','0000-00-00'),('149','3259','0','594','0000-00-00'),('150','1220','0','598','0000-00-00'),('151','500','0','599','0000-00-00'),('152','500','0','601','0000-00-00'),('153','500','0','608','0000-00-00'),('154','650','0','610','0000-00-00'),('155','4760','0','612','0000-00-00'),('156','13160','0','614','0000-00-00'),('157','500','0','629','0000-00-00'),('158','800','0','633','0000-00-00'),('159','8719','0','634','0000-00-00'),('160','500','0','637','0000-00-00'),('161','3050','0','640','0000-00-00'),('162','500','0','643','0000-00-00'),('163','7520','0','646','0000-00-00'),('164','2930','0','650','0000-00-00'),('165','1790','0','653','0000-00-00'),('166','2779','0','654','0000-00-00'),('167','2479','0','657','0000-00-00'),('168','500','0','658','0000-00-00'),('169','5600','0','661','0000-00-00'),('170','500','0','663','0000-00-00'),('171','2779','0','665','0000-00-00'),('172','1400','0','667','0000-00-00'),('173','950','0','668','0000-00-00'),('174','11300','0','670','0000-00-00'),('175','500','0','672','0000-00-00'),('176','1309','0','673','0000-00-00'),('177','500','0','680','0000-00-00'),('178','2750','0','683','0000-00-00'),('179','650','0','686','0000-00-00'),('180','500','0','689','0000-00-00'),('181','7729','0','691','0000-00-00'),('182','500','0','692','0000-00-00'),('183','1760','0','693','0000-00-00'),('184','500','0','696','0000-00-00'),('185','1039','0','699','0000-00-00'),('186','830','0','704','0000-00-00'),('187','4400','0','705','0000-00-00'),('188','500','0','706','0000-00-00'),('189','1340','0','717','0000-00-00'),('190','500','0','718','0000-00-00'),('191','709','0','727','0000-00-00'),('192','650','0','728','0000-00-00'),('193','830','0','734','0000-00-00'),('194','4400','0','735','0000-00-00'),('195','500','0','736','0000-00-00'),('196','1340','0','747','0000-00-00'),('197','500','0','748','0000-00-00'),('198','709','0','757','0000-00-00'),('199','650','0','758','0000-00-00'),('200','5329','0','762','0000-00-00'),('201','500','0','763','0000-00-00'),('202','500','0','765','0000-00-00'),('203','8660','0','767','0000-00-00'),('204','1400','0','769','0000-00-00'),('205','1189','0','770','0000-00-00'),('206','1400','0','772','0000-00-00'),('207','500','0','779','0000-00-00'),('208','2209','0','716','0000-00-00'),('209','2209','0','746','0000-00-00'),('210','500','0','780','0000-00-00');


-- -----------------------------
-- Structure de la table `indexes`
-- -----------------------------
DROP TABLE IF EXISTS `indexes`;
CREATE TABLE `indexes` (
  `id` int(6) unsigned NOT NULL AUTO_INCREMENT,
  `id_compteur` int(5) unsigned NOT NULL,
  `id_mois_facturation` int(3) unsigned NOT NULL,
  `ancien_index` decimal(8,2) NOT NULL,
  `nouvel_index` decimal(7,2) unsigned NOT NULL,
  `message` text,
  PRIMARY KEY (`id`),
  KEY `fk_compteur_indexes` (`id_compteur`),
  KEY `fk_mois_facturatio_indexes` (`id_mois_facturation`),
  CONSTRAINT `fk_compteur_indexes` FOREIGN KEY (`id_compteur`) REFERENCES `compteur` (`id`) ON DELETE CASCADE,
  CONSTRAINT `fk_mois_facturatio_indexes` FOREIGN KEY (`id_mois_facturation`) REFERENCES `mois_facturation` (`id`) ON DELETE CASCADE
) ENGINE=InnoDB AUTO_INCREMENT=1004 DEFAULT CHARSET=latin1;

-- Donn√©es de `indexes`
INSERT INTO `indexes` (`id`,`id_compteur`,`id_mois_facturation`,`ancien_index`,`nouvel_index`,`message`) VALUES ('1','1','1','10.03','12.50',''),('2','2','1','0.00','3.60',''),('3','4','1','0.00','5.10',''),('4','5','1','0.00','0.00',''),('5','3','1','5.30','8.20',''),('18','1','5','12.50','14.10',''),('19','2','5','3.60','7.20',''),('20','4','5','5.10','6.80',''),('21','3','5','11.10','11.10',''),('22','1','6','14.10','14.10',''),('23','2','6','7.20','7.20',''),('24','4','6','6.80','6.80',''),('25','3','6','11.10','11.10',''),('26','1','7','14.10','17.60',''),('27','2','7','7.20','10.10',''),('28','4','7','6.80','13.20',''),('29','6','7','1.50','3.90',''),('30','3','7','11.10','13.09',''),('31','1','8','17.60','20.30',''),('32','2','8','10.10','12.10',''),('33','4','8','13.20','15.10',''),('34','6','8','3.90','5.20',''),('35','3','8','13.09','20.00',''),('36','1','9','20.30','21.50',''),('37','2','9','12.10','13.90',''),('38','4','9','15.10','18.30',''),('39','6','9','5.20','6.10',''),('40','3','9','20.00','28.00',''),('41','1','10','21.50','23.90',''),('42','2','10','13.90','16.30',''),('43','4','10','18.30','21.10',''),('44','6','10','6.10','7.30',''),('45','7','10','3.60','6.30',''),('46','3','10','28.00','32.10',''),('47','1','11','23.90','24.00',''),('48','2','11','16.30','18.00',''),('49','4','11','21.10','23.90',''),('50','8','11','2.20','2.20',''),('51','6','11','7.30','11.20',''),('52','7','11','6.30','6.30',''),('53','3','11','32.10','36.00',''),('54','1','12','24.00','27.00',''),('55','2','12','18.00','20.00',''),('56','4','12','23.90','25.00',''),('57','8','12','2.20','2.20',''),('58','6','12','11.20','11.20',''),('59','7','12','6.30','6.30',''),('60','9','12','3.50','3.50',''),('61','3','12','36.00','40.00',''),('110','10','19','1.50','5.50',''),('111','11','19','0.00','3.00',''),('403','271','27','-27.57','13.10',''),('404','272','27','47.90','47.90',''),('405','273','27','299.20','299.20',''),('406','274','27','447.90','447.90',''),('407','275','27','131.32','133.90',''),('408','276','27','177.93','181.90',''),('409','277','27','143.00','143.00',''),('410','278','27','181.40','181.40',''),('411','279','27','79.10','79.10',''),('412','280','27','36.70','36.70',''),('413','281','27','439.00','459.00',''),('414','282','27','406.37','461.00',''),('415','283','27','112.20','112.20',''),('416','284','27','332.33','348.00',''),('417','285','27','366.60','366.60',''),('418','286','27','47.10','47.10',''),('419','287','27','50.17','61.40',''),('420','288','27','125.30','137.40',''),('421','289','27','393.60','393.60',''),('422','290','27','21.50','21.50',''),('423','291','27','-3.48','17.90',''),('424','292','27','97.50','97.50',''),('425','293','27','-11.67','67.50',''),('426','294','27','178.52','183.70',''),('427','295','27','157.70','310.50',''),('428','296','27','-39.50','50.00',''),('429','297','27','-37.20','3.80',''),('430','298','27','-44.80','22.70',''),('431','299','27','-241.23','334.10',''),('432','300','27','77.00','77.00',''),('433','301','27','196.70','196.70',''),('434','302','27','63.50','85.50',''),('435','303','27','94.97','95.00',''),('436','304','27','748.77','1036.80',''),('437','305','27','25.83','27.40',''),('438','306','27','62.95','63.00',''),('439','307','27','0.10','0.10',''),('440','308','27','426.20','426.20',''),('441','309','27','81.63','95.80',''),('442','310','27','81.30','128.40',''),('443','311','27','94.50','96.20',''),('444','312','27','98.00','98.00',''),('445','313','27','55.60','55.60',''),('446','314','27','0.43','3.50',''),('447','315','27','-33.00','14.50',''),('448','316','27','22.70','22.70',''),('449','317','27','46.85','48.50',''),('450','318','27','41.07','66.90',''),('451','319','27','-12.83','19.00',''),('452','320','27','53.88','53.90',''),('453','321','27','32.70','32.70',''),('454','322','27','204.10','204.10',''),('455','323','27','499.10','524.00',''),('456','324','27','237.02','237.30',''),('457','325','27','43.02','69.80',''),('458','326','27','81.07','81.10',''),('459','327','27','-42.97','16.20',''),('460','328','27','67.93','74.60',''),('461','329','27','256.10','257.40',''),('462','330','27','148.07','152.10',''),('463','331','27','1078.67','1364.40',''),('464','332','27','190.38','190.40',''),('465','333','27','540.30','540.30',''),('466','334','27','23.50','23.50',''),('467','335','27','20.10','20.10',''),('468','336','27','47.37','1146.60',''),('469','337','27','63.80','63.80',''),('470','338','27','124.12','133.10',''),('471','339','27','-13.47','3.20',''),('472','340','27','116.92','126.70',''),('473','341','27','7.70','7.70',''),('474','342','27','-77.58','61.30',''),('475','343','27','148.60','148.60',''),('476','344','27','91.32','93.70',''),('477','345','27','-19.20','10.80',''),('478','346','27','51.40','51.40',''),('479','347','27','62.00','62.50',''),('480','348','27','58.35','60.50',''),('481','349','27','0.47','115.50',''),('482','350','27','-48.23','25.10',''),('483','351','27','425.00','425.00',''),('484','352','27','97.22','97.30',''),('485','353','27','116.68','120.00',''),('486','354','27','-38.10','52.40',''),('487','355','27','270.07','292.30',''),('488','356','27','85.28','85.30',''),('489','357','27','1.55','10.00',''),('490','358','27','35.87','36.40',''),('491','359','27','65.52','69.30',''),('492','360','27','161.43','174.30',''),('493','361','27','92.40','92.40',''),('494','362','27','126.77','168.10',''),('495','363','27','17.33','48.10',''),('496','364','27','28.70','355.20',''),('497','365','27','46.30','240.90',''),('498','366','27','-19.87','8.30',''),('499','367','27','84.83','89.90',''),('500','368','27','307.60','307.60',''),('501','369','27','480.63','497.50',''),('502','370','27','17.90','29.60',''),('503','371','27','20.23','22.20',''),('504','372','27','13.92','14.20',''),('505','373','27','309.03','593.20',''),('506','374','27','0.43','25.50',''),('507','375','27','-5.90','13.80',''),('508','376','27','25.40','25.40',''),('509','377','27','41.02','50.40',''),('510','378','27','12.03','13.70',''),('511','379','27','-16.33','7.50',''),('512','380','27','-66.40','82.40',''),('513','381','27','143.88','143.90',''),('514','382','27','-36.33','10.00',''),('515','383','27','89.82','99.80',''),('516','384','27','-105.07','140.60',''),('517','385','27','145.90','145.90',''),('518','386','27','16.57','19.90',''),('519','387','27','619.03','630.70',''),('520','388','27','-13.70','1.30',''),('521','389','27','32.55','32.60',''),('522','390','27','42.65','47.80',''),('523','391','27','160.17','160.20',''),('524','392','27','-19.67','232.50',''),('525','393','27','89.50','89.50',''),('526','394','27','0.27','22.40',''),('527','395','27','193.65','193.70',''),('528','396','27','128.25','132.50',''),('529','397','27','34.60','34.60',''),('530','398','27','35.00','35.00',''),('531','399','27','115.40','115.40',''),('532','400','27','-8.15','10.80',''),('533','401','27','26.05','34.30',''),('534','402','27','68.20','76.70',''),('535','403','27','20.70','22.80',''),('536','404','27','1.75','3.40',''),('537','405','27','14.65','16.00',''),('538','406','27','33.97','35.60',''),('539','407','27','28.93','32.40',''),('540','408','27','225.47','358.20',''),('541','409','27','7106.50','7113.10',''),('542','410','27','22.88','22.90',''),('543','411','27','33.30','33.30',''),('544','412','27','-15.00','524.80',''),('545','413','27','18.80','18.80',''),('546','414','27','79.70','98.70',''),('547','415','27','7.08','7.10',''),('548','416','27','56.80','56.80',''),('549','417','27','9.98','10.00',''),('550','418','27','3.27','6.30',''),('551','419','27','20.55','20.60',''),('552','420','27','34.27','75.60',''),('553','421','27','160.17','160.20',''),('554','422','27','-19.67','232.50',''),('555','423','27','89.50','89.50',''),('556','424','27','0.27','22.40',''),('557','425','27','193.65','193.70',''),('558','426','27','128.25','132.50',''),('559','427','27','34.60','34.60',''),('560','428','27','35.00','35.00',''),('561','429','27','115.40','115.40',''),('562','430','27','-8.15','10.80',''),('563','431','27','26.05','34.30',''),('564','432','27','68.20','76.70',''),('565','433','27','20.70','22.80',''),('566','434','27','1.75','3.40',''),('567','435','27','14.65','16.00',''),('568','436','27','33.97','35.60',''),('569','437','27','28.93','32.40',''),('570','438','27','225.47','358.20',''),('571','439','27','7106.50','7113.10',''),('572','440','27','22.88','22.90',''),('573','441','27','33.30','33.30',''),('574','442','27','-15.00','524.80',''),('575','443','27','18.80','18.80',''),('576','444','27','79.70','98.70',''),('577','445','27','7.08','7.10',''),('578','446','27','56.80','56.80',''),('579','447','27','9.98','10.00',''),('580','448','27','3.27','6.30',''),('581','449','27','20.55','20.60',''),('582','450','27','34.27','75.60',''),('583','451','27','9.30','9.30',''),('584','452','27','88.53','88.90',''),('585','453','27','-1.67','0.10',''),('586','454','27','44.50','46.20',''),('587','455','27','3.40','5.00',''),('588','456','27','16.52','21.50',''),('589','457','27','-9.90','93.10',''),('590','458','27','3.27','7.40',''),('591','459','27','-3.23','4.90',''),('592','460','27','6.85','6.90',''),('593','461','27','0.60','4.80',''),('594','462','27','-3.23','3.50',''),('595','463','27','8.68','8.70',''),('596','464','27','4.10','4.40',''),('597','465','27','0.10','0.10',''),('598','466','27','10.90','10.90',''),('599','467','27','0.10','0.10',''),('600','468','27','3.10','3.10',''),('601','469','27','0.40','0.40',''),('602','470','27','0.20','0.20',''),('603','271','28','13.10','13.10',''),('604','272','28','47.90','47.90',''),('605','273','28','299.20','302.80',''),('606','274','28','447.90','514.60',''),('607','275','28','133.90','135.30',''),('608','276','28','181.90','209.30',''),('609','277','28','143.00','146.70',''),('610','278','28','181.40','187.60',''),('611','279','28','79.10','79.10',''),('612','280','28','36.70','36.70',''),('613','281','28','459.00','471.00',''),('614','282','28','461.00','461.00',''),('615','283','28','112.20','112.20',''),('616','284','28','348.00','357.20',''),('617','285','28','366.60','369.50',''),('618','286','28','47.10','47.20',''),('619','287','28','61.40','77.80',''),('620','288','28','137.40','139.80',''),('621','289','28','393.60','393.60',''),('622','290','28','21.50','21.50',''),('623','291','28','17.90','17.90',''),('624','292','28','97.50','97.50',''),('625','293','28','67.50','67.50',''),('626','294','28','183.70','184.70',''),('627','295','28','310.50','310.50',''),('628','296','28','50.00','50.00',''),('629','297','28','3.80','3.80',''),('630','298','28','22.70','22.70',''),('631','299','28','334.10','334.10',''),('632','300','28','77.00','77.50',''),('633','301','28','196.70','201.50',''),('634','302','28','85.50','99.70',''),('635','303','28','95.00','96.70',''),('636','304','28','1036.80','1079.00',''),('637','305','28','27.40','27.70',''),('638','306','28','63.00','66.70',''),('639','307','28','0.10','1.50',''),('640','308','28','426.20','426.20',''),('641','309','28','95.80','97.90',''),('642','310','28','128.40','155.00',''),('643','311','28','96.20','96.20',''),('644','312','28','98.00','98.00',''),('645','313','28','55.60','55.60',''),('646','314','28','3.50','6.30',''),('647','315','28','14.50','14.50',''),('648','316','28','22.70','27.00',''),('649','317','28','48.50','48.50',''),('650','318','28','66.90','67.20',''),('651','319','28','19.00','19.00',''),('652','320','28','53.90','60.10',''),('653','321','28','32.70','32.70',''),('654','322','28','204.10','205.20',''),('655','323','28','524.00','525.00',''),('656','324','28','237.30','264.70',''),('657','325','28','69.80','69.80',''),('658','326','28','81.10','85.10',''),('659','327','28','16.20','16.20',''),('660','328','28','74.60','74.60',''),('661','329','28','257.40','263.60',''),('662','330','28','152.10','160.60',''),('663','331','28','1364.40','1411.10',''),('664','332','28','190.40','208.30',''),('665','333','28','540.30','540.30',''),('666','334','28','23.50','24.50',''),('667','335','28','20.10','20.10',''),('668','336','28','1146.60','1170.00',''),('669','337','28','63.80','63.80',''),('670','338','28','133.10','142.20',''),('671','339','28','3.20','3.20',''),('672','340','28','126.70','134.80',''),('673','341','28','7.70','9.20',''),('674','342','28','61.30','68.10',''),('675','343','28','148.60','152.90',''),('676','344','28','93.70','101.30',''),('677','345','28','10.80','10.90',''),('678','346','28','51.40','52.40',''),('679','347','28','62.50','69.10',''),('680','348','28','60.50','60.50',''),('681','349','28','115.50','115.50',''),('682','350','28','25.10','25.10',''),('683','351','28','425.00','442.00',''),('684','352','28','97.30','100.70',''),('685','353','28','120.00','120.00',''),('686','354','28','52.40','52.40',''),('687','355','28','292.30','299.90',''),('688','356','28','85.30','90.80',''),('689','357','28','10.00','13.00',''),('690','358','28','36.40','37.90',''),('691','359','28','69.30','70.80',''),('692','360','28','174.30','210.30',''),('693','361','28','92.40','99.20',''),('694','362','28','168.10','168.10',''),('695','363','28','48.10','50.80',''),('696','364','28','355.20','355.20',''),('697','365','28','240.90','297.30',''),('698','366','28','8.30','8.30',''),('699','367','28','89.90','93.00',''),('700','368','28','307.60','315.60',''),('701','369','28','497.50','507.20',''),('702','370','28','29.60','29.60',''),('703','371','28','22.20','22.20',''),('704','372','28','14.20','14.20',''),('705','373','28','593.20','600.70',''),('706','374','28','25.50','25.50',''),('707','375','28','13.80','13.80',''),('708','376','28','25.40','25.90',''),('709','377','28','50.40','52.30',''),('710','378','28','13.70','13.70',''),('711','379','28','7.50','7.50',''),('712','380','28','82.40','82.40',''),('713','381','28','143.90','168.00',''),('714','382','28','10.00','10.00',''),('715','383','28','99.80','104.00',''),('716','384','28','140.60','140.60',''),('717','385','28','145.90','148.90',''),('718','386','28','19.90','19.90',''),('719','387','28','630.70','630.70',''),('720','388','28','1.30','1.30',''),('721','389','28','32.60','34.40',''),('722','390','28','47.80','52.00',''),('723','391','28','160.20','160.20',''),('724','392','28','232.50','232.50',''),('725','393','28','89.50','93.20',''),('726','394','28','22.40','23.50',''),('727','395','28','193.70','206.70',''),('728','396','28','132.50','132.50',''),('729','397','28','34.60','37.60',''),('730','398','28','35.00','35.00',''),('731','399','28','115.40','115.40',''),('732','400','28','10.80','10.80',''),('733','401','28','34.30','36.30',''),('734','402','28','76.70','76.70',''),('735','403','28','22.80','23.20',''),('736','404','28','3.40','3.40',''),('737','405','28','16.00','16.00',''),('738','406','28','35.60','41.30',''),('739','407','28','32.40','35.20',''),('740','408','28','358.20','358.20',''),('741','409','28','7113.10','7714.00',''),('742','410','28','22.90','33.50',''),('743','411','28','33.30','33.30',''),('744','412','28','524.80','599.90',''),('745','413','28','18.80','22.20',''),('746','414','28','98.70','109.10',''),('747','415','28','7.10','8.50',''),('748','416','28','56.80','56.80',''),('749','417','28','10.00','10.70',''),('750','418','28','6.30','6.80',''),('751','419','28','20.60','23.90',''),('752','420','28','75.60','85.00',''),('753','421','28','160.20','160.20',''),('754','422','28','232.50','232.50',''),('755','423','28','89.50','93.20',''),('756','424','28','22.40','23.50',''),('757','425','28','193.70','206.70',''),('758','426','28','132.50','132.50',''),('759','427','28','34.60','37.60',''),('760','428','28','35.00','35.00',''),('761','429','28','115.40','115.40',''),('762','430','28','10.80','10.80',''),('763','431','28','34.30','36.30',''),('764','432','28','76.70','76.70',''),('765','433','28','22.80','23.20',''),('766','434','28','3.40','3.40',''),('767','435','28','16.00','16.00',''),('768','436','28','35.60','41.30',''),('769','437','28','32.40','35.20',''),('770','438','28','358.20','358.20',''),('771','439','28','7113.10','7714.00',''),('772','440','28','22.90','33.50',''),('773','441','28','33.30','33.30',''),('774','442','28','524.80','599.90',''),('775','443','28','18.80','22.20',''),('776','444','28','98.70','109.10',''),('777','445','28','7.10','8.50',''),('778','446','28','56.80','56.80',''),('779','447','28','10.00','10.70',''),('780','448','28','6.30','6.80',''),('781','449','28','20.60','23.90',''),('782','450','28','75.60','85.00',''),('783','451','28','9.30','10.80',''),('784','452','28','88.90','105.00',''),('785','453','28','0.10','0.10',''),('786','454','28','46.20','49.20',''),('787','455','28','5.00','5.00',''),('788','456','28','21.50','21.50',''),('789','457','28','93.10','120.30',''),('790','458','28','7.40','7.60',''),('791','459','28','4.90','7.90',''),('792','460','28','6.90','9.20',''),('793','461','28','4.80','5.60',''),('794','462','28','3.50','6.50',''),('795','463','28','8.70','11.20',''),('796','464','28','4.40','6.70',''),('797','465','28','0.10','0.10',''),('798','466','28','10.90','29.00',''),('799','467','28','0.10','0.10',''),('800','468','28','3.10','11.80',''),('801','469','28','0.40','0.40',''),('802','470','28','0.20','0.20',''),('803','271','29','13.10','13.10',''),('804','272','29','47.90','47.90',''),('805','274','29','514.60','514.60',''),('806','275','29','135.30','135.30',''),('807','276','29','209.30','209.30',''),('808','277','29','146.70','146.70',''),('809','279','29','79.10','79.10',''),('810','280','29','36.70','36.70',''),('811','281','29','471.00','471.00',''),('812','282','29','461.00','461.00',''),('813','283','29','112.20','112.20',''),('814','285','29','369.50','369.50',''),('815','286','29','47.20','47.20',''),('816','293','29','67.50','67.50',''),('817','294','29','184.70','184.70',''),('818','296','29','50.00','50.00',''),('819','303','29','96.70','96.70',''),('820','305','29','27.70','27.70',''),('821','306','29','66.70','66.70',''),('822','307','29','1.50','1.50',''),('823','308','29','426.20','426.20',''),('824','309','29','97.90','97.90',''),('825','312','29','98.00','98.00',''),('826','313','29','55.60','55.60',''),('827','314','29','6.30','6.30',''),('828','315','29','14.50','14.50',''),('829','316','29','27.00','27.00',''),('830','317','29','48.50','48.50',''),('831','318','29','67.20','67.20',''),('832','320','29','60.10','60.10',''),('833','321','29','32.70','32.70',''),('834','325','29','69.80','69.80',''),('835','328','29','74.60','74.60',''),('836','334','29','24.50','24.50',''),('837','342','29','68.10','68.10',''),('838','346','29','52.40','52.40',''),('839','359','29','70.80','70.80',''),('840','366','29','8.30','8.30',''),('841','372','29','14.20','14.20',''),('842','378','29','13.70','13.70',''),('843','384','29','140.60','140.60',''),('844','385','29','148.90','148.90',''),('845','402','29','76.70','76.70',''),('846','403','29','23.20','23.20',''),('847','404','29','3.40','3.40',''),('848','405','29','16.00','16.00',''),('849','411','29','33.30','33.30',''),('850','415','29','8.50','8.50',''),('851','432','29','76.70','76.70',''),('852','433','29','23.20','23.20',''),('853','434','29','3.40','3.40',''),('854','435','29','16.00','16.00',''),('855','441','29','33.30','33.30',''),('856','445','29','8.50','8.50',''),('857','451','29','10.80','10.80',''),('858','461','29','5.60','5.60',''),('859','463','29','11.20','11.20',''),('860','465','29','0.10','0.10',''),('861','273','29','302.80','302.80',''),('862','278','29','187.60','187.60',''),('863','287','29','77.80','77.80',''),('864','290','29','21.50','21.50',''),('865','292','29','97.50','97.50',''),('866','295','29','310.50','310.50',''),('867','297','29','3.80','3.80',''),('868','299','29','334.10','334.10',''),('869','301','29','201.50','201.50',''),('870','310','29','155.00','155.00',''),('871','311','29','96.20','96.20',''),('872','322','29','205.20','205.20',''),('873','326','29','85.10','85.10',''),('874','329','29','263.60','263.60',''),('875','331','29','1411.10','1411.10',''),('876','332','29','208.30','208.30',''),('877','335','29','20.10','20.10',''),('878','337','29','63.80','63.80',''),('879','338','29','142.20','142.20',''),('880','339','29','3.20','3.20',''),('881','341','29','9.20','9.20',''),('882','345','29','10.90','10.90',''),('883','349','29','115.50','115.50',''),('884','350','29','25.10','25.10',''),('885','352','29','100.70','100.70',''),('886','354','29','52.40','52.40',''),('887','356','29','90.80','90.80',''),('888','361','29','99.20','99.20',''),('889','364','29','355.20','355.20',''),('890','365','29','297.30','297.30',''),('891','367','29','93.00','93.00',''),('892','368','29','315.60','315.60',''),('893','369','29','507.20','507.20',''),('894','371','29','22.20','22.20',''),('895','374','29','25.50','25.50',''),('896','375','29','13.80','13.80',''),('897','377','29','52.30','52.30',''),('898','380','29','82.40','82.40',''),('899','387','29','630.70','630.70',''),('900','388','29','1.30','1.30',''),('901','390','29','52.00','52.00',''),('902','391','29','160.20','160.20',''),('903','392','29','232.50','232.50',''),('904','393','29','93.20','93.20',''),('905','397','29','37.60','37.60',''),('906','398','29','35.00','35.00',''),('907','399','29','115.40','115.40',''),('908','400','29','10.80','10.80',''),('909','401','29','36.30','36.30',''),('910','409','29','7714.00','7714.00',''),('911','410','29','33.50','33.50',''),('912','412','29','599.90','599.90',''),('913','413','29','22.20','22.20',''),('914','414','29','109.10','109.10',''),('915','416','29','56.80','56.80',''),('916','419','29','23.90','23.90',''),('917','420','29','85.00','85.00',''),('918','421','29','160.20','160.20',''),('919','422','29','232.50','232.50',''),('920','423','29','93.20','93.20',''),('921','427','29','37.60','37.60',''),('922','428','29','35.00','35.00',''),('923','429','29','115.40','115.40',''),('924','430','29','10.80','10.80',''),('925','431','29','36.30','36.30',''),('926','439','29','7714.00','7714.00',''),('927','440','29','33.50','33.50',''),('928','442','29','599.90','599.90',''),('929','443','29','22.20','22.20',''),('930','444','29','109.10','109.10',''),('931','446','29','56.80','56.80',''),('932','449','29','23.90','23.90',''),('933','450','29','85.00','85.00',''),('934','454','29','49.20','49.20',''),('935','456','29','21.50','21.50',''),('936','458','29','7.60','7.60',''),('937','464','29','6.70','6.70',''),('938','466','29','29.00','29.00',''),('939','467','29','0.10','0.10',''),('940','468','29','11.80','11.80',''),('941','471','29','12.00','12.00',''),('942','284','29','357.20','357.20',''),('943','288','29','139.80','139.80',''),('944','289','29','393.60','393.60',''),('945','291','29','17.90','17.90',''),('946','298','29','22.70','22.70',''),('947','300','29','77.50','77.50',''),('948','302','29','99.70','99.70',''),('949','304','29','1079.00','1079.00',''),('950','319','29','19.00','19.00',''),('951','323','29','525.00','525.00',''),('952','324','29','264.70','264.70',''),('953','327','29','16.20','16.20',''),('954','330','29','160.60','160.60',''),('955','333','29','540.30','540.30',''),('956','336','29','1170.00','1170.00',''),('957','340','29','134.80','134.80',''),('958','343','29','152.90','152.90',''),('959','344','29','101.30','101.30',''),('960','347','29','69.10','69.10',''),('961','348','29','60.50','60.50',''),('962','351','29','442.00','442.00',''),('963','353','29','120.00','120.00',''),('964','355','29','299.90','299.90',''),('965','357','29','13.00','13.00',''),('966','358','29','37.90','37.90',''),('967','360','29','210.30','210.30',''),('968','362','29','168.10','168.10',''),('969','363','29','50.80','50.80',''),('970','370','29','29.60','29.60',''),('971','373','29','600.70','600.70',''),('972','376','29','25.90','25.90',''),('973','379','29','7.50','7.50',''),('974','381','29','168.00','168.00',''),('975','382','29','10.00','10.00',''),('976','383','29','104.00','104.00',''),('977','386','29','19.90','19.90',''),('978','389','29','34.40','34.40',''),('979','394','29','23.50','23.50',''),('980','395','29','206.70','206.70',''),('981','396','29','132.50','132.50',''),('982','407','29','35.20','35.20',''),('983','408','29','358.20','358.20',''),('984','417','29','10.70','10.70',''),('985','418','29','6.80','6.80',''),('986','424','29','23.50','23.50',''),('987','425','29','206.70','206.70',''),('988','426','29','132.50','132.50',''),('989','437','29','35.20','35.20',''),('990','438','29','358.20','358.20',''),('991','447','29','10.70','10.70',''),('992','448','29','6.80','6.80',''),('993','452','29','105.00','105.00',''),('994','453','29','0.10','0.10',''),('995','455','29','5.00','5.00',''),('996','457','29','120.30','120.30',''),('997','459','29','7.90','7.90',''),('998','460','29','9.20','9.20',''),('999','462','29','6.50','6.50',''),('1000','469','29','0.40','0.40',''),('1001','406','29','41.30','41.30',''),('1002','436','29','41.30','41.30',''),('1003','470','29','0.20','0.20','');


-- -----------------------------
-- Structure de la table `intervention_rh`
-- -----------------------------
DROP TABLE IF EXISTS `intervention_rh`;
CREATE TABLE `intervention_rh` (
  `intervention_id` int(11) NOT NULL,
  `rh_id` int(11) NOT NULL,
  `role_sur_intervention` varchar(120) DEFAULT NULL,
  `heures_prevues` decimal(12,2) DEFAULT '0.00',
  `heures_reelles` decimal(12,2) DEFAULT '0.00',
  `cout_prevu` decimal(14,2) DEFAULT '0.00',
  `cout_reel` decimal(14,2) DEFAULT '0.00',
  PRIMARY KEY (`intervention_id`,`rh_id`),
  KEY `idx_irh_rh` (`rh_id`),
  CONSTRAINT `fk_irh_intervention` FOREIGN KEY (`intervention_id`) REFERENCES `interventions` (`id`) ON DELETE CASCADE ON UPDATE CASCADE,
  CONSTRAINT `fk_irh_rh` FOREIGN KEY (`rh_id`) REFERENCES `ressources_humaines` (`id`) ON UPDATE CASCADE
) ENGINE=InnoDB DEFAULT CHARSET=utf8;

-- Donn√©es de `intervention_rh`

-- -----------------------------
-- Structure de la table `intervention_rm`
-- -----------------------------
DROP TABLE IF EXISTS `intervention_rm`;
CREATE TABLE `intervention_rm` (
  `intervention_id` int(11) NOT NULL,
  `rm_id` int(11) NOT NULL,
  `quantite_prevue` decimal(12,2) DEFAULT '0.00',
  `quantite_reelle` decimal(12,2) DEFAULT '0.00',
  `cout_prevu` decimal(14,2) DEFAULT '0.00',
  `cout_reel` decimal(14,2) DEFAULT '0.00',
  PRIMARY KEY (`intervention_id`,`rm_id`),
  KEY `idx_irm_rm` (`rm_id`),
  CONSTRAINT `fk_irm_intervention` FOREIGN KEY (`intervention_id`) REFERENCES `interventions` (`id`) ON DELETE CASCADE ON UPDATE CASCADE,
  CONSTRAINT `fk_irm_rm` FOREIGN KEY (`rm_id`) REFERENCES `ressources_materielles` (`id`) ON UPDATE CASCADE
) ENGINE=InnoDB DEFAULT CHARSET=utf8;

-- Donn√©es de `intervention_rm`

-- -----------------------------
-- Structure de la table `interventions`
-- -----------------------------
DROP TABLE IF EXISTS `interventions`;
CREATE TABLE `interventions` (
  `id` int(11) NOT NULL AUTO_INCREMENT,
  `aep_id` int(11) NOT NULL,
  `titre` varchar(200) NOT NULL,
  `type` varchar(100) NOT NULL,
  `description` text,
  `localisation` varchar(200) DEFAULT NULL,
  `date_debut_prevue` datetime DEFAULT NULL,
  `date_fin_prevue` datetime DEFAULT NULL,
  `date_debut_reelle` datetime DEFAULT NULL,
  `date_fin_reelle` datetime DEFAULT NULL,
  `statut` enum('planifiee','en_cours','terminee','annulee') DEFAULT 'planifiee',
  `cout_estime` decimal(14,2) DEFAULT '0.00',
  `cout_reel` decimal(14,2) DEFAULT '0.00',
  `created_by` int(11) DEFAULT NULL,
  `created_at` datetime DEFAULT NULL,
  `updated_at` datetime DEFAULT NULL,
  PRIMARY KEY (`id`),
  KEY `idx_interv_aep` (`aep_id`),
  KEY `idx_interv_statut` (`statut`),
  KEY `idx_interv_dates` (`date_debut_prevue`,`date_fin_prevue`)
) ENGINE=InnoDB AUTO_INCREMENT=2 DEFAULT CHARSET=utf8;

-- Donn√©es de `interventions`
INSERT INTO `interventions` (`id`,`aep_id`,`titre`,`type`,`description`,`localisation`,`date_debut_prevue`,`date_fin_prevue`,`date_debut_reelle`,`date_fin_reelle`,`statut`,`cout_estime`,`cout_reel`,`created_by`,`created_at`,`updated_at`) VALUES ('1','1','Nettoyage des vanes','maintenances','djjdjdsjksdksd  sjsdksd dskd','Reservoire Nzah','2025-08-13 14:24:00','0000-00-00 00:00:00',NULL,'2025-08-29 14:26:05','terminee','0.00','0.00','7',NULL,NULL);


-- -----------------------------
-- Structure de la table `logs`
-- -----------------------------
DROP TABLE IF EXISTS `logs`;
CREATE TABLE `logs` (
  `id` int(11) NOT NULL AUTO_INCREMENT,
  `user_id` int(11) DEFAULT NULL,
  `page_libelle` varchar(255) DEFAULT NULL,
  `action` varchar(50) DEFAULT NULL,
  `timestamp` datetime DEFAULT NULL,
  PRIMARY KEY (`id`)
) ENGINE=MyISAM AUTO_INCREMENT=45 DEFAULT CHARSET=latin1;

-- Donn√©es de `logs`
INSERT INTO `logs` (`id`,`user_id`,`page_libelle`,`action`,`timestamp`) VALUES ('1',NULL,'page de role','update_role','0000-00-00 00:00:00'),('2',NULL,'role','add_role#4','2025-04-22 18:54:20'),('3',NULL,'role','add_role#5','2025-04-22 18:55:00'),('4',NULL,'role','add_role#6','2025-04-22 18:56:03'),('5',NULL,'role','add_role#7','2025-04-22 18:57:36'),('6',NULL,'role','delete_role','0000-00-00 00:00:00'),('7',NULL,'role','delete_role','0000-00-00 00:00:00'),('8',NULL,'role','delete_role','0000-00-00 00:00:00'),('9',NULL,'role','delete_role','0000-00-00 00:00:00'),('10',NULL,'role','delete_role#4','0000-00-00 00:00:00'),('11',NULL,'page de role','update_role','0000-00-00 00:00:00'),('12',NULL,'role_detail','remove_user_role#1','2025-04-22 21:24:28'),('13',NULL,'role_detail','add_user_role#1','2025-04-22 21:25:06'),('14',NULL,'role','delete_role#2','0000-00-00 00:00:00'),('15',NULL,'role','add_role#8','2025-04-23 13:59:18'),('16',NULL,'role','add_role#9','2025-04-23 13:59:27'),('17',NULL,'role_detail','remove_page_access#1','2025-04-27 11:29:38'),('18',NULL,'role_detail','remove_page_access#1','2025-04-27 11:30:07'),('19',NULL,'role_detail','add_page_access#1#1','2025-04-27 11:33:17'),('20',NULL,'role_detail','add_page_access#8#1','2025-04-27 11:44:32'),('21',NULL,'role_detail','add_user_role#8','2025-04-27 11:48:16'),('22',NULL,'role_detail','add_user_role#1','2025-04-29 12:24:17'),('23',NULL,'role_detail','add_page_access#8#3','2025-04-29 13:01:16'),('24',NULL,'role_detail','add_page_access#8#3','2025-04-29 13:04:42'),('25',NULL,'role_detail','add_page_access#8#3','2025-04-29 13:05:35'),('26',NULL,'role_detail','add_user_role#8','2025-04-29 13:18:57'),('27',NULL,'role_detail','remove_user_role#8','2025-04-29 14:06:40'),('28',NULL,'role_detail','remove_user_role#8','2025-04-29 14:44:20'),('29',NULL,'role_detail','remove_user_role#8','2025-04-29 14:44:35'),('30',NULL,'role_detail','remove_page_access#9','2025-04-29 14:45:31'),('31',NULL,'role_detail','remove_page_access#9','2025-04-29 14:45:44'),('32',NULL,'role_detail','remove_page_access#9','2025-04-29 14:45:58'),('33',NULL,'role','add_role#10','2025-04-29 14:46:57'),('34',NULL,'role','add_role#11','2025-04-30 13:18:27'),('35',NULL,'role_detail','add_user_role#9','2025-05-12 11:39:30'),('36',NULL,'role_detail','add_user_role#9','2025-06-20 12:20:25'),('37',NULL,'role_detail','add_user_role#8','2025-06-20 12:24:57'),('38',NULL,'role_detail','add_user_role#10','2025-06-20 12:38:27'),('39',NULL,'role_detail','add_user_role#1','2025-08-01 12:38:26'),('40',NULL,'role_detail','add_user_role#1','2025-08-01 12:38:37'),('41',NULL,'role_detail','add_user_role#1','2025-08-01 12:38:56'),('42',NULL,'role_detail','add_user_role#1','2025-08-01 12:40:32'),('43',NULL,'role','add_role#12','2025-08-01 12:42:57'),('44',NULL,'role_detail','add_user_role#12','2025-08-01 12:43:07');


-- -----------------------------
-- Structure de la table `mois_facturation`
-- -----------------------------
DROP TABLE IF EXISTS `mois_facturation`;
CREATE TABLE `mois_facturation` (
  `id` int(3) unsigned NOT NULL AUTO_INCREMENT,
  `mois` varchar(32) NOT NULL,
  `date_facturation` date NOT NULL,
  `date_depot` date NOT NULL,
  `id_constante` int(2) unsigned NOT NULL,
  `description` text,
  `est_actif` tinyint(1) NOT NULL,
  `date_releve` date DEFAULT NULL,
  PRIMARY KEY (`id`),
  UNIQUE KEY `unique_id_mois` (`id`,`mois`),
  KEY `id_constante` (`id_constante`),
  CONSTRAINT `mois_facturation_ibfk_1` FOREIGN KEY (`id_constante`) REFERENCES `constante_reseau` (`id`)
) ENGINE=InnoDB AUTO_INCREMENT=30 DEFAULT CHARSET=latin1;

-- Donn√©es de `mois_facturation`
INSERT INTO `mois_facturation` (`id`,`mois`,`date_facturation`,`date_depot`,`id_constante`,`description`,`est_actif`,`date_releve`) VALUES ('1','2025-01','0000-00-00','0000-00-00','1','','0',NULL),('5','2025-02','0000-00-00','0000-00-00','1','','0',NULL),('6','2025-03','0000-00-00','2025-04-02','1','','0',NULL),('7','2025-04','0000-00-00','2025-07-16','1','','0',NULL),('8','2025-05','0000-00-00','2025-05-31','1','','0',NULL),('9','2025-06','0000-00-00','2025-05-30','1','','0','2025-08-02'),('10','2025-07','0000-00-00','2025-08-01','1','','0',NULL),('11','2025-08','0000-00-00','2025-08-31','1','','0',NULL),('12','2025-09','0000-00-00','2025-08-17','1','la pluie tombe','1','2025-08-03'),('19','2025-01','0000-00-00','2025-01-30','4','tout premier moi de l\'aep','1','2025-01-28'),('24','2025-01','0000-00-00','0000-00-00','5','','1',NULL),('27','2020-01','2020-01-29','2020-01-30','8','ce mois ci contien des donnees bizarres','0','2020-01-28'),('28','2025-08','2025-08-29','2025-08-30','9','','0','2025-08-28'),('29','2025-10','0000-00-00','0000-00-00','9','','1',NULL);


-- -----------------------------
-- Structure de la table `page_role_aep`
-- -----------------------------
DROP TABLE IF EXISTS `page_role_aep`;
CREATE TABLE `page_role_aep` (
  `page_id` int(11) NOT NULL DEFAULT '0',
  `role_id` int(11) NOT NULL DEFAULT '0',
  `write_access` int(1) DEFAULT '0',
  PRIMARY KEY (`page_id`,`role_id`),
  KEY `role_id` (`role_id`)
) ENGINE=MyISAM DEFAULT CHARSET=latin1;

-- Donn√©es de `page_role_aep`
INSERT INTO `page_role_aep` (`page_id`,`role_id`,`write_access`) VALUES ('24','1','1'),('25','1','1'),('26','1','1'),('27','1','1'),('28','1','1'),('53','1','1'),('30','1','1'),('31','1','1'),('32','1','1'),('33','1','1'),('34','1','1'),('35','1','1'),('36','1','1'),('37','1','1'),('38','1','1'),('39','1','1'),('40','1','1'),('41','1','1'),('42','1','1'),('43','1','1'),('44','1','1'),('45','1','1'),('46','1','1'),('29','1','1'),('48','1','1'),('49','1','1'),('50','1','1'),('51','1','1'),('52','1','1'),('53','8','0'),('39','8','0'),('38','8','1'),('54','1','1'),('36','10','0'),('33','10','0'),('26','10','0'),('50','9','0'),('43','9','0'),('42','9','0'),('41','9','0'),('40','9','0'),('26','9','0'),('26','8','0'),('54','10','0'),('55','1','1'),('56','1','1'),('26','11','0'),('57','1','1'),('58','1','1'),('59','1','1'),('60','1','1'),('61','1','1'),('62','1','1'),('63','1','1'),('64','1','1'),('65','1','1'),('66','1','1'),('67','1','1'),('68','1','1'),('69','1','1'),('70','1','1'),('71','1','1'),('72','1','1'),('73','1','1'),('74','1','1'),('75','1','1'),('76','1','1'),('77','1','1'),('78','1','1'),('69','9','0'),('70','9','0'),('74','8','0'),('25','12','0'),('26','12','0'),('27','12','0'),('28','12','0'),('29','12','0'),('30','12','0'),('31','12','0'),('32','12','0'),('33','12','0'),('34','12','0'),('35','12','0'),('36','12','0'),('37','12','0'),('38','12','0'),('39','12','0'),('40','12','0'),('41','12','0'),('42','12','0'),('43','12','0'),('45','12','0'),('46','12','0'),('47','12','0'),('48','12','0'),('49','12','0'),('50','12','0'),('51','12','0'),('52','12','0'),('53','12','0'),('54','12','0'),('55','12','0'),('56','12','0'),('57','12','0'),('58','12','0'),('59','12','0'),('60','12','0'),('61','12','0'),('62','12','0'),('63','12','0'),('64','12','0'),('65','12','0'),('66','12','0'),('67','12','0'),('68','12','0'),('69','12','0'),('70','12','0'),('71','12','0'),('72','12','0'),('73','12','0'),('74','12','0'),('75','12','0'),('76','12','0'),('77','12','0'),('78','12','0'),('79','1','1'),('80','1','1'),('81','1','1'),('82','1','1'),('83','1','1'),('84','1','1'),('85','1','1'),('86','1','1'),('87','1','1'),('88','1','1'),('89','1','1'),('90','1','1'),('91','1','1'),('92','1','1'),('93','1','1'),('94','1','1');


-- -----------------------------
-- Structure de la table `pages`
-- -----------------------------
DROP TABLE IF EXISTS `pages`;
CREATE TABLE `pages` (
  `id` int(11) NOT NULL AUTO_INCREMENT,
  `chaine` varchar(255) NOT NULL,
  `libelle` varchar(255) NOT NULL,
  `description` text,
  PRIMARY KEY (`id`),
  UNIQUE KEY `unique_chaine` (`chaine`)
) ENGINE=MyISAM AUTO_INCREMENT=95 DEFAULT CHARSET=latin1;

-- Donn√©es de `pages`
INSERT INTO `pages` (`id`,`chaine`,`libelle`,`description`) VALUES ('24','page=role_detail','role_detail',''),('25','form=aep','aep',''),('26','page=home','home',''),('27','page=reseau','reseau',''),('28','form=reseau','reseau',''),('29','form=abone','abone',''),('30','list=compteur_reseau','compteur_reseau',''),('31','list=distribution_simple','distribution_simple',''),('32','list=production_simple','production_simple',''),('33','list=recouvrement','recouvrement',''),('34','list=facture_month','facture_month',''),('35','list=liste_facture_month','liste_facture_month',''),('36','list=mois_facturation','mois_facturation',''),('37','form=constante_reseau','constante_reseau',''),('38','form=import_index','import_index',''),('39','list=releve_manuelle','releve_manuelle',''),('40','form=finance','finance',''),('41','list=transaction','transaction',''),('42','form=login','login',''),('43','form=register','register',''),('44','form=role','role',''),('45','page=register','register',''),('46','page=role','role',''),('47','page=login','login',''),('48','page=aep','aep',''),('49','page=edit_aep','edit_aep',''),('50','page=logout','logout',''),('51','list=logout','logout',''),('52','page=toto','toto',''),('53','page=download_index','download_index',''),('54','page=info_abone','info_abone',''),('55','page=clefs','clefs',''),('56','page=user_details','user_details',''),('57','page=redevance','redevance',''),('58','page=versement','versement',''),('59','page=clef','clef',''),('60','page=users','users',''),('61','page=page','page',''),('62','list=versements','versements',''),('63','page=versements','versements',''),('64','page=detail_revance','detail_revance',''),('65','page=revanc_detailse','revanc_detailse',''),('66','page=revance_detailse','revance_detailse',''),('67','page=redevance_detailse','redevance_detailse',''),('68','page=redevance_details','redevance_details',''),('69','page=aep_dashbord','aep_dashbord',''),('70','page=aep_dashboard','aep_dashboard',''),('71','page=transaction','transaction',''),('72','list=releve_page','releve_page',''),('73','form=export_index','export_index',''),('74','page=releves','releves',''),('75','list=releve_indexx','releve_indexx',''),('76','list=releve_index','releve_index',''),('77','id_mois=10','10',''),('78','list=abone_simple','abone_simple',''),('79','page=relevesoperation=error','relevesoperation',''),('80','page=constante_reseau','constante_reseau',''),('81','page=constante_reseau_page','constante_reseau_page',''),('82','id_mois=18','18',''),('83','page=ressource','ressource',''),('84','page=ressources','ressources',''),('85','page=interventions','interventions',''),('86','page=backups','backups',''),('87','page=backup','backup',''),('88','page=abones','abones',''),('89','page=fokoue_data','fokoue_data',''),('90','page=tarif_aep','tarif_aep',''),('91','page=recouvrement','recouvrement',''),('92','page=abonne','abonne',''),('93','ajout=1','1',''),('94','ajout_abone=1','1','');


-- -----------------------------
-- Structure de la table `position_compteur_aep`
-- -----------------------------
DROP TABLE IF EXISTS `position_compteur_aep`;
CREATE TABLE `position_compteur_aep` (
  `id` int(2) unsigned NOT NULL AUTO_INCREMENT,
  `position` varchar(32) NOT NULL,
  PRIMARY KEY (`id`)
) ENGINE=InnoDB DEFAULT CHARSET=latin1;

-- Donn√©es de `position_compteur_aep`

-- -----------------------------
-- Structure de la table `redevance`
-- -----------------------------
DROP TABLE IF EXISTS `redevance`;
CREATE TABLE `redevance` (
  `id` int(4) unsigned NOT NULL AUTO_INCREMENT,
  `libele` varchar(64) NOT NULL,
  `pourcentage` decimal(5,2) NOT NULL,
  `description` text,
  `id_aep` int(4) unsigned DEFAULT NULL,
  `type` varchar(8) NOT NULL DEFAULT 'sortie',
  `mois_debut` varchar(8) DEFAULT '2025-03',
  PRIMARY KEY (`id`),
  KEY `fk_aep_redevance` (`id_aep`),
  CONSTRAINT `fk_aep_redevance` FOREIGN KEY (`id_aep`) REFERENCES `aep` (`id`)
) ENGINE=InnoDB AUTO_INCREMENT=5 DEFAULT CHARSET=latin1;

-- Donn√©es de `redevance`
INSERT INTO `redevance` (`id`,`libele`,`pourcentage`,`description`,`id_aep`,`type`,`mois_debut`) VALUES ('2','CUE','12.50','Rentre chez le comite des usagers de l\'eau','1','sortie','2025-03'),('3','Mairie','20.00','','1','sortie','2025-02'),('4','CUE','15.00','','6','Sortie','2025-02');


-- -----------------------------
-- Structure de la table `reseau`
-- -----------------------------
DROP TABLE IF EXISTS `reseau`;
CREATE TABLE `reseau` (
  `id` int(3) unsigned NOT NULL AUTO_INCREMENT,
  `nom` varchar(32) NOT NULL,
  `abreviation` varchar(16) DEFAULT NULL,
  `date_creation` date NOT NULL,
  `description_reseau` text,
  `id_aep` int(4) unsigned NOT NULL DEFAULT '1',
  PRIMARY KEY (`id`),
  KEY `fk_aep_reseau` (`id_aep`),
  CONSTRAINT `fk_aep_reseau` FOREIGN KEY (`id_aep`) REFERENCES `aep` (`id`)
) ENGINE=InnoDB AUTO_INCREMENT=19 DEFAULT CHARSET=latin1;

-- Donn√©es de `reseau`
INSERT INTO `reseau` (`id`,`nom`,`abreviation`,`date_creation`,`description_reseau`,`id_aep`) VALUES ('1','Reseau principal','RP','2020-03-17','','1'),('2','Reseau secondaire 1','Rs1','2025-04-01','','1'),('3','Reseau secondaire 2','Rs2','2025-04-23','','1'),('4','Reseau Test','RT','2025-06-20','','3'),('5','Reseau secondaire 4','Rs4','2025-08-01','','1'),('14','Nza\'ah','NZA','2020-01-01','','6'),('15','Eweit','EWE','2020-01-01','','6'),('16','Mbouh','MBO','2020-01-01','','6'),('17','Ancien Mbouh','ANC','2020-01-01','','6'),('18','Madong','MAD','2020-01-01','','6');


-- -----------------------------
-- Structure de la table `ressources_humaines`
-- -----------------------------
DROP TABLE IF EXISTS `ressources_humaines`;
CREATE TABLE `ressources_humaines` (
  `id` int(11) NOT NULL AUTO_INCREMENT,
  `aep_id` int(11) NOT NULL,
  `nom` varchar(150) NOT NULL,
  `fonction` varchar(120) DEFAULT NULL,
  `competences` text,
  `telephone` varchar(50) DEFAULT NULL,
  `statut` enum('disponible','occupe','indisponible') DEFAULT 'disponible',
  `cout_horaire` decimal(12,2) DEFAULT '0.00',
  `actif` tinyint(1) DEFAULT '1',
  `created_at` datetime DEFAULT NULL,
  `updated_at` datetime DEFAULT NULL,
  PRIMARY KEY (`id`),
  KEY `idx_rh_aep` (`aep_id`),
  KEY `idx_rh_statut` (`statut`),
  KEY `idx_rh_actif` (`actif`)
) ENGINE=InnoDB AUTO_INCREMENT=2 DEFAULT CHARSET=utf8;

-- Donn√©es de `ressources_humaines`
INSERT INTO `ressources_humaines` (`id`,`aep_id`,`nom`,`fonction`,`competences`,`telephone`,`statut`,`cout_horaire`,`actif`,`created_at`,`updated_at`) VALUES ('1','1','Tsafack','TOOOO','4152155','68547895214','disponible','0.00','1',NULL,NULL);


-- -----------------------------
-- Structure de la table `ressources_materielles`
-- -----------------------------
DROP TABLE IF EXISTS `ressources_materielles`;
CREATE TABLE `ressources_materielles` (
  `id` int(11) NOT NULL AUTO_INCREMENT,
  `aep_id` int(11) NOT NULL,
  `libelle` varchar(180) NOT NULL,
  `categorie` varchar(120) DEFAULT NULL,
  `reference` varchar(120) DEFAULT NULL,
  `quantite_totale` decimal(12,2) DEFAULT '0.00',
  `quantite_disponible` decimal(12,2) DEFAULT '0.00',
  `unite` varchar(30) DEFAULT 'u',
  `cout_unitaire` decimal(12,2) DEFAULT '0.00',
  `statut` enum('disponible','occupe','panne','hors_service') DEFAULT 'disponible',
  `actif` tinyint(1) DEFAULT '1',
  `created_at` datetime DEFAULT NULL,
  `updated_at` datetime DEFAULT NULL,
  PRIMARY KEY (`id`),
  KEY `idx_rm_aep` (`aep_id`),
  KEY `idx_rm_statut` (`statut`),
  KEY `idx_rm_categorie` (`categorie`),
  KEY `idx_rm_actif` (`actif`)
) ENGINE=InnoDB DEFAULT CHARSET=utf8;

-- Donn√©es de `ressources_materielles`

-- -----------------------------
-- Structure de la table `roles`
-- -----------------------------
DROP TABLE IF EXISTS `roles`;
CREATE TABLE `roles` (
  `id` int(11) NOT NULL AUTO_INCREMENT,
  `nom` varchar(50) NOT NULL,
  PRIMARY KEY (`id`)
) ENGINE=MyISAM AUTO_INCREMENT=13 DEFAULT CHARSET=latin1;

-- Donn√©es de `roles`
INSERT INTO `roles` (`id`,`nom`) VALUES ('1','Administrateur'),('8','Releveur'),('9','Comptable'),('10','Recouvreur'),('11','Visiteur'),('12','all');


-- -----------------------------
-- Structure de la table `travail`
-- -----------------------------
DROP TABLE IF EXISTS `travail`;
CREATE TABLE `travail` (
  `id` int(5) unsigned NOT NULL AUTO_INCREMENT,
  `id_aep` int(4) unsigned NOT NULL,
  `id_utilisateur` int(4) unsigned NOT NULL,
  PRIMARY KEY (`id`),
  KEY `fk_aep_travail` (`id_aep`),
  KEY `fk_utilisateur_travail` (`id_utilisateur`),
  CONSTRAINT `fk_aep_travail` FOREIGN KEY (`id_aep`) REFERENCES `aep` (`id`),
  CONSTRAINT `fk_utilisateur_travail` FOREIGN KEY (`id_utilisateur`) REFERENCES `utilisateur` (`id`)
) ENGINE=InnoDB DEFAULT CHARSET=latin1;

-- Donn√©es de `travail`

-- -----------------------------
-- Structure de la table `user_clefs`
-- -----------------------------
DROP TABLE IF EXISTS `user_clefs`;
CREATE TABLE `user_clefs` (
  `clef_id` int(3) unsigned NOT NULL,
  `user_id` int(3) unsigned NOT NULL,
  PRIMARY KEY (`clef_id`),
  KEY `user_id` (`user_id`)
) ENGINE=MyISAM DEFAULT CHARSET=latin1;

-- Donn√©es de `user_clefs`
INSERT INTO `user_clefs` (`clef_id`,`user_id`) VALUES ('3','8'),('2','9'),('4','10'),('10','11'),('11','12'),('6','13'),('5','14'),('12','15'),('9','16');


-- -----------------------------
-- Structure de la table `user_roles`
-- -----------------------------
DROP TABLE IF EXISTS `user_roles`;
CREATE TABLE `user_roles` (
  `user_id` int(11) NOT NULL DEFAULT '0',
  `role_id` int(11) NOT NULL DEFAULT '0',
  PRIMARY KEY (`user_id`,`role_id`),
  KEY `role_id` (`role_id`)
) ENGINE=MyISAM DEFAULT CHARSET=latin1;

-- Donn√©es de `user_roles`
INSERT INTO `user_roles` (`user_id`,`role_id`) VALUES ('1','1'),('7','1'),('8','8'),('9','8'),('9','10'),('10','9'),('10','11'),('11','8'),('11','9'),('11','10'),('11','11'),('12','1'),('12','8'),('12','11'),('12','12'),('13','1'),('13','11'),('14','1'),('14','11'),('15','11'),('16','1'),('16','11');


-- -----------------------------
-- Structure de la table `users`
-- -----------------------------
DROP TABLE IF EXISTS `users`;
CREATE TABLE `users` (
  `id` int(5) unsigned NOT NULL AUTO_INCREMENT,
  `email` varchar(32) NOT NULL,
  `nom` varchar(32) NOT NULL,
  `prenom` varchar(32) NOT NULL,
  `numero_telephone` varchar(16) NOT NULL,
  `password` varchar(64) DEFAULT NULL,
  `salt` varchar(64) DEFAULT NULL,
  PRIMARY KEY (`id`)
) ENGINE=MyISAM AUTO_INCREMENT=17 DEFAULT CHARSET=latin1;

-- Donn√©es de `users`
INSERT INTO `users` (`id`,`email`,`nom`,`prenom`,`numero_telephone`,`password`,`salt`) VALUES ('1','sd@gmail.com','slks aslk','M','654152545','ef797c8118f02dfb',''),('2','tockemapplications@gmail.com','Tsafack','Erick','654190514','ef797c8118f02dfb',''),('3','tockemapplications2@gmail.com','sncdsl;n','sldnlds','25412545','e150f4455ed28e8c',''),('4','tockemapplications3@gmail.com','sksk','sksk','6565656565','aa005661a830c458','ae8604e73a48e7022190406c201ca358'),('5','tockemapplications5@gmail.com','olol','lolo','653636363','f916e27059dc0b41','5bbb445a4f503f8234ecbe37903f0c24'),('6','tockemapplications6@gmail.com','opopo','poioi','658585959','3270175410fe1cc8ee5633e04a14fcad56ee04bbaa5329604385bed55fe1098d','15f7ce4388a49a9be16cf70015ec2f9e'),('7','tockemapplications0@gmail.com','Takam Ulrich','Erick','6565656565','1f3b595625daad307953bb1153055ef9d28ffa2bbde1dc384c6d109fca6d552a','7a85e01b353c290533d2deda2c84805a'),('8','ericktsafack@gmail.com','Tsafack','Erick','654190514','fb259da39527c902bcbd1161b579ab84cb416e59208f637819e72f30e11751e1','2abf440fceec6545a861fd6a3b52a819'),('9','bonjour@gmail.com','Mezankeu','Darelle','658595653','66b69e627ba0867e07b680bdc8966ded1c0d97edc8e079cc3a1ca6936b4a7cee','249324c1cb4a556af910a1d2ef1eb9e2'),('10','tockemapplications10@gmail.com','platon','juju','698977445','e7c90bb79468a7b6a01ce361628c0ceae4365071a7dace2808ef5aea8532c683','cdb3babd4215c8db8f9abd2b7c4e65fd'),('11','testblanche@gmail.com','Test Momo','blanche','677565453','285af19d2e8f258a544d15781bb5312a3c336d5695533044c6178bd5a5f867a2','1d395a8551f727d8d1c09cbf7a7c8349'),('12','martialtsobeng@gmail.com','TSOBENG','Martial','697621294','789473a2831b79cdcc5450d2088b0092660cf3e116a1d2e46578bf842dbba545','0e8d639eb5510f72802da07d09dec59c'),('13','blanchemomo1991@gmail.com','MOMO TSOPFACK','Blanche','698193280','e1302e2f72b5f2a2011f8604f32384dfd11616a54be08552d164abe3e4b666ce','6ea512ef0586ad887caeca3174932e5f'),('14','mcnyama@gmail.com','NDZOU','Lewis','670029033','cfb4ed94663bd191622f65828fc638c9948affd1edb0490c7583fe3a38fefcd3','e0e091a6b29dc541a628e4368cc999aa'),('15','tockemapplicationsp@gmail.com','toto','Eric','654190514','7f595eb4847906a7209df1803231cc70d8ed502492f99a8ae2603922c8cf89c4','8040d34cb3038874663428a566ea383b'),('16','mabamomoachille@gmail.com','maba momo','achille','690409882','36ca59f93c6f45940d6fd749e022f44f22f5979153d54becfc609c92d389bac1','f6d7932db35bd7a2637f9ca93516d084');


-- -----------------------------
-- Structure de la table `utilisateur`
-- -----------------------------
DROP TABLE IF EXISTS `utilisateur`;
CREATE TABLE `utilisateur` (
  `id` int(5) unsigned NOT NULL AUTO_INCREMENT,
  `email` varchar(32) NOT NULL,
  `nom` varchar(32) NOT NULL,
  `prenom` varchar(32) NOT NULL,
  `numero_telephone` varchar(16) NOT NULL,
  PRIMARY KEY (`id`)
) ENGINE=InnoDB DEFAULT CHARSET=latin1;

-- Donn√©es de `utilisateur`

-- -----------------------------
-- Structure de la table `versements`
-- -----------------------------
DROP TABLE IF EXISTS `versements`;
CREATE TABLE `versements` (
  `id` int(4) unsigned NOT NULL AUTO_INCREMENT,
  `montant` decimal(15,2) NOT NULL,
  `date_versement` date NOT NULL,
  `id_mois_facturation` int(4) unsigned NOT NULL,
  `id_redevance` int(4) unsigned NOT NULL,
  `est_valide` tinyint(1) NOT NULL DEFAULT '0',
  PRIMARY KEY (`id`),
  KEY `id_mois_facturation` (`id_mois_facturation`),
  KEY `id_redevance` (`id_redevance`)
) ENGINE=MyISAM AUTO_INCREMENT=38 DEFAULT CHARSET=latin1;

-- Donn√©es de `versements`
INSERT INTO `versements` (`id`,`montant`,`date_versement`,`id_mois_facturation`,`id_redevance`,`est_valide`) VALUES ('27','493.75','2025-05-04','8','2','0'),('31','105.00','2025-05-12','9','4','0'),('28','395.00','2025-05-04','8','4','0'),('26','690.00','2025-05-04','5','3','1'),('32','131.25','2025-05-12','9','2','0'),('30','210.00','2025-05-12','9','3','0'),('29','790.00','2025-05-04','8','3','0'),('33','262.50','2025-05-12','9','5','0'),('34','237.50','2025-05-12','9','5','0'),('35','118.75','2025-05-12','9','2','0'),('36','95.00','2025-05-12','9','4','0'),('37','190.00','2025-05-12','9','3','0');

SET FOREIGN_KEY_CHECKS=1;
