-- Export SQL g√©n√©r√© par l'application (PHP)
SET NAMES utf8;
SET FOREIGN_KEY_CHECKS=0;


-- -----------------------------
-- Structure de la table `abone`
-- -----------------------------
DROP TABLE IF EXISTS `abone`;
CREATE TABLE `abone` (
  `id` int(4) unsigned NOT NULL AUTO_INCREMENT,
  `nom` varchar(128) NOT NULL,
  `numero_telephone` varchar(16) NOT NULL,
  `numero_compte_anticipation` varchar(16) NOT NULL,
  `etat` varchar(10) NOT NULL,
  `rang` int(4) DEFAULT NULL,
  `id_reseau` int(3) unsigned NOT NULL,
  PRIMARY KEY (`id`),
  KEY `id_reseau` (`id_reseau`),
  CONSTRAINT `abone_ibfk_1` FOREIGN KEY (`id_reseau`) REFERENCES `reseau` (`id`)
) ENGINE=InnoDB AUTO_INCREMENT=1010 DEFAULT CHARSET=latin1;

-- Donn√©es de `abone`
INSERT INTO `abone` (`id`,`nom`,`numero_telephone`,`numero_compte_anticipation`,`etat`,`rang`,`id_reseau`) VALUES ('1','Donkeng Maxime','695854745','100','actif','0','1'),('2','Tedonkeu Mireille','652414878','100','actif','0','1'),('3','Takam Ulrich','654852515','100','actif','0','1'),('4','Mbopda Ulrich','658545152','100','actif','0','2'),('5','Matefack Cedrick','698979521','100','actif','0','3'),('6','Manka Michel','659585754','100','actif','0','1'),('7','Onana','6565656565','100','actif','0','5'),('8','Polain tedonmo','698979495','100','actif','0','4'),('9','Teumateu Emilie','696959498','100','actif','0','4'),('810','Kuecheu Boniface 1','','','actif','1','252'),('811','Fogoh John Muafor','','','actif','2','252'),('812','Fodjo Basile','','','actif','3','253'),('813','Fomo Felix','','','actif','4','252'),('814','Mafodong Marie','','','actif','5','252'),('815','Nguetia N. Samuel','','','actif','6','252'),('816','Makenguim M. Julienne','','','actif','7','252'),('817','Ndemnou Alphonse','','','actif','8','253'),('818','Lonzi Michael','','','actif','9','252'),('819','Fanzet','','','actif','10','252'),('820','Tessa Jean','','','actif','11','252'),('821','Ngankeng Jean','','','actif','12','252'),('822','Kamkeng Alphonse','','','actif','13','252'),('823','Ngatchop Tessa','','','actif','14','254'),('824','Mekontchou Antoine','','','actif','15','252'),('825','Mekontchou Antoine','','','actif','16','252'),('826','Nguekouo Patrice','','','actif','17','253'),('827','Nguimgo Pauline','','','actif','18','254'),('828','Djoumessi Marcel','','','actif','19','254'),('829','Toukam Lekane Marie','','','actif','20','253'),('830','Mawamba Pauline','','','actif','21','254'),('831','Tchuekam Herve','','','actif','22','253'),('832','Tedjou Jean Claude','','','actif','23','252'),('833','Koumo Andre','','','actif','24','252'),('834','Nenkounkang Pierre','','','actif','25','253'),('835','Assobkeng Joseph','','','actif','26','252'),('836','Tedjou Fulbert','','','actif','27','253'),('837','Tetsopgang Samuel','','','actif','28','254'),('838','Ntopa Bernard','','','actif','29','253'),('839','Nupioleh Barthelemy','','','actif','30','254'),('840','Tatou Cami','','','actif','31','253'),('841','Mufid Fokoue','','','actif','32','254'),('842','Tapioleu Leopold','','','actif','33','252'),('843','Djoukeng Axel','','','actif','34','254'),('844','Assonfack T. Antoine','','','actif','35','252'),('845','Awounang','','','actif','36','252'),('846','Aboudem Paul','','','actif','37','252'),('847','Tikouoka Jean Robert','','','actif','38','252'),('848','Ladjou Julienne','','','actif','39','252'),('849','Nintedem Marie','','','actif','40','253'),('850','Tekoungang Etienne','','','actif','41','253'),('851','Kodjeu Antoine','','','actif','42','252'),('852','Teikeu Dieudonne','','','actif','43','252'),('853','Kamgang Ghislain','','','actif','44','252'),('854','Tessa Nguegang Junior','','','actif','45','252'),('855','Tchapkeng Regine','','','actif','46','252'),('856','Tenangue Rene','','','actif','47','252'),('857','Chouyemgou K. Francois','','','actif','48','252'),('858','Dongmo Hella Herve','','','actif','49','254'),('859','Pokam Helene','','','actif','50','252'),('860','Mekontchou Robert','','','actif','51','252'),('861','Fodjo Basile','','','actif','52','253'),('862','Tambat Felix','','','actif','53','254'),('863','Kouemo Annie Evelyne','','','actif','54','254'),('864','Tchinda Zacel Bonston','','','actif','55','252'),('865','Makamte Cecile','','','actif','56','253'),('866','Kigni Joseph','','','actif','57','254'),('867','Djikeng Victor','','','actif','58','252'),('868','Nkengni Robert','','','actif','59','253'),('869','Apoudam N«∏e Djuiko Teclaire','','','actif','60','254'),('870','Tenzeumg Kentsa','','','actif','61','253'),('871','Teida Chanceline','','','actif','62','253'),('872','Belga Magaret Epse Nembot','','','actif','63','254'),('873','Ngakou Pierre','','','actif','64','252'),('874','Nintedem Marie','','','actif','65','253'),('875','Metsanou Jean Claude','','','actif','66','254'),('876','Sobze Etienne','','','actif','67','253'),('877','Tekam Joseph','','','actif','68','253'),('878','Tessa Daniel','','','actif','69','253'),('879','Noumsi Ouafo Felicite Epse Lontsie','','','actif','70','254'),('880','Fokoue Lazare','','','actif','71','253'),('881','Tchomba Fidele','','','actif','72','252'),('882','Nguemfo Jeannine','','','actif','73','254'),('883','Ngeuveu Jerome','','','actif','74','254'),('884','Tchoumba Andre','','','actif','75','253'),('885','Nguedia Odette','','','actif','76','252'),('886','Magemete Tabanso Gisele Philomen','','','actif','77','254'),('887','Tchamba Ngankam Martin ','','','actif','78','254'),('888','Donfoue Ngangue Tankeu Delphine','','','actif','79','253'),('889','Tabakam Jean Claude','','','actif','80','253'),('890','Noutsa Henri','','','actif','81','254'),('891','Kenfack Pauline','','','actif','82','253'),('892','Teufack Jacqueline','','','actif','83','254'),('893','Koumetio Helene','','','actif','84','253'),('894','Fondjio Maurice','','','actif','85','254'),('895','Teuoussi Jean','','','actif','86','253'),('896','Nguko Marie Louise','','','actif','87','254'),('897','Nafack Ouamba William','','','actif','88','254'),('898','Kimo Andre','','','actif','89','252'),('899','Zenang Alain Thomas','','','actif','90','254'),('900','Matsafack Josephine','','','actif','91','253'),('901','Tibonchouo Benoit','','','actif','92','254'),('902','Awomo Raphael','','','actif','93','254'),('903','Tedonkeu Martin Ledoux','','','actif','94','253'),('904','Tchomba Herve','','','actif','95','253'),('905','Tetchue Niatize Bertrand','','','actif','96','252'),('906','Tchiossi Leopold','','','actif','97','253'),('907','Tanka Tchoumba Eric','','','actif','98','253'),('908','Keumedjeu Joseph','','','actif','99','253'),('909','Ndontsop Jean Pierre','','','actif','100','254'),('910','Kemgang Henri','','','actif','101','253'),('911','Tessa Boniface','','','actif','102','252'),('912','Diffo Tihewessi Alain Brice I','','','actif','103','254'),('913','Mbomeda Jean Claude','','','actif','104','253'),('914','Nkengni Robert 2','','','actif','105','253'),('915','Diffo Tihewessi Alain Brice Ii','','','actif','106','254'),('916','Makeuguim Marie','','','actif','107','253'),('917','Kenfack Bernard','','','actif','108','252'),('918','Mekenken Jean','','','actif','109','254'),('919','Ngouozock Alain Michel','','','actif','110','253'),('920','Folefack Jacqueline','','','actif','111','254'),('921','Metsachint Fokoua Jinior','','','actif','112','254'),('922','Pewoue A. Regine','','','actif','113','254'),('923','Mekonchu Armand','','','actif','114','252'),('924','Tchougouang Ouambapo','','','actif','115','252'),('925','Kenfack Micheline Epse Mounkam','','','actif','116','254'),('926','Mefoet Nguevo Solline Madeleine','','','actif','117','253'),('927','Kuecheu Boniface 2','','','actif','118','253'),('928','Meikeng Epse Awounang Therese','','','actif','119','254'),('929','Kossop Desire Fabrice','','','actif','120','253'),('930','Tsafack Henri','','','actif','121','253'),('931','Tchigui Etienne','','','actif','122','253'),('932','Ngouni Simplice','','','actif','123','253'),('933','Noutitout Fran«ıois','','','actif','124','254'),('934','Sanfo Dogha Rigobert','','','actif','125','254'),('935','Awounangfokou Roger','','','actif','126','254'),('936','Sombakam Azis B','','','actif','127','253'),('937','Hikouatchia Gael','','','actif','128','253'),('938','Djeukouo Bertrand','','','actif','129','253'),('939','Tekem Paul Roger','','','actif','130','253'),('940','Djambong Antoine Ii','','','actif','131','253'),('941','Kozang Jean Paul','','','actif','132','252'),('942','Cheudjieu Alain Andre','','','actif','133','252'),('943','Nguetia Claude Urbain','','','actif','134','252'),('944','Chedo Gaston','','','actif','135','252'),('945','Tchoupa Romuald','','','actif','136','255'),('946','Fondjo Luno Celestin','','','actif','137','254'),('947','Mbeumo Jaze Brice','','','actif','138','254'),('948','Mbouzeukeu Jerome','','','actif','139','253'),('949','Fokoue Jean Paul','','','actif','140','253'),('950','Tsague Marie','','','actif','141','252'),('951','Ngoungouro Epse Nkueffouet Adija','','','actif','142','253'),('952','Tenwou','','','actif','143','253'),('953','Tsafack Arnaud','','','actif','144','253'),('954','Foda Charles','','','actif','145','252'),('955','Kamkeng Jean','','','actif','146','253'),('956','Massekam Aline Cecile','','','actif','147','254'),('957','Mekontckou K Alphonse','','','actif','148','254'),('958','Tessa Manfred','','','actif','149','253'),('959','Makeuguim Marie Ii','','','actif','150','253'),('960','Tsafack Henri','','','actif','151','253'),('961','Tchigui Etienne','','','actif','152','253'),('962','Ngouni Simplice','','','actif','153','253'),('963','Noutitout Fran«ıois','','','actif','154','254'),('964','Sanfo Dogha Rigobert','','','actif','155','254'),('965','Awounangfokou Roger','','','actif','156','254'),('966','Sombakam Azis B','','','actif','157','253'),('967','Hikouatchia Gael','','','actif','158','253'),('968','Djeukouo Bertrand','','','actif','159','253'),('969','Tekem Paul Roger','','','actif','160','253'),('970','Djambong Antoine Ii','','','actif','161','253'),('971','Kozang Jean Paul','','','actif','162','252'),('972','Cheudjieu Alain Andre','','','actif','163','252'),('973','Nguetia Claude Urbain','','','actif','164','252'),('974','Chedo Gaston','','','actif','165','252'),('975','Tchoupa Romuald','','','actif','166','255'),('976','Fondjo Luno Celestin','','','actif','167','254'),('977','Mbeumo Jaze Brice','','','actif','168','254'),('978','Mbouzeukeu Jerome','','','actif','169','253'),('979','Fokoue Jean Paul','','','actif','170','253'),('980','Tsague Marie','','','actif','171','252'),('981','Ngoungouro Epse Nkueffouet Adija','','','actif','172','253'),('982','Tenwou','','','actif','173','253'),('983','Tsafack Arnaud','','','actif','174','253'),('984','Foda Charles','','','actif','175','252'),('985','Kamkeng Jean','','','actif','176','253'),('986','Massekam Aline Cecile','','','actif','177','254'),('987','Mekontckou K Alphonse','','','actif','178','254'),('988','Tessa Manfred','','','actif','179','253'),('989','Makeuguim Marie Ii','','','actif','180','253'),('990','Dontsop Martin','','','actif','181','252'),('991','Sobgou T Fabrice Didi','','','actif','182','254'),('992','Kengmo Pierre','','','actif','183','254'),('993','Kenfack Nanf Antoine D','','','actif','184','253'),('994','Talabong Ntieke Guy M','','','actif','185','254'),('995','Mathenda Prisca','','','actif','186','253'),('996','Wamba Njoya Gaetan','','','actif','187','254'),('997','Kenfack Louis','','','actif','188','253'),('998','Nguekouo Charles','','','actif','189','254'),('999','Tazefack Maurice','','','actif','190','254'),('1000','Kossop Bertin','','','actif','191','252'),('1001','Achetsamin Menougong','','','actif','192','254'),('1002','Fouelefack Mathias','','','actif','193','252'),('1003','Keinfack Norbert','','','actif','194','253'),('1004','Machipong Regine','','','actif','195','252'),('1005','Wamba Arif Bleriot','','','actif','196','253'),('1006','Kemdoum','','','actif','197','253'),('1007','Tchoumbou Justin','','','actif','198','253'),('1008','Miafo Jean','','','actif','199','254'),('1009','Noumemeng Isaac','','','actif','200','256');


-- -----------------------------
-- Structure de la table `aep`
-- -----------------------------
DROP TABLE IF EXISTS `aep`;
CREATE TABLE `aep` (
  `id` int(4) unsigned NOT NULL AUTO_INCREMENT,
  `libele` varchar(64) NOT NULL,
  `description` text,
  `fichier_facture` varchar(64) DEFAULT NULL,
  `date` date DEFAULT NULL,
  `numero_compte` varchar(32) DEFAULT NULL,
  `nom_banque` varchar(64) DEFAULT NULL,
  PRIMARY KEY (`id`)
) ENGINE=InnoDB AUTO_INCREMENT=7 DEFAULT CHARSET=latin1;

-- Donn√©es de `aep`
INSERT INTO `aep` (`id`,`libele`,`description`,`fichier_facture`,`date`,`numero_compte`,`nom_banque`) VALUES ('1','Bassessa','Mon AEP a la class !!','model_nkongzem','2020-05-12','031004014-01-58','Mufid bafou'),('3','Triyin AEP','Mon AEP tototot','model_fokoue','2024-12-12','18547412','Mufid Bafou'),('4','Bandjoun','Celui que je vais juste supprimer','model_fokoue','2024-12-12','54784120541','Mufid Bafang'),('5','toto','Mon AEP de maintenant','model_fokoue','2024-12-12','',''),('6','Mbou','hchkkd djdjdjd ddd ddid','model_fokoue','2025-02-24','','');


-- -----------------------------
-- Structure de la table `clefs`
-- -----------------------------
DROP TABLE IF EXISTS `clefs`;
CREATE TABLE `clefs` (
  `id` int(3) unsigned NOT NULL AUTO_INCREMENT,
  `value` varchar(32) NOT NULL,
  PRIMARY KEY (`id`),
  UNIQUE KEY `value` (`value`)
) ENGINE=MyISAM AUTO_INCREMENT=13 DEFAULT CHARSET=latin1;

-- Donn√©es de `clefs`
INSERT INTO `clefs` (`id`,`value`) VALUES ('1','Toto'),('2','Bami'),('3','Tami'),('4','popo'),('5','lewis1234'),('6','blanche1234'),('7','bertin1234'),('8','ange1234'),('9','achile1234'),('10','testblanche'),('11','martial1234'),('12','eric1234');


-- -----------------------------
-- Structure de la table `compteur`
-- -----------------------------
DROP TABLE IF EXISTS `compteur`;
CREATE TABLE `compteur` (
  `id` int(5) unsigned NOT NULL AUTO_INCREMENT,
  `numero_compteur` varchar(16) NOT NULL,
  `longitude` decimal(12,6) DEFAULT NULL,
  `latitude` decimal(12,6) DEFAULT NULL,
  `derniers_index` decimal(7,2) NOT NULL,
  `description` text,
  PRIMARY KEY (`id`)
) ENGINE=InnoDB AUTO_INCREMENT=1012 DEFAULT CHARSET=latin1;

-- Donn√©es de `compteur`
INSERT INTO `compteur` (`id`,`numero_compteur`,`longitude`,`latitude`,`derniers_index`,`description`) VALUES ('1','Bass00001','0.000000','0.000000','27.00',''),('2','Bass00002','0.000000','0.000000','20.00',''),('3','00000020','0.000000','0.000000','40.00',''),('4','000154','0.000000','0.000000','25.00',''),('5','000154','0.000000','0.000000','0.00',''),('6','15421613','0.000000','0.000000','11.20',''),('7','654123','0.000000','0.000000','6.30',''),('8','123520p','0.000000','0.000000','2.20',''),('9','Rs123456','0.000000','0.000000','3.50',''),('10','000154857','0.000000','0.000000','5.50',''),('11','5487546','0.000000','0.000000','3.00',''),('812','2012012','0.000000','0.000000','-27.00',''),('813','2012890','0.000000','0.000000','47.00',''),('814','2012615','0.000000','0.000000','299.00',''),('815','78186232','0.000000','0.000000','447.00',''),('816','2012077','0.000000','0.000000','131.00',''),('817','2012146','0.000000','0.000000','177.00',''),('818','2012540','0.000000','0.000000','143.00',''),('819','2012210','0.000000','0.000000','181.00',''),('820','2012882','0.000000','0.000000','79.00',''),('821','2012322','0.000000','0.000000','36.00',''),('822','16051888','0.000000','0.000000','439.00',''),('823','16056859','0.000000','0.000000','406.00',''),('824','16052767','0.000000','0.000000','112.00',''),('825','17062000','0.000000','0.000000','332.00',''),('826','2012866','0.000000','0.000000','366.00',''),('827','2012167','0.000000','0.000000','47.00',''),('828','2012567','0.000000','0.000000','50.00',''),('829','2012508','0.000000','0.000000','125.00',''),('830','2012009','0.000000','0.000000','393.00',''),('831','2012997','0.000000','0.000000','21.00',''),('832','2032422','0.000000','0.000000','-3.00',''),('833','2012202','0.000000','0.000000','97.00',''),('834','2012058','0.000000','0.000000','-11.00',''),('835','2012052','0.000000','0.000000','178.00',''),('836','2012055','0.000000','0.000000','157.00',''),('837','2012083','0.000000','0.000000','-39.00',''),('838','2012215','0.000000','0.000000','-37.00',''),('839','2012502','0.000000','0.000000','-44.00',''),('840','2012595','0.000000','0.000000','-241.00',''),('841','2012319','0.000000','0.000000','77.00',''),('842','2012323','0.000000','0.000000','196.00',''),('843','2012992','0.000000','0.000000','63.00',''),('844','2012054','0.000000','0.000000','94.00',''),('845','2012717','0.000000','0.000000','748.00',''),('846','2012012','0.000000','0.000000','25.00',''),('847','2012916','0.000000','0.000000','62.00',''),('848','2012602','0.000000','0.000000','0.00',''),('849','2012062','0.000000','0.000000','426.00',''),('850','2012051','0.000000','0.000000','81.00',''),('851','2012072','0.000000','0.000000','81.00',''),('852','2012152','0.000000','0.000000','94.00',''),('853','2012794','0.000000','0.000000','98.00',''),('854','2012986','0.000000','0.000000','55.00',''),('855','2012347','0.000000','0.000000','0.00',''),('856','2012326','0.000000','0.000000','-33.00',''),('857','2012385','0.000000','0.000000','22.00',''),('858','2012950','0.000000','0.000000','46.00',''),('859','2012683','0.000000','0.000000','41.00',''),('860','2012729','0.000000','0.000000','-12.00',''),('861','2012026','0.000000','0.000000','53.00',''),('862','2012863','0.000000','0.000000','32.00',''),('863','2012589','0.000000','0.000000','204.00',''),('864','2012702','0.000000','0.000000','499.00',''),('865','2020813','0.000000','0.000000','237.00',''),('866','2020041','0.000000','0.000000','43.00',''),('867','2012021','0.000000','0.000000','81.00',''),('868','2020335','0.000000','0.000000','-42.00',''),('869','2020087','0.000000','0.000000','67.00',''),('870','2020319','0.000000','0.000000','256.00',''),('871','2020025','0.000000','0.000000','148.00',''),('872','LETK30082025','0.000000','0.000000','1078.00',''),('873','2020963','0.000000','0.000000','190.00',''),('874','2020519','0.000000','0.000000','540.00',''),('875','2020255','0.000000','0.000000','23.00',''),('876','2020448','0.000000','0.000000','20.00',''),('877','2020595','0.000000','0.000000','47.00',''),('878','2020540','0.000000','0.000000','63.00',''),('879','2020442','0.000000','0.000000','124.00',''),('880','2020452','0.000000','0.000000','-13.00',''),('881','2020482','0.000000','0.000000','116.00',''),('882','2020359','0.000000','0.000000','7.00',''),('883','2020667','0.000000','0.000000','-77.00',''),('884','2020452','0.000000','0.000000','148.00',''),('885','2020825','0.000000','0.000000','91.00',''),('886','2020099','0.000000','0.000000','-19.00',''),('887','2020310','0.000000','0.000000','51.00',''),('888','2020400','0.000000','0.000000','62.00',''),('889','2020037','0.000000','0.000000','58.00',''),('890','2020445','0.000000','0.000000','0.00',''),('891','2020919','0.000000','0.000000','-48.00',''),('892','2020934','0.000000','0.000000','425.00',''),('893','2020904','0.000000','0.000000','97.00',''),('894','2020408','0.000000','0.000000','116.00',''),('895','2020939','0.000000','0.000000','-38.00',''),('896','2020030','0.000000','0.000000','270.00',''),('897','2020554','0.000000','0.000000','85.00',''),('898','2020589','0.000000','0.000000','1.00',''),('899','2020313','0.000000','0.000000','35.00',''),('900','2020302','0.000000','0.000000','65.00',''),('901','2020206','0.000000','0.000000','161.00',''),('902','2020953','0.000000','0.000000','92.00',''),('903','2020464','0.000000','0.000000','126.00',''),('904','201707483','0.000000','0.000000','17.00',''),('905','20170718027','0.000000','0.000000','28.00',''),('906','20170717605','0.000000','0.000000','46.00',''),('907','201707503','0.000000','0.000000','-19.00',''),('908','2017076087','0.000000','0.000000','84.00',''),('909','2020615','0.000000','0.000000','307.00',''),('910','2012340','0.000000','0.000000','480.00',''),('911','2012210','0.000000','0.000000','17.00',''),('912','183265','0.000000','0.000000','20.00',''),('913','2012665','0.000000','0.000000','13.00',''),('914','2001133','0.000000','0.000000','309.00',''),('915','2012349','0.000000','0.000000','0.00',''),('916','2017076087','0.000000','0.000000','-5.00',''),('917','201707914','0.000000','0.000000','25.00',''),('918','2012510','0.000000','0.000000','41.00',''),('919','183597','0.000000','0.000000','12.00',''),('920','2017075606','0.000000','0.000000','-16.00',''),('921','2100027','0.000000','0.000000','-66.00',''),('922','2012813','0.000000','0.000000','143.00',''),('923','MBMKJ30082025','0.000000','0.000000','-36.00',''),('924','2012878','0.000000','0.000000','89.00',''),('925','2101467','0.000000','0.000000','-105.00',''),('926','201707057','0.000000','0.000000','145.00',''),('927','183797','0.000000','0.000000','16.00',''),('928','2020897','0.000000','0.000000','619.00',''),('929','183797','0.000000','0.000000','-13.00',''),('930','2012141','0.000000','0.000000','32.00',''),('931','182271','0.000000','0.000000','42.00',''),('932','9064541','0.000000','0.000000','160.00',''),('933','2304104','0.000000','0.000000','-19.00',''),('934','2304406','0.000000','0.000000','89.00',''),('935','2304236','0.000000','0.000000','0.00',''),('936','2304170','0.000000','0.000000','193.00',''),('937','2304077','0.000000','0.000000','128.00',''),('938','2304204','0.000000','0.000000','34.00',''),('939','2304752','0.000000','0.000000','35.00',''),('940','2304681','0.000000','0.000000','115.00',''),('941','2304923','0.000000','0.000000','-8.00',''),('942','2304565','0.000000','0.000000','26.00',''),('943','2304621','0.000000','0.000000','68.00',''),('944','2304108','0.000000','0.000000','20.00',''),('945','2304108','0.000000','0.000000','1.00',''),('946','2304898','0.000000','0.000000','14.00',''),('947','2304062','0.000000','0.000000','33.00',''),('948','2304801','0.000000','0.000000','28.00',''),('949','2304890','0.000000','0.000000','225.00',''),('950','2304023','0.000000','0.000000','7106.00',''),('951','2304724','0.000000','0.000000','22.00',''),('952','2304104','0.000000','0.000000','33.00',''),('953','9064591','0.000000','0.000000','-15.00',''),('954','2304093','0.000000','0.000000','18.00',''),('955','2304778','0.000000','0.000000','79.00',''),('956','3204180','0.000000','0.000000','7.00',''),('957','2304132','0.000000','0.000000','56.00',''),('958','112024','0.000000','0.000000','9.00',''),('959','112024','0.000000','0.000000','3.00',''),('960','18142024','0.000000','0.000000','20.00',''),('961','8113024','0.000000','0.000000','34.00',''),('962','9064541','0.000000','0.000000','160.00',''),('963','2304104','0.000000','0.000000','-19.00',''),('964','2304406','0.000000','0.000000','89.00',''),('965','2304236','0.000000','0.000000','0.00',''),('966','2304170','0.000000','0.000000','193.00',''),('967','2304077','0.000000','0.000000','128.00',''),('968','2304204','0.000000','0.000000','34.00',''),('969','2304752','0.000000','0.000000','35.00',''),('970','2304681','0.000000','0.000000','115.00',''),('971','2304923','0.000000','0.000000','-8.00',''),('972','2304565','0.000000','0.000000','26.00',''),('973','2304621','0.000000','0.000000','68.00',''),('974','2304108','0.000000','0.000000','20.00',''),('975','2304108','0.000000','0.000000','1.00',''),('976','2304898','0.000000','0.000000','14.00',''),('977','2304062','0.000000','0.000000','33.00',''),('978','2304801','0.000000','0.000000','28.00',''),('979','2304890','0.000000','0.000000','225.00',''),('980','2304023','0.000000','0.000000','7106.00',''),('981','2304724','0.000000','0.000000','22.00',''),('982','2304104','0.000000','0.000000','33.00',''),('983','9064591','0.000000','0.000000','-15.00',''),('984','2304093','0.000000','0.000000','18.00',''),('985','2304778','0.000000','0.000000','79.00',''),('986','3204180','0.000000','0.000000','7.00',''),('987','2304132','0.000000','0.000000','56.00',''),('988','112024','0.000000','0.000000','9.00',''),('989','112024','0.000000','0.000000','3.00',''),('990','18142024','0.000000','0.000000','20.00',''),('991','8113024','0.000000','0.000000','34.00',''),('992','21152024','0.000000','0.000000','9.00',''),('993','20162024','0.000000','0.000000','88.00',''),('994','171212024','0.000000','0.000000','-1.00',''),('995','161202024','0.000000','0.000000','44.00',''),('996','28-T2025','0.000000','0.000000','3.00',''),('997','W1661760','0.000000','0.000000','16.00',''),('998','21152024','0.000000','0.000000','-9.00',''),('999','W-2-2025','0.000000','0.000000','3.00',''),('1000','6052025','0.000000','0.000000','-3.00',''),('1001','20250303','0.000000','0.000000','6.00',''),('1002','12052025','0.000000','0.000000','0.00',''),('1003','W12017534','0.000000','0.000000','-3.00',''),('1004','12052025','0.000000','0.000000','8.00',''),('1005','28052025','0.000000','0.000000','4.00',''),('1006','07M72025','0.000000','0.000000','0.00',''),('1007','07W72025','0.000000','0.000000','10.00',''),('1008','08K72025','0.000000','0.000000','0.00',''),('1009','8T72025','0.000000','0.000000','3.00',''),('1010','12M982025','0.000000','0.000000','0.00',''),('1011','01NI82025','0.000000','0.000000','0.00','');


-- -----------------------------
-- Structure de la table `compteur_abone`
-- -----------------------------
DROP TABLE IF EXISTS `compteur_abone`;
CREATE TABLE `compteur_abone` (
  `id_abone` int(5) unsigned NOT NULL,
  `id_compteur` int(5) unsigned NOT NULL,
  KEY `fk_abone_compteur_abone` (`id_abone`),
  KEY `fk_compteur_compteur_abone` (`id_compteur`),
  CONSTRAINT `fk_abone_compteur_abone` FOREIGN KEY (`id_abone`) REFERENCES `abone` (`id`),
  CONSTRAINT `fk_compteur_compteur_abone` FOREIGN KEY (`id_compteur`) REFERENCES `compteur` (`id`)
) ENGINE=InnoDB DEFAULT CHARSET=latin1;

-- Donn√©es de `compteur_abone`
INSERT INTO `compteur_abone` (`id_abone`,`id_compteur`) VALUES ('1','1'),('2','2'),('3','4'),('4','6'),('5','7'),('6','8'),('7','9'),('8','10'),('9','11'),('810','812'),('811','813'),('812','814'),('813','815'),('814','816'),('815','817'),('816','818'),('817','819'),('818','820'),('819','821'),('820','822'),('821','823'),('822','824'),('823','825'),('824','826'),('825','827'),('826','828'),('827','829'),('828','830'),('829','831'),('830','832'),('831','833'),('832','834'),('833','835'),('834','836'),('835','837'),('836','838'),('837','839'),('838','840'),('839','841'),('840','842'),('841','843'),('842','844'),('843','845'),('844','846'),('845','847'),('846','848'),('847','849'),('848','850'),('849','851'),('850','852'),('851','853'),('852','854'),('853','855'),('854','856'),('855','857'),('856','858'),('857','859'),('858','860'),('859','861'),('860','862'),('861','863'),('862','864'),('863','865'),('864','866'),('865','867'),('866','868'),('867','869'),('868','870'),('869','871'),('870','872'),('871','873'),('872','874'),('873','875'),('874','876'),('875','877'),('876','878'),('877','879'),('878','880'),('879','881'),('880','882'),('881','883'),('882','884'),('883','885'),('884','886'),('885','887'),('886','888'),('887','889'),('888','890'),('889','891'),('890','892'),('891','893'),('892','894'),('893','895'),('894','896'),('895','897'),('896','898'),('897','899'),('898','900'),('899','901'),('900','902'),('901','903'),('902','904'),('903','905'),('904','906'),('905','907'),('906','908'),('907','909'),('908','910'),('909','911'),('910','912'),('911','913'),('912','914'),('913','915'),('914','916'),('915','917'),('916','918'),('917','919'),('918','920'),('919','921'),('920','922'),('921','923'),('922','924'),('923','925'),('924','926'),('925','927'),('926','928'),('927','929'),('928','930'),('929','931'),('930','932'),('931','933'),('932','934'),('933','935'),('934','936'),('935','937'),('936','938'),('937','939'),('938','940'),('939','941'),('940','942'),('941','943'),('942','944'),('943','945'),('944','946'),('945','947'),('946','948'),('947','949'),('948','950'),('949','951'),('950','952'),('951','953'),('952','954'),('953','955'),('954','956'),('955','957'),('956','958'),('957','959'),('958','960'),('959','961'),('960','962'),('961','963'),('962','964'),('963','965'),('964','966'),('965','967'),('966','968'),('967','969'),('968','970'),('969','971'),('970','972'),('971','973'),('972','974'),('973','975'),('974','976'),('975','977'),('976','978'),('977','979'),('978','980'),('979','981'),('980','982'),('981','983'),('982','984'),('983','985'),('984','986'),('985','987'),('986','988'),('987','989'),('988','990'),('989','991'),('990','992'),('991','993'),('992','994'),('993','995'),('994','996'),('995','997'),('996','998'),('997','999'),('998','1000'),('999','1001'),('1000','1002'),('1001','1003'),('1002','1004'),('1003','1005'),('1004','1006'),('1005','1007'),('1006','1008'),('1007','1009'),('1008','1010'),('1009','1011');


-- -----------------------------
-- Structure de la table `compteur_aep`
-- -----------------------------
DROP TABLE IF EXISTS `compteur_aep`;
CREATE TABLE `compteur_aep` (
  `id_aep` int(4) unsigned NOT NULL,
  `id_compteur` int(5) unsigned NOT NULL,
  `id_position` int(2) unsigned NOT NULL,
  KEY `fk_position_compteur_aep` (`id_position`),
  KEY `fk_aep_compteur_aep` (`id_aep`),
  KEY `fk_compteur_compteur_aep` (`id_compteur`),
  CONSTRAINT `fk_aep_compteur_aep` FOREIGN KEY (`id_aep`) REFERENCES `aep` (`id`),
  CONSTRAINT `fk_compteur_compteur_aep` FOREIGN KEY (`id_compteur`) REFERENCES `compteur` (`id`),
  CONSTRAINT `fk_position_compteur_aep` FOREIGN KEY (`id_position`) REFERENCES `position_compteur_aep` (`id`)
) ENGINE=InnoDB DEFAULT CHARSET=latin1;

-- Donn√©es de `compteur_aep`

-- -----------------------------
-- Structure de la table `compteur_reseau`
-- -----------------------------
DROP TABLE IF EXISTS `compteur_reseau`;
CREATE TABLE `compteur_reseau` (
  `id_reseau` int(5) unsigned NOT NULL,
  `id_compteur` int(5) unsigned NOT NULL,
  KEY `fk_reseau_compteur_reseau` (`id_reseau`),
  KEY `fk_compteur_compteur_reseau` (`id_compteur`),
  CONSTRAINT `fk_compteur_compteur_reseau` FOREIGN KEY (`id_compteur`) REFERENCES `compteur` (`id`),
  CONSTRAINT `fk_reseau_compteur_reseau` FOREIGN KEY (`id_reseau`) REFERENCES `reseau` (`id`)
) ENGINE=InnoDB DEFAULT CHARSET=latin1;

-- Donn√©es de `compteur_reseau`
INSERT INTO `compteur_reseau` (`id_reseau`,`id_compteur`) VALUES ('1','3');


-- -----------------------------
-- Structure de la table `constante_reseau`
-- -----------------------------
DROP TABLE IF EXISTS `constante_reseau`;
CREATE TABLE `constante_reseau` (
  `id` int(2) unsigned NOT NULL AUTO_INCREMENT,
  `prix_metre_cube_eau` int(5) unsigned NOT NULL,
  `prix_entretient_compteur` int(5) unsigned NOT NULL,
  `prix_tva` decimal(7,2) unsigned NOT NULL,
  `date_creation` date NOT NULL,
  `est_actif` tinyint(1) NOT NULL,
  `description` text,
  `id_aep` int(4) unsigned NOT NULL DEFAULT '1',
  PRIMARY KEY (`id`),
  KEY `fk_aep_constante` (`id_aep`),
  CONSTRAINT `fk_aep_constante` FOREIGN KEY (`id_aep`) REFERENCES `aep` (`id`)
) ENGINE=InnoDB AUTO_INCREMENT=30 DEFAULT CHARSET=latin1;

-- Donn√©es de `constante_reseau`
INSERT INTO `constante_reseau` (`id`,`prix_metre_cube_eau`,`prix_entretient_compteur`,`prix_tva`,`date_creation`,`est_actif`,`description`,`id_aep`) VALUES ('1','500','500','0.00','0000-00-00','1','','1'),('2','250','250','0.00','0000-00-00','1','','4'),('3','250','250','0.00','0000-00-00','0','Tarifs r√©seau impos√© par la commune Toussan, ils ne peuvent √™tre modifier que si le maire approuve cette initiative.','3'),('4','250','250','10.00','0000-00-00','1','','3'),('5','0','0','0.00','0000-00-00','0','Tarifs initiaux pour les valeurs de depart','5'),('29','0','0','0.00','2020-01-01','1','','5');


-- -----------------------------
-- Structure de la table `facture`
-- -----------------------------
DROP TABLE IF EXISTS `facture`;
CREATE TABLE `facture` (
  `id` int(4) unsigned NOT NULL AUTO_INCREMENT,
  `id_indexes` int(6) unsigned NOT NULL,
  `montant_verse` decimal(15,2) DEFAULT '0.00',
  `date_paiement` date DEFAULT NULL,
  `penalite` decimal(15,2) DEFAULT '0.00',
  `id_abone` int(4) unsigned NOT NULL,
  `message` text,
  PRIMARY KEY (`id`),
  KEY `id_abone` (`id_abone`),
  KEY `fk_index_facture` (`id_indexes`),
  CONSTRAINT `facture_ibfk_2` FOREIGN KEY (`id_abone`) REFERENCES `abone` (`id`) ON DELETE CASCADE,
  CONSTRAINT `fk_index_facture` FOREIGN KEY (`id_indexes`) REFERENCES `indexes` (`id`) ON DELETE CASCADE
) ENGINE=InnoDB AUTO_INCREMENT=522 DEFAULT CHARSET=latin1;

-- Donn√©es de `facture`
INSERT INTO `facture` (`id`,`id_indexes`,`montant_verse`,`date_paiement`,`penalite`,`id_abone`,`message`) VALUES ('1','1','1735.00','0000-00-00','0.00','1',''),('2','2','2300.00','0000-00-00','0.00','2',''),('3','3','3050.00','0000-00-00','0.00','3',''),('14','18','1300.00','0000-00-00','0.00','1',''),('15','19','2300.00','0000-00-00','0.00','2',''),('16','20','1350.00','0000-00-00','0.00','3',''),('17','22','500.00','0000-00-00','0.00','1',''),('18','23','500.00','0000-00-00','0.00','2',''),('19','24','500.00','0000-00-00','0.00','3',''),('20','26','2250.00','0000-00-00','0.00','1',''),('21','27','1950.00','0000-00-00','0.00','2',''),('22','28','3700.00','0000-00-00','0.00','3',''),('23','29','1700.00','0000-00-00','0.00','4',''),('24','31','1850.00','0000-00-00','0.00','1',''),('25','32','1500.00','0000-00-00','0.00','2',''),('26','33','1450.00','0000-00-00','0.00','3',''),('27','34','1150.00','0000-00-00','0.00','4',''),('28','36','1100.00','0000-00-00','0.00','1',''),('29','37','1400.00','0000-00-00','0.00','2',''),('30','38','2100.00','0000-00-00','0.00','3',''),('31','39','950.00','0000-00-00','0.00','4',''),('32','41','1700.00','0000-00-00','0.00','1',''),('33','42','1500.00','0000-00-00','0.00','2',''),('34','43','500.00','0000-00-00','0.00','3',''),('35','44','1100.00','0000-00-00','0.00','4',''),('36','45','2000.00','0000-00-00','0.00','5',''),('37','47','550.00','0000-00-00','0.00','1',''),('38','48','1350.00','0000-00-00','0.00','2',''),('39','49','1900.00','0000-00-00','0.00','3',''),('40','50','500.00','0000-00-00','0.00','6',''),('41','51','2000.00','0000-00-00','0.00','4',''),('42','52','500.00','0000-00-00','0.00','5',''),('43','54','2000.00','0000-00-00','0.00','1',''),('44','55','3200.00','0000-00-00','0.00','2',''),('45','56','1050.00','0000-00-00','0.00','3',''),('46','57','0.00','0000-00-00','0.00','6',''),('47','58','1000.00','0000-00-00','0.00','4',''),('48','59','1200.00','0000-00-00','0.00','5',''),('49','60','500.00','0000-00-00','0.00','7',''),('92','110','0.00','0000-00-00','0.00','8',''),('93','111','0.00','0000-00-00','0.00','9',''),('322','344','0.00','2020-01-01','0.00','810',''),('323','345','260.00','2020-01-01','0.00','811',''),('324','346','0.00','2020-01-01','0.00','812',''),('325','347','18130.00','2020-01-01','0.00','813',''),('326','348','0.00','2020-01-01','0.00','814',''),('327','349','0.00','2020-01-01','0.00','815',''),('328','350','0.00','2020-01-01','0.00','816',''),('329','351','920.00','2020-01-01','0.00','817',''),('330','352','5.00','2020-01-01','0.00','818',''),('331','353','25.00','2020-01-01','0.00','819',''),('332','354','0.00','2020-01-01','0.00','820',''),('333','355','0.00','2020-01-01','0.00','821',''),('334','356','0.00','2020-01-01','0.00','822',''),('335','357','0.00','2020-01-01','0.00','823',''),('336','358','940.00','2020-01-01','0.00','824',''),('337','359','705.00','2020-01-01','0.00','825',''),('338','360','0.00','2020-01-01','0.00','826',''),('339','361','0.00','2020-01-01','0.00','827',''),('340','362','0.00','2020-01-01','0.00','828',''),('341','363','0.00','2020-01-01','0.00','829',''),('342','364','0.00','2020-01-01','0.00','830',''),('343','365','0.00','2020-01-01','0.00','831',''),('344','366','0.00','2020-01-01','0.00','832',''),('345','367','0.00','2020-01-01','0.00','833',''),('346','368','0.00','2020-01-01','0.00','834',''),('347','369','0.00','2020-01-01','0.00','835',''),('348','370','0.00','2020-01-01','0.00','836',''),('349','371','0.00','2020-01-01','0.00','837',''),('350','372','0.00','2020-01-01','0.00','838',''),('351','373','5.00','2020-01-01','0.00','839',''),('352','374','0.00','2020-01-01','0.00','840',''),('353','375','0.00','2020-01-01','0.00','841',''),('354','376','0.00','2020-01-01','0.00','842',''),('355','377','0.00','2020-01-01','2500.00','843',''),('356','378','0.00','2020-01-01','0.00','844',''),('357','379','0.00','2020-01-01','0.00','845',''),('358','380','420.00','2020-01-01','0.00','846',''),('359','381','2770.00','2020-01-01','0.00','847',''),('360','382','0.00','2020-01-01','0.00','848',''),('361','383','0.00','2020-01-01','0.00','849',''),('362','384','0.00','2020-01-01','0.00','850',''),('363','385','0.00','2020-01-01','0.00','851',''),('364','386','5.00','2020-01-01','0.00','852',''),('365','387','0.00','2020-01-01','0.00','853',''),('366','388','0.00','2020-01-01','0.00','854',''),('367','389','1450.00','2020-01-01','0.00','855',''),('368','390','0.00','2020-01-01','0.00','856',''),('369','391','0.00','2020-01-01','0.00','857',''),('370','392','0.00','2020-01-01','0.00','858',''),('371','393','0.00','2020-01-01','0.00','859',''),('372','394','0.00','2020-01-01','0.00','860',''),('373','395','15.00','2020-01-01','0.00','861',''),('374','396','0.00','2020-01-01','0.00','862',''),('375','397','415.00','2020-01-01','0.00','863',''),('376','398','0.00','2020-01-01','0.00','864',''),('377','399','0.00','2020-01-01','0.00','865',''),('378','400','0.00','2020-01-01','0.00','866',''),('379','401','0.00','2020-01-01','0.00','867',''),('380','402','0.00','2020-01-01','0.00','868',''),('381','403','0.00','2020-01-01','0.00','869',''),('382','404','0.00','2020-01-01','2500.00','870',''),('383','405','15.00','2020-01-01','2500.00','871',''),('384','406','0.00','2020-01-01','0.00','872',''),('385','407','0.00','2020-01-01','0.00','873',''),('386','408','0.00','2020-01-01','0.00','874',''),('387','409','0.00','2020-01-01','0.00','875',''),('388','410','0.00','2020-01-01','0.00','876',''),('389','411','0.00','2020-01-01','0.00','877',''),('390','412','0.00','2020-01-01','0.00','878',''),('391','413','0.00','2020-01-01','0.00','879',''),('392','414','2280.00','2020-01-01','0.00','880',''),('393','415','0.00','2020-01-01','2500.00','881',''),('394','416','20.00','2020-01-01','0.00','882',''),('395','417','0.00','2020-01-01','0.00','883',''),('396','418','0.00','2020-01-01','2500.00','884',''),('397','419','3045.00','2020-01-01','0.00','885',''),('398','420','0.00','2020-01-01','0.00','886',''),('399','421','0.00','2020-01-01','0.00','887',''),('400','422','0.00','2020-01-01','0.00','888',''),('401','423','0.00','2020-01-01','0.00','889',''),('402','424','10.00','2020-01-01','0.00','890',''),('403','425','0.00','2020-01-01','0.00','891',''),('404','426','0.00','2020-01-01','0.00','892',''),('405','427','0.00','2020-01-01','0.00','893',''),('406','428','0.00','2020-01-01','2500.00','894',''),('407','429','0.00','2020-01-01','0.00','895',''),('408','430','0.00','2020-01-01','0.00','896',''),('409','431','140.00','2020-01-01','0.00','897',''),('410','432','0.00','2020-01-01','0.00','898',''),('411','433','0.00','2020-01-01','0.00','899',''),('412','434','10.00','2020-01-01','0.00','900',''),('413','435','10.00','2020-01-01','0.00','901',''),('414','436','0.00','2020-01-01','0.00','902',''),('415','437','0.00','2020-01-01','0.00','903',''),('416','438','0.00','2020-01-01','2500.00','904',''),('417','439','0.00','2020-01-01','2500.00','905',''),('418','440','0.00','2020-01-01','0.00','906',''),('419','441','10.00','2020-01-01','0.00','907',''),('420','442','0.00','2020-01-01','0.00','908',''),('421','443','0.00','2020-01-01','0.00','909',''),('422','444','0.00','2020-01-01','0.00','910',''),('423','445','0.00','2020-01-01','0.00','911',''),('424','446','0.00','2020-01-01','2500.00','912',''),('425','447','0.00','2020-01-01','0.00','913',''),('426','448','0.00','2020-01-01','0.00','914',''),('427','449','1920.00','2020-01-01','0.00','915',''),('428','450','0.00','2020-01-01','0.00','916',''),('429','451','0.00','2020-01-01','0.00','917',''),('430','452','0.00','2020-01-01','0.00','918',''),('431','453','0.00','2020-01-01','0.00','919',''),('432','454','0.00','2020-01-01','0.00','920',''),('433','455','0.00','2020-01-01','0.00','921',''),('434','456','5.00','2020-01-01','0.00','922',''),('435','457','0.00','2020-01-01','0.00','923',''),('436','458','10.00','2020-01-01','0.00','924',''),('437','459','0.00','2020-01-01','0.00','925',''),('438','460','0.00','2020-01-01','2500.00','926',''),('439','461','0.00','2020-01-01','0.00','927',''),('440','462','0.00','2020-01-01','0.00','928',''),('441','463','5.00','2020-01-01','0.00','929',''),('442','464','5.00','2020-01-01','0.00','930',''),('443','465','0.00','2020-01-01','0.00','931',''),('444','466','10.00','2020-01-01','0.00','932',''),('445','467','0.00','2020-01-01','0.00','933',''),('446','468','0.00','2020-01-01','0.00','934',''),('447','469','5.00','2020-01-01','0.00','935',''),('448','470','0.00','2020-01-01','0.00','936',''),('449','471','0.00','2020-01-01','0.00','937',''),('450','472','0.00','2020-01-01','0.00','938',''),('451','473','0.00','2020-01-01','0.00','939',''),('452','474','0.00','2020-01-01','0.00','940',''),('453','475','0.00','2020-01-01','0.00','941',''),('454','476','0.00','2020-01-01','0.00','942',''),('455','477','65.00','2020-01-01','0.00','943',''),('456','478','0.00','2020-01-01','0.00','944',''),('457','479','0.00','2020-01-01','0.00','945',''),('458','480','5.00','2020-01-01','0.00','946',''),('459','481','0.00','2020-01-01','0.00','947',''),('460','482','0.00','2020-01-01','0.00','948',''),('461','483','0.00','2020-01-01','0.00','949',''),('462','484','10.00','2020-01-01','0.00','950',''),('463','485','0.00','2020-01-01','2500.00','951',''),('464','486','0.00','2020-01-01','0.00','952',''),('465','487','0.00','2020-01-01','0.00','953',''),('466','488','0.00','2020-01-01','0.00','954',''),('467','489','3280.00','2020-01-01','0.00','955',''),('468','490','5.00','2020-01-01','0.00','956',''),('469','491','10.00','2020-01-01','0.00','957',''),('470','492','0.00','2020-01-01','0.00','958',''),('471','493','0.00','2020-01-01','0.00','959',''),('472','494','5.00','2020-01-01','0.00','960',''),('473','495','0.00','2020-01-01','0.00','961',''),('474','496','10.00','2020-01-01','0.00','962',''),('475','497','0.00','2020-01-01','0.00','963',''),('476','498','0.00','2020-01-01','0.00','964',''),('477','499','5.00','2020-01-01','0.00','965',''),('478','500','0.00','2020-01-01','0.00','966',''),('479','501','0.00','2020-01-01','0.00','967',''),('480','502','0.00','2020-01-01','0.00','968',''),('481','503','0.00','2020-01-01','0.00','969',''),('482','504','0.00','2020-01-01','0.00','970',''),('483','505','0.00','2020-01-01','0.00','971',''),('484','506','0.00','2020-01-01','0.00','972',''),('485','507','65.00','2020-01-01','0.00','973',''),('486','508','0.00','2020-01-01','0.00','974',''),('487','509','0.00','2020-01-01','0.00','975',''),('488','510','5.00','2020-01-01','0.00','976',''),('489','511','0.00','2020-01-01','0.00','977',''),('490','512','0.00','2020-01-01','0.00','978',''),('491','513','0.00','2020-01-01','0.00','979',''),('492','514','10.00','2020-01-01','0.00','980',''),('493','515','0.00','2020-01-01','2500.00','981',''),('494','516','0.00','2020-01-01','0.00','982',''),('495','517','0.00','2020-01-01','0.00','983',''),('496','518','0.00','2020-01-01','0.00','984',''),('497','519','3280.00','2020-01-01','0.00','985',''),('498','520','5.00','2020-01-01','0.00','986',''),('499','521','10.00','2020-01-01','0.00','987',''),('500','522','0.00','2020-01-01','0.00','988',''),('501','523','0.00','2020-01-01','0.00','989',''),('502','524','1000.00','2020-01-01','0.00','990',''),('503','525','310.00','2020-01-01','0.00','991',''),('504','526','0.00','2020-01-01','0.00','992',''),('505','527','0.00','2020-01-01','0.00','993',''),('506','528','0.00','2020-01-01','0.00','994',''),('507','529','0.00','2020-01-01','0.00','995',''),('508','530','0.00','2020-01-01','0.00','996',''),('509','531','0.00','2020-01-01','0.00','997',''),('510','532','0.00','2020-01-01','0.00','998',''),('511','533','0.00','2020-01-01','0.00','999',''),('512','534','0.00','2020-01-01','0.00','1000',''),('513','535','0.00','2020-01-01','0.00','1001',''),('514','536','0.00','2020-01-01','0.00','1002',''),('515','537','0.00','2020-01-01','0.00','1003',''),('516','538','0.00','2020-01-01','0.00','1004',''),('517','539','260.00','2020-01-01','0.00','1005',''),('518','540','0.00','2020-01-01','0.00','1006',''),('519','541','0.00','2020-01-01','0.00','1007',''),('520','542','0.00','2020-01-01','0.00','1008',''),('521','543','0.00','2020-01-01','0.00','1009','');


-- -----------------------------
-- Structure de la table `flux_financier`
-- -----------------------------
DROP TABLE IF EXISTS `flux_financier`;
CREATE TABLE `flux_financier` (
  `id` int(6) unsigned NOT NULL AUTO_INCREMENT,
  `date` date NOT NULL,
  `mois` varchar(7) NOT NULL,
  `libele` varchar(128) NOT NULL,
  `prix` bigint(20) unsigned NOT NULL,
  `type` varchar(8) NOT NULL DEFAULT 'sortie',
  `description` text,
  `id_aep` int(5) unsigned NOT NULL DEFAULT '1',
  PRIMARY KEY (`id`),
  KEY `fk_aep_flux_financier` (`id_aep`),
  CONSTRAINT `fk_aep_flux_financier` FOREIGN KEY (`id_aep`) REFERENCES `aep` (`id`) ON DELETE CASCADE
) ENGINE=InnoDB AUTO_INCREMENT=6 DEFAULT CHARSET=latin1;

-- Donn√©es de `flux_financier`
INSERT INTO `flux_financier` (`id`,`date`,`mois`,`libele`,`prix`,`type`,`description`,`id_aep`) VALUES ('2','2025-05-14','2025-03','mardi','5000','sortie','totototot','1'),('3','2025-05-27','2025-05','aep','14000','sortie','','1'),('4','2025-05-27','2025-05','don de la regie','100000','entree','','1'),('5','2025-05-27','2025-05','Maintenance a Bassessa','15000','sortie','ksbdks doiwoe ewiuew ','1');


-- -----------------------------
-- Structure de la table `impaye`
-- -----------------------------
DROP TABLE IF EXISTS `impaye`;
CREATE TABLE `impaye` (
  `id` int(6) unsigned NOT NULL AUTO_INCREMENT,
  `montant` bigint(20) DEFAULT NULL,
  `est_regle` int(1) DEFAULT '0',
  `id_facture` int(4) unsigned NOT NULL,
  `date_reglement` date DEFAULT NULL,
  PRIMARY KEY (`id`),
  KEY `id_facture` (`id_facture`),
  CONSTRAINT `impaye_ibfk_1` FOREIGN KEY (`id_facture`) REFERENCES `facture` (`id`) ON DELETE CASCADE
) ENGINE=InnoDB AUTO_INCREMENT=11 DEFAULT CHARSET=latin1;

-- Donn√©es de `impaye`
INSERT INTO `impaye` (`id`,`montant`,`est_regle`,`id_facture`,`date_reglement`) VALUES ('1','500','0','46','0000-00-00'),('2','1000','0','46','0000-00-00'),('3','2000','0','46','0000-00-00'),('4','4000','0','46','0000-00-00'),('5','8000','0','46','0000-00-00'),('6','16000','0','46','0000-00-00'),('7','32000','0','46','0000-00-00'),('8','64000','0','46','0000-00-00'),('9','128000','0','46','0000-00-00'),('10','256000','0','46','0000-00-00');


-- -----------------------------
-- Structure de la table `indexes`
-- -----------------------------
DROP TABLE IF EXISTS `indexes`;
CREATE TABLE `indexes` (
  `id` int(6) unsigned NOT NULL AUTO_INCREMENT,
  `id_compteur` int(5) unsigned NOT NULL,
  `id_mois_facturation` int(3) unsigned NOT NULL,
  `ancien_index` decimal(8,2) NOT NULL,
  `nouvel_index` decimal(7,2) unsigned NOT NULL,
  `message` text,
  PRIMARY KEY (`id`),
  KEY `fk_compteur_indexes` (`id_compteur`),
  KEY `fk_mois_facturatio_indexes` (`id_mois_facturation`),
  CONSTRAINT `fk_compteur_indexes` FOREIGN KEY (`id_compteur`) REFERENCES `compteur` (`id`) ON DELETE CASCADE,
  CONSTRAINT `fk_mois_facturatio_indexes` FOREIGN KEY (`id_mois_facturation`) REFERENCES `mois_facturation` (`id`) ON DELETE CASCADE
) ENGINE=InnoDB AUTO_INCREMENT=544 DEFAULT CHARSET=latin1;

-- Donn√©es de `indexes`
INSERT INTO `indexes` (`id`,`id_compteur`,`id_mois_facturation`,`ancien_index`,`nouvel_index`,`message`) VALUES ('1','1','1','10.03','12.50',''),('2','2','1','0.00','3.60',''),('3','4','1','0.00','5.10',''),('4','5','1','0.00','0.00',''),('5','3','1','5.30','8.20',''),('18','1','5','12.50','14.10',''),('19','2','5','3.60','7.20',''),('20','4','5','5.10','6.80',''),('21','3','5','11.10','11.10',''),('22','1','6','14.10','14.10',''),('23','2','6','7.20','7.20',''),('24','4','6','6.80','6.80',''),('25','3','6','11.10','11.10',''),('26','1','7','14.10','17.60',''),('27','2','7','7.20','10.10',''),('28','4','7','6.80','13.20',''),('29','6','7','1.50','3.90',''),('30','3','7','11.10','13.09',''),('31','1','8','17.60','20.30',''),('32','2','8','10.10','12.10',''),('33','4','8','13.20','15.10',''),('34','6','8','3.90','5.20',''),('35','3','8','13.09','20.00',''),('36','1','9','20.30','21.50',''),('37','2','9','12.10','13.90',''),('38','4','9','15.10','18.30',''),('39','6','9','5.20','6.10',''),('40','3','9','20.00','28.00',''),('41','1','10','21.50','23.90',''),('42','2','10','13.90','16.30',''),('43','4','10','18.30','21.10',''),('44','6','10','6.10','7.30',''),('45','7','10','3.60','6.30',''),('46','3','10','28.00','32.10',''),('47','1','11','23.90','24.00',''),('48','2','11','16.30','18.00',''),('49','4','11','21.10','23.90',''),('50','8','11','2.20','2.20',''),('51','6','11','7.30','11.20',''),('52','7','11','6.30','6.30',''),('53','3','11','32.10','36.00',''),('54','1','12','24.00','27.00',''),('55','2','12','18.00','20.00',''),('56','4','12','23.90','25.00',''),('57','8','12','2.20','2.20',''),('58','6','12','11.20','11.20',''),('59','7','12','6.30','6.30',''),('60','9','12','3.50','3.50',''),('61','3','12','36.00','40.00',''),('110','10','19','1.50','5.50',''),('111','11','19','0.00','3.00',''),('344','812','46','-27.00','13.00',''),('345','813','46','47.00','47.00',''),('346','814','46','299.00','299.00',''),('347','815','46','447.00','447.00',''),('348','816','46','131.00','133.00',''),('349','817','46','177.00','181.00',''),('350','818','46','143.00','143.00',''),('351','819','46','181.00','181.00',''),('352','820','46','79.00','79.00',''),('353','821','46','36.00','36.00',''),('354','822','46','439.00','459.00',''),('355','823','46','406.00','461.00',''),('356','824','46','112.00','112.00',''),('357','825','46','332.00','348.00',''),('358','826','46','366.00','366.00',''),('359','827','46','47.00','47.00',''),('360','828','46','50.00','61.00',''),('361','829','46','125.00','137.00',''),('362','830','46','393.00','393.00',''),('363','831','46','21.00','21.00',''),('364','832','46','-3.00','17.00',''),('365','833','46','97.00','97.00',''),('366','834','46','-11.00','67.00',''),('367','835','46','178.00','183.00',''),('368','836','46','157.00','310.00',''),('369','837','46','-39.00','50.00',''),('370','838','46','-37.00','3.00',''),('371','839','46','-44.00','22.00',''),('372','840','46','-241.00','334.00',''),('373','841','46','77.00','77.00',''),('374','842','46','196.00','196.00',''),('375','843','46','63.00','85.00',''),('376','844','46','94.00','95.00',''),('377','845','46','748.00','1036.00',''),('378','846','46','25.00','27.00',''),('379','847','46','62.00','63.00',''),('380','848','46','0.00','0.00',''),('381','849','46','426.00','426.00',''),('382','850','46','81.00','95.00',''),('383','851','46','81.00','128.00',''),('384','852','46','94.00','96.00',''),('385','853','46','98.00','98.00',''),('386','854','46','55.00','55.00',''),('387','855','46','0.00','3.00',''),('388','856','46','-33.00','14.00',''),('389','857','46','22.00','22.00',''),('390','858','46','46.00','48.00',''),('391','859','46','41.00','66.00',''),('392','860','46','-12.00','19.00',''),('393','861','46','53.00','53.00',''),('394','862','46','32.00','32.00',''),('395','863','46','204.00','204.00',''),('396','864','46','499.00','524.00',''),('397','865','46','237.00','237.00',''),('398','866','46','43.00','69.00',''),('399','867','46','81.00','81.00',''),('400','868','46','-42.00','16.00',''),('401','869','46','67.00','74.00',''),('402','870','46','256.00','257.00',''),('403','871','46','148.00','152.00',''),('404','872','46','1078.00','1364.00',''),('405','873','46','190.00','190.00',''),('406','874','46','540.00','540.00',''),('407','875','46','23.00','23.00',''),('408','876','46','20.00','20.00',''),('409','877','46','47.00','1146.00',''),('410','878','46','63.00','63.00',''),('411','879','46','124.00','133.00',''),('412','880','46','-13.00','3.00',''),('413','881','46','116.00','126.00',''),('414','882','46','7.00','7.00',''),('415','883','46','-77.00','61.00',''),('416','884','46','148.00','148.00',''),('417','885','46','91.00','93.00',''),('418','886','46','-19.00','10.00',''),('419','887','46','51.00','51.00',''),('420','888','46','62.00','62.00',''),('421','889','46','58.00','60.00',''),('422','890','46','0.00','115.00',''),('423','891','46','-48.00','25.00',''),('424','892','46','425.00','425.00',''),('425','893','46','97.00','97.00',''),('426','894','46','116.00','120.00',''),('427','895','46','-38.00','52.00',''),('428','896','46','270.00','292.00',''),('429','897','46','85.00','85.00',''),('430','898','46','1.00','10.00',''),('431','899','46','35.00','36.00',''),('432','900','46','65.00','69.00',''),('433','901','46','161.00','174.00',''),('434','902','46','92.00','92.00',''),('435','903','46','126.00','168.00',''),('436','904','46','17.00','48.00',''),('437','905','46','28.00','355.00',''),('438','906','46','46.00','240.00',''),('439','907','46','-19.00','8.00',''),('440','908','46','84.00','89.00',''),('441','909','46','307.00','307.00',''),('442','910','46','480.00','497.00',''),('443','911','46','17.00','29.00',''),('444','912','46','20.00','22.00',''),('445','913','46','13.00','14.00',''),('446','914','46','309.00','593.00',''),('447','915','46','0.00','25.00',''),('448','916','46','-5.00','13.00',''),('449','917','46','25.00','25.00',''),('450','918','46','41.00','50.00',''),('451','919','46','12.00','13.00',''),('452','920','46','-16.00','7.00',''),('453','921','46','-66.00','82.00',''),('454','922','46','143.00','143.00',''),('455','923','46','-36.00','10.00',''),('456','924','46','89.00','99.00',''),('457','925','46','-105.00','140.00',''),('458','926','46','145.00','145.00',''),('459','927','46','16.00','19.00',''),('460','928','46','619.00','630.00',''),('461','929','46','-13.00','1.00',''),('462','930','46','32.00','32.00',''),('463','931','46','42.00','47.00',''),('464','932','46','160.00','160.00',''),('465','933','46','-19.00','232.00',''),('466','934','46','89.00','89.00',''),('467','935','46','0.00','22.00',''),('468','936','46','193.00','193.00',''),('469','937','46','128.00','132.00',''),('470','938','46','34.00','34.00',''),('471','939','46','35.00','35.00',''),('472','940','46','115.00','115.00',''),('473','941','46','-8.00','10.00',''),('474','942','46','26.00','34.00',''),('475','943','46','68.00','76.00',''),('476','944','46','20.00','22.00',''),('477','945','46','1.00','3.00',''),('478','946','46','14.00','16.00',''),('479','947','46','33.00','35.00',''),('480','948','46','28.00','32.00',''),('481','949','46','225.00','358.00',''),('482','950','46','7106.00','7113.00',''),('483','951','46','22.00','22.00',''),('484','952','46','33.00','33.00',''),('485','953','46','-15.00','524.00',''),('486','954','46','18.00','18.00',''),('487','955','46','79.00','98.00',''),('488','956','46','7.00','7.00',''),('489','957','46','56.00','56.00',''),('490','958','46','9.00','10.00',''),('491','959','46','3.00','6.00',''),('492','960','46','20.00','20.00',''),('493','961','46','34.00','75.00',''),('494','962','46','160.00','160.00',''),('495','963','46','-19.00','232.00',''),('496','964','46','89.00','89.00',''),('497','965','46','0.00','22.00',''),('498','966','46','193.00','193.00',''),('499','967','46','128.00','132.00',''),('500','968','46','34.00','34.00',''),('501','969','46','35.00','35.00',''),('502','970','46','115.00','115.00',''),('503','971','46','-8.00','10.00',''),('504','972','46','26.00','34.00',''),('505','973','46','68.00','76.00',''),('506','974','46','20.00','22.00',''),('507','975','46','1.00','3.00',''),('508','976','46','14.00','16.00',''),('509','977','46','33.00','35.00',''),('510','978','46','28.00','32.00',''),('511','979','46','225.00','358.00',''),('512','980','46','7106.00','7113.00',''),('513','981','46','22.00','22.00',''),('514','982','46','33.00','33.00',''),('515','983','46','-15.00','524.00',''),('516','984','46','18.00','18.00',''),('517','985','46','79.00','98.00',''),('518','986','46','7.00','7.00',''),('519','987','46','56.00','56.00',''),('520','988','46','9.00','10.00',''),('521','989','46','3.00','6.00',''),('522','990','46','20.00','20.00',''),('523','991','46','34.00','75.00',''),('524','992','46','9.00','9.00',''),('525','993','46','88.00','88.00',''),('526','994','46','-1.00','0.00',''),('527','995','46','44.00','46.00',''),('528','996','46','3.00','5.00',''),('529','997','46','16.00','21.00',''),('530','998','46','-9.00','93.00',''),('531','999','46','3.00','7.00',''),('532','1000','46','-3.00','4.00',''),('533','1001','46','6.00','6.00',''),('534','1002','46','0.00','4.00',''),('535','1003','46','-3.00','3.00',''),('536','1004','46','8.00','8.00',''),('537','1005','46','4.00','4.00',''),('538','1006','46','0.00','0.00',''),('539','1007','46','10.00','10.00',''),('540','1008','46','0.00','0.00',''),('541','1009','46','3.00','3.00',''),('542','1010','46','0.00','0.00',''),('543','1011','46','0.00','0.00','');


-- -----------------------------
-- Structure de la table `intervention_rh`
-- -----------------------------
DROP TABLE IF EXISTS `intervention_rh`;
CREATE TABLE `intervention_rh` (
  `intervention_id` int(11) NOT NULL,
  `rh_id` int(11) NOT NULL,
  `role_sur_intervention` varchar(120) DEFAULT NULL,
  `heures_prevues` decimal(12,2) DEFAULT '0.00',
  `heures_reelles` decimal(12,2) DEFAULT '0.00',
  `cout_prevu` decimal(14,2) DEFAULT '0.00',
  `cout_reel` decimal(14,2) DEFAULT '0.00',
  PRIMARY KEY (`intervention_id`,`rh_id`),
  KEY `idx_irh_rh` (`rh_id`),
  CONSTRAINT `fk_irh_intervention` FOREIGN KEY (`intervention_id`) REFERENCES `interventions` (`id`) ON DELETE CASCADE ON UPDATE CASCADE,
  CONSTRAINT `fk_irh_rh` FOREIGN KEY (`rh_id`) REFERENCES `ressources_humaines` (`id`) ON UPDATE CASCADE
) ENGINE=InnoDB DEFAULT CHARSET=utf8;

-- Donn√©es de `intervention_rh`

-- -----------------------------
-- Structure de la table `intervention_rm`
-- -----------------------------
DROP TABLE IF EXISTS `intervention_rm`;
CREATE TABLE `intervention_rm` (
  `intervention_id` int(11) NOT NULL,
  `rm_id` int(11) NOT NULL,
  `quantite_prevue` decimal(12,2) DEFAULT '0.00',
  `quantite_reelle` decimal(12,2) DEFAULT '0.00',
  `cout_prevu` decimal(14,2) DEFAULT '0.00',
  `cout_reel` decimal(14,2) DEFAULT '0.00',
  PRIMARY KEY (`intervention_id`,`rm_id`),
  KEY `idx_irm_rm` (`rm_id`),
  CONSTRAINT `fk_irm_intervention` FOREIGN KEY (`intervention_id`) REFERENCES `interventions` (`id`) ON DELETE CASCADE ON UPDATE CASCADE,
  CONSTRAINT `fk_irm_rm` FOREIGN KEY (`rm_id`) REFERENCES `ressources_materielles` (`id`) ON UPDATE CASCADE
) ENGINE=InnoDB DEFAULT CHARSET=utf8;

-- Donn√©es de `intervention_rm`

-- -----------------------------
-- Structure de la table `interventions`
-- -----------------------------
DROP TABLE IF EXISTS `interventions`;
CREATE TABLE `interventions` (
  `id` int(11) NOT NULL AUTO_INCREMENT,
  `aep_id` int(11) NOT NULL,
  `titre` varchar(200) NOT NULL,
  `type` varchar(100) NOT NULL,
  `description` text,
  `localisation` varchar(200) DEFAULT NULL,
  `date_debut_prevue` datetime DEFAULT NULL,
  `date_fin_prevue` datetime DEFAULT NULL,
  `date_debut_reelle` datetime DEFAULT NULL,
  `date_fin_reelle` datetime DEFAULT NULL,
  `statut` enum('planifiee','en_cours','terminee','annulee') DEFAULT 'planifiee',
  `cout_estime` decimal(14,2) DEFAULT '0.00',
  `cout_reel` decimal(14,2) DEFAULT '0.00',
  `created_by` int(11) DEFAULT NULL,
  `created_at` datetime DEFAULT NULL,
  `updated_at` datetime DEFAULT NULL,
  PRIMARY KEY (`id`),
  KEY `idx_interv_aep` (`aep_id`),
  KEY `idx_interv_statut` (`statut`),
  KEY `idx_interv_dates` (`date_debut_prevue`,`date_fin_prevue`)
) ENGINE=InnoDB AUTO_INCREMENT=2 DEFAULT CHARSET=utf8;

-- Donn√©es de `interventions`
INSERT INTO `interventions` (`id`,`aep_id`,`titre`,`type`,`description`,`localisation`,`date_debut_prevue`,`date_fin_prevue`,`date_debut_reelle`,`date_fin_reelle`,`statut`,`cout_estime`,`cout_reel`,`created_by`,`created_at`,`updated_at`) VALUES ('1','1','Nettoyage des vanes','maintenances','djjdjdsjksdksd  sjsdksd dskd','Reservoire Nzah','2025-08-13 14:24:00','0000-00-00 00:00:00',NULL,'2025-08-29 14:26:05','terminee','0.00','0.00','7',NULL,NULL);


-- -----------------------------
-- Structure de la table `logs`
-- -----------------------------
DROP TABLE IF EXISTS `logs`;
CREATE TABLE `logs` (
  `id` int(11) NOT NULL AUTO_INCREMENT,
  `user_id` int(11) DEFAULT NULL,
  `page_libelle` varchar(255) DEFAULT NULL,
  `action` varchar(50) DEFAULT NULL,
  `timestamp` datetime DEFAULT NULL,
  PRIMARY KEY (`id`)
) ENGINE=MyISAM AUTO_INCREMENT=45 DEFAULT CHARSET=latin1;

-- Donn√©es de `logs`
INSERT INTO `logs` (`id`,`user_id`,`page_libelle`,`action`,`timestamp`) VALUES ('1',NULL,'page de role','update_role','0000-00-00 00:00:00'),('2',NULL,'role','add_role#4','2025-04-22 18:54:20'),('3',NULL,'role','add_role#5','2025-04-22 18:55:00'),('4',NULL,'role','add_role#6','2025-04-22 18:56:03'),('5',NULL,'role','add_role#7','2025-04-22 18:57:36'),('6',NULL,'role','delete_role','0000-00-00 00:00:00'),('7',NULL,'role','delete_role','0000-00-00 00:00:00'),('8',NULL,'role','delete_role','0000-00-00 00:00:00'),('9',NULL,'role','delete_role','0000-00-00 00:00:00'),('10',NULL,'role','delete_role#4','0000-00-00 00:00:00'),('11',NULL,'page de role','update_role','0000-00-00 00:00:00'),('12',NULL,'role_detail','remove_user_role#1','2025-04-22 21:24:28'),('13',NULL,'role_detail','add_user_role#1','2025-04-22 21:25:06'),('14',NULL,'role','delete_role#2','0000-00-00 00:00:00'),('15',NULL,'role','add_role#8','2025-04-23 13:59:18'),('16',NULL,'role','add_role#9','2025-04-23 13:59:27'),('17',NULL,'role_detail','remove_page_access#1','2025-04-27 11:29:38'),('18',NULL,'role_detail','remove_page_access#1','2025-04-27 11:30:07'),('19',NULL,'role_detail','add_page_access#1#1','2025-04-27 11:33:17'),('20',NULL,'role_detail','add_page_access#8#1','2025-04-27 11:44:32'),('21',NULL,'role_detail','add_user_role#8','2025-04-27 11:48:16'),('22',NULL,'role_detail','add_user_role#1','2025-04-29 12:24:17'),('23',NULL,'role_detail','add_page_access#8#3','2025-04-29 13:01:16'),('24',NULL,'role_detail','add_page_access#8#3','2025-04-29 13:04:42'),('25',NULL,'role_detail','add_page_access#8#3','2025-04-29 13:05:35'),('26',NULL,'role_detail','add_user_role#8','2025-04-29 13:18:57'),('27',NULL,'role_detail','remove_user_role#8','2025-04-29 14:06:40'),('28',NULL,'role_detail','remove_user_role#8','2025-04-29 14:44:20'),('29',NULL,'role_detail','remove_user_role#8','2025-04-29 14:44:35'),('30',NULL,'role_detail','remove_page_access#9','2025-04-29 14:45:31'),('31',NULL,'role_detail','remove_page_access#9','2025-04-29 14:45:44'),('32',NULL,'role_detail','remove_page_access#9','2025-04-29 14:45:58'),('33',NULL,'role','add_role#10','2025-04-29 14:46:57'),('34',NULL,'role','add_role#11','2025-04-30 13:18:27'),('35',NULL,'role_detail','add_user_role#9','2025-05-12 11:39:30'),('36',NULL,'role_detail','add_user_role#9','2025-06-20 12:20:25'),('37',NULL,'role_detail','add_user_role#8','2025-06-20 12:24:57'),('38',NULL,'role_detail','add_user_role#10','2025-06-20 12:38:27'),('39',NULL,'role_detail','add_user_role#1','2025-08-01 12:38:26'),('40',NULL,'role_detail','add_user_role#1','2025-08-01 12:38:37'),('41',NULL,'role_detail','add_user_role#1','2025-08-01 12:38:56'),('42',NULL,'role_detail','add_user_role#1','2025-08-01 12:40:32'),('43',NULL,'role','add_role#12','2025-08-01 12:42:57'),('44',NULL,'role_detail','add_user_role#12','2025-08-01 12:43:07');


-- -----------------------------
-- Structure de la table `mois_facturation`
-- -----------------------------
DROP TABLE IF EXISTS `mois_facturation`;
CREATE TABLE `mois_facturation` (
  `id` int(3) unsigned NOT NULL AUTO_INCREMENT,
  `mois` varchar(32) NOT NULL,
  `date_facturation` date NOT NULL,
  `date_depot` date NOT NULL,
  `id_constante` int(2) unsigned NOT NULL,
  `description` text,
  `est_actif` tinyint(1) NOT NULL,
  `date_releve` date DEFAULT NULL,
  PRIMARY KEY (`id`),
  UNIQUE KEY `unique_id_mois` (`id`,`mois`),
  KEY `id_constante` (`id_constante`),
  CONSTRAINT `mois_facturation_ibfk_1` FOREIGN KEY (`id_constante`) REFERENCES `constante_reseau` (`id`)
) ENGINE=InnoDB AUTO_INCREMENT=47 DEFAULT CHARSET=latin1;

-- Donn√©es de `mois_facturation`
INSERT INTO `mois_facturation` (`id`,`mois`,`date_facturation`,`date_depot`,`id_constante`,`description`,`est_actif`,`date_releve`) VALUES ('1','2025-01','0000-00-00','0000-00-00','1','','0',NULL),('5','2025-02','0000-00-00','0000-00-00','1','','0',NULL),('6','2025-03','0000-00-00','2025-04-02','1','','0',NULL),('7','2025-04','0000-00-00','2025-07-16','1','','0',NULL),('8','2025-05','0000-00-00','2025-05-31','1','','0',NULL),('9','2025-06','0000-00-00','2025-05-30','1','','0','2025-08-02'),('10','2025-07','0000-00-00','2025-08-01','1','','0',NULL),('11','2025-08','0000-00-00','2025-08-31','1','','0',NULL),('12','2025-09','0000-00-00','2025-08-17','1','la pluie tombe','1','2025-08-03'),('19','2025-01','0000-00-00','2025-01-30','4','tout premier moi de l\'aep','1','2025-01-28'),('24','2025-01','0000-00-00','0000-00-00','5','','1',NULL),('46','2020-01','0000-00-00','0000-00-00','29','','1','0000-00-00');


-- -----------------------------
-- Structure de la table `page_role_aep`
-- -----------------------------
DROP TABLE IF EXISTS `page_role_aep`;
CREATE TABLE `page_role_aep` (
  `page_id` int(11) NOT NULL DEFAULT '0',
  `role_id` int(11) NOT NULL DEFAULT '0',
  `write_access` int(1) DEFAULT '0',
  PRIMARY KEY (`page_id`,`role_id`),
  KEY `role_id` (`role_id`)
) ENGINE=MyISAM DEFAULT CHARSET=latin1;

-- Donn√©es de `page_role_aep`
INSERT INTO `page_role_aep` (`page_id`,`role_id`,`write_access`) VALUES ('24','1','1'),('25','1','1'),('26','1','1'),('27','1','1'),('28','1','1'),('53','1','1'),('30','1','1'),('31','1','1'),('32','1','1'),('33','1','1'),('34','1','1'),('35','1','1'),('36','1','1'),('37','1','1'),('38','1','1'),('39','1','1'),('40','1','1'),('41','1','1'),('42','1','1'),('43','1','1'),('44','1','1'),('45','1','1'),('46','1','1'),('29','1','1'),('48','1','1'),('49','1','1'),('50','1','1'),('51','1','1'),('52','1','1'),('53','8','0'),('39','8','0'),('38','8','1'),('54','1','1'),('36','10','0'),('33','10','0'),('26','10','0'),('50','9','0'),('43','9','0'),('42','9','0'),('41','9','0'),('40','9','0'),('26','9','0'),('26','8','0'),('54','10','0'),('55','1','1'),('56','1','1'),('26','11','0'),('57','1','1'),('58','1','1'),('59','1','1'),('60','1','1'),('61','1','1'),('62','1','1'),('63','1','1'),('64','1','1'),('65','1','1'),('66','1','1'),('67','1','1'),('68','1','1'),('69','1','1'),('70','1','1'),('71','1','1'),('72','1','1'),('73','1','1'),('74','1','1'),('75','1','1'),('76','1','1'),('77','1','1'),('78','1','1'),('69','9','0'),('70','9','0'),('74','8','0'),('25','12','0'),('26','12','0'),('27','12','0'),('28','12','0'),('29','12','0'),('30','12','0'),('31','12','0'),('32','12','0'),('33','12','0'),('34','12','0'),('35','12','0'),('36','12','0'),('37','12','0'),('38','12','0'),('39','12','0'),('40','12','0'),('41','12','0'),('42','12','0'),('43','12','0'),('45','12','0'),('46','12','0'),('47','12','0'),('48','12','0'),('49','12','0'),('50','12','0'),('51','12','0'),('52','12','0'),('53','12','0'),('54','12','0'),('55','12','0'),('56','12','0'),('57','12','0'),('58','12','0'),('59','12','0'),('60','12','0'),('61','12','0'),('62','12','0'),('63','12','0'),('64','12','0'),('65','12','0'),('66','12','0'),('67','12','0'),('68','12','0'),('69','12','0'),('70','12','0'),('71','12','0'),('72','12','0'),('73','12','0'),('74','12','0'),('75','12','0'),('76','12','0'),('77','12','0'),('78','12','0'),('79','1','1'),('80','1','1'),('81','1','1'),('82','1','1'),('83','1','1'),('84','1','1'),('85','1','1'),('86','1','1'),('87','1','1'),('88','1','1'),('89','1','1');


-- -----------------------------
-- Structure de la table `pages`
-- -----------------------------
DROP TABLE IF EXISTS `pages`;
CREATE TABLE `pages` (
  `id` int(11) NOT NULL AUTO_INCREMENT,
  `chaine` varchar(255) NOT NULL,
  `libelle` varchar(255) NOT NULL,
  `description` text,
  PRIMARY KEY (`id`),
  UNIQUE KEY `unique_chaine` (`chaine`)
) ENGINE=MyISAM AUTO_INCREMENT=90 DEFAULT CHARSET=latin1;

-- Donn√©es de `pages`
INSERT INTO `pages` (`id`,`chaine`,`libelle`,`description`) VALUES ('24','page=role_detail','role_detail',''),('25','form=aep','aep',''),('26','page=home','home',''),('27','page=reseau','reseau',''),('28','form=reseau','reseau',''),('29','form=abone','abone',''),('30','list=compteur_reseau','compteur_reseau',''),('31','list=distribution_simple','distribution_simple',''),('32','list=production_simple','production_simple',''),('33','list=recouvrement','recouvrement',''),('34','list=facture_month','facture_month',''),('35','list=liste_facture_month','liste_facture_month',''),('36','list=mois_facturation','mois_facturation',''),('37','form=constante_reseau','constante_reseau',''),('38','form=import_index','import_index',''),('39','list=releve_manuelle','releve_manuelle',''),('40','form=finance','finance',''),('41','list=transaction','transaction',''),('42','form=login','login',''),('43','form=register','register',''),('44','form=role','role',''),('45','page=register','register',''),('46','page=role','role',''),('47','page=login','login',''),('48','page=aep','aep',''),('49','page=edit_aep','edit_aep',''),('50','page=logout','logout',''),('51','list=logout','logout',''),('52','page=toto','toto',''),('53','page=download_index','download_index',''),('54','page=info_abone','info_abone',''),('55','page=clefs','clefs',''),('56','page=user_details','user_details',''),('57','page=redevance','redevance',''),('58','page=versement','versement',''),('59','page=clef','clef',''),('60','page=users','users',''),('61','page=page','page',''),('62','list=versements','versements',''),('63','page=versements','versements',''),('64','page=detail_revance','detail_revance',''),('65','page=revanc_detailse','revanc_detailse',''),('66','page=revance_detailse','revance_detailse',''),('67','page=redevance_detailse','redevance_detailse',''),('68','page=redevance_details','redevance_details',''),('69','page=aep_dashbord','aep_dashbord',''),('70','page=aep_dashboard','aep_dashboard',''),('71','page=transaction','transaction',''),('72','list=releve_page','releve_page',''),('73','form=export_index','export_index',''),('74','page=releves','releves',''),('75','list=releve_indexx','releve_indexx',''),('76','list=releve_index','releve_index',''),('77','id_mois=10','10',''),('78','list=abone_simple','abone_simple',''),('79','page=relevesoperation=error','relevesoperation',''),('80','page=constante_reseau','constante_reseau',''),('81','page=constante_reseau_page','constante_reseau_page',''),('82','id_mois=18','18',''),('83','page=ressource','ressource',''),('84','page=ressources','ressources',''),('85','page=interventions','interventions',''),('86','page=backups','backups',''),('87','page=backup','backup',''),('88','page=abones','abones',''),('89','page=fokoue_data','fokoue_data','');


-- -----------------------------
-- Structure de la table `position_compteur_aep`
-- -----------------------------
DROP TABLE IF EXISTS `position_compteur_aep`;
CREATE TABLE `position_compteur_aep` (
  `id` int(2) unsigned NOT NULL AUTO_INCREMENT,
  `position` varchar(32) NOT NULL,
  PRIMARY KEY (`id`)
) ENGINE=InnoDB DEFAULT CHARSET=latin1;

-- Donn√©es de `position_compteur_aep`

-- -----------------------------
-- Structure de la table `redevance`
-- -----------------------------
DROP TABLE IF EXISTS `redevance`;
CREATE TABLE `redevance` (
  `id` int(4) unsigned NOT NULL AUTO_INCREMENT,
  `libele` varchar(64) NOT NULL,
  `pourcentage` decimal(5,2) NOT NULL,
  `description` text,
  `id_aep` int(4) unsigned DEFAULT NULL,
  `type` varchar(8) NOT NULL DEFAULT 'sortie',
  `mois_debut` varchar(8) DEFAULT '2025-03',
  PRIMARY KEY (`id`),
  KEY `fk_aep_redevance` (`id_aep`),
  CONSTRAINT `fk_aep_redevance` FOREIGN KEY (`id_aep`) REFERENCES `aep` (`id`)
) ENGINE=InnoDB AUTO_INCREMENT=4 DEFAULT CHARSET=latin1;

-- Donn√©es de `redevance`
INSERT INTO `redevance` (`id`,`libele`,`pourcentage`,`description`,`id_aep`,`type`,`mois_debut`) VALUES ('2','CUE','12.50','Rentre chez le comite des usagers de l\'eau','1','sortie','2025-03'),('3','Mairie','20.00','','1','sortie','2025-02');


-- -----------------------------
-- Structure de la table `reseau`
-- -----------------------------
DROP TABLE IF EXISTS `reseau`;
CREATE TABLE `reseau` (
  `id` int(3) unsigned NOT NULL AUTO_INCREMENT,
  `nom` varchar(32) NOT NULL,
  `abreviation` varchar(16) DEFAULT NULL,
  `date_creation` date NOT NULL,
  `description_reseau` text,
  `id_aep` int(4) unsigned NOT NULL DEFAULT '1',
  PRIMARY KEY (`id`),
  KEY `fk_aep_reseau` (`id_aep`),
  CONSTRAINT `fk_aep_reseau` FOREIGN KEY (`id_aep`) REFERENCES `aep` (`id`)
) ENGINE=InnoDB AUTO_INCREMENT=257 DEFAULT CHARSET=latin1;

-- Donn√©es de `reseau`
INSERT INTO `reseau` (`id`,`nom`,`abreviation`,`date_creation`,`description_reseau`,`id_aep`) VALUES ('1','Reseau principal','RP','2020-03-17','','1'),('2','Reseau secondaire 1','Rs1','2025-04-01','','1'),('3','Reseau secondaire 2','Rs2','2025-04-23','','1'),('4','Reseau Test','RT','2025-06-20','','3'),('5','Reseau secondaire 4','Rs4','2025-08-01','','1'),('252','Nza\'ah','NZA','2020-01-01','','5'),('253','Eweit','EWE','2020-01-01','','5'),('254','Mbouh','MBO','2020-01-01','','5'),('255','Ancien Mbouh','ANC','2020-01-01','','5'),('256','Madong','MAD','2020-01-01','','5');


-- -----------------------------
-- Structure de la table `ressources_humaines`
-- -----------------------------
DROP TABLE IF EXISTS `ressources_humaines`;
CREATE TABLE `ressources_humaines` (
  `id` int(11) NOT NULL AUTO_INCREMENT,
  `aep_id` int(11) NOT NULL,
  `nom` varchar(150) NOT NULL,
  `fonction` varchar(120) DEFAULT NULL,
  `competences` text,
  `telephone` varchar(50) DEFAULT NULL,
  `statut` enum('disponible','occupe','indisponible') DEFAULT 'disponible',
  `cout_horaire` decimal(12,2) DEFAULT '0.00',
  `actif` tinyint(1) DEFAULT '1',
  `created_at` datetime DEFAULT NULL,
  `updated_at` datetime DEFAULT NULL,
  PRIMARY KEY (`id`),
  KEY `idx_rh_aep` (`aep_id`),
  KEY `idx_rh_statut` (`statut`),
  KEY `idx_rh_actif` (`actif`)
) ENGINE=InnoDB AUTO_INCREMENT=2 DEFAULT CHARSET=utf8;

-- Donn√©es de `ressources_humaines`
INSERT INTO `ressources_humaines` (`id`,`aep_id`,`nom`,`fonction`,`competences`,`telephone`,`statut`,`cout_horaire`,`actif`,`created_at`,`updated_at`) VALUES ('1','1','Tsafack','TOOOO','4152155','68547895214','disponible','0.00','1',NULL,NULL);


-- -----------------------------
-- Structure de la table `ressources_materielles`
-- -----------------------------
DROP TABLE IF EXISTS `ressources_materielles`;
CREATE TABLE `ressources_materielles` (
  `id` int(11) NOT NULL AUTO_INCREMENT,
  `aep_id` int(11) NOT NULL,
  `libelle` varchar(180) NOT NULL,
  `categorie` varchar(120) DEFAULT NULL,
  `reference` varchar(120) DEFAULT NULL,
  `quantite_totale` decimal(12,2) DEFAULT '0.00',
  `quantite_disponible` decimal(12,2) DEFAULT '0.00',
  `unite` varchar(30) DEFAULT 'u',
  `cout_unitaire` decimal(12,2) DEFAULT '0.00',
  `statut` enum('disponible','occupe','panne','hors_service') DEFAULT 'disponible',
  `actif` tinyint(1) DEFAULT '1',
  `created_at` datetime DEFAULT NULL,
  `updated_at` datetime DEFAULT NULL,
  PRIMARY KEY (`id`),
  KEY `idx_rm_aep` (`aep_id`),
  KEY `idx_rm_statut` (`statut`),
  KEY `idx_rm_categorie` (`categorie`),
  KEY `idx_rm_actif` (`actif`)
) ENGINE=InnoDB DEFAULT CHARSET=utf8;

-- Donn√©es de `ressources_materielles`

-- -----------------------------
-- Structure de la table `roles`
-- -----------------------------
DROP TABLE IF EXISTS `roles`;
CREATE TABLE `roles` (
  `id` int(11) NOT NULL AUTO_INCREMENT,
  `nom` varchar(50) NOT NULL,
  PRIMARY KEY (`id`)
) ENGINE=MyISAM AUTO_INCREMENT=13 DEFAULT CHARSET=latin1;

-- Donn√©es de `roles`
INSERT INTO `roles` (`id`,`nom`) VALUES ('1','Administrateur'),('8','Releveur'),('9','Comptable'),('10','Recouvreur'),('11','Visiteur'),('12','all');


-- -----------------------------
-- Structure de la table `travail`
-- -----------------------------
DROP TABLE IF EXISTS `travail`;
CREATE TABLE `travail` (
  `id` int(5) unsigned NOT NULL AUTO_INCREMENT,
  `id_aep` int(4) unsigned NOT NULL,
  `id_utilisateur` int(4) unsigned NOT NULL,
  PRIMARY KEY (`id`),
  KEY `fk_aep_travail` (`id_aep`),
  KEY `fk_utilisateur_travail` (`id_utilisateur`),
  CONSTRAINT `fk_aep_travail` FOREIGN KEY (`id_aep`) REFERENCES `aep` (`id`),
  CONSTRAINT `fk_utilisateur_travail` FOREIGN KEY (`id_utilisateur`) REFERENCES `utilisateur` (`id`)
) ENGINE=InnoDB DEFAULT CHARSET=latin1;

-- Donn√©es de `travail`

-- -----------------------------
-- Structure de la table `user_clefs`
-- -----------------------------
DROP TABLE IF EXISTS `user_clefs`;
CREATE TABLE `user_clefs` (
  `clef_id` int(3) unsigned NOT NULL,
  `user_id` int(3) unsigned NOT NULL,
  PRIMARY KEY (`clef_id`),
  KEY `user_id` (`user_id`)
) ENGINE=MyISAM DEFAULT CHARSET=latin1;

-- Donn√©es de `user_clefs`
INSERT INTO `user_clefs` (`clef_id`,`user_id`) VALUES ('3','8'),('2','9'),('4','10'),('10','11'),('11','12'),('6','13'),('5','14'),('12','15'),('9','16');


-- -----------------------------
-- Structure de la table `user_roles`
-- -----------------------------
DROP TABLE IF EXISTS `user_roles`;
CREATE TABLE `user_roles` (
  `user_id` int(11) NOT NULL DEFAULT '0',
  `role_id` int(11) NOT NULL DEFAULT '0',
  PRIMARY KEY (`user_id`,`role_id`),
  KEY `role_id` (`role_id`)
) ENGINE=MyISAM DEFAULT CHARSET=latin1;

-- Donn√©es de `user_roles`
INSERT INTO `user_roles` (`user_id`,`role_id`) VALUES ('1','1'),('7','1'),('8','8'),('9','8'),('9','10'),('10','9'),('10','11'),('11','8'),('11','9'),('11','10'),('11','11'),('12','1'),('12','8'),('12','11'),('12','12'),('13','1'),('13','11'),('14','1'),('14','11'),('15','11'),('16','1'),('16','11');


-- -----------------------------
-- Structure de la table `users`
-- -----------------------------
DROP TABLE IF EXISTS `users`;
CREATE TABLE `users` (
  `id` int(5) unsigned NOT NULL AUTO_INCREMENT,
  `email` varchar(32) NOT NULL,
  `nom` varchar(32) NOT NULL,
  `prenom` varchar(32) NOT NULL,
  `numero_telephone` varchar(16) NOT NULL,
  `password` varchar(64) DEFAULT NULL,
  `salt` varchar(64) DEFAULT NULL,
  PRIMARY KEY (`id`)
) ENGINE=MyISAM AUTO_INCREMENT=17 DEFAULT CHARSET=latin1;

-- Donn√©es de `users`
INSERT INTO `users` (`id`,`email`,`nom`,`prenom`,`numero_telephone`,`password`,`salt`) VALUES ('1','sd@gmail.com','slks aslk','M','654152545','ef797c8118f02dfb',''),('2','tockemapplications@gmail.com','Tsafack','Erick','654190514','ef797c8118f02dfb',''),('3','tockemapplications2@gmail.com','sncdsl;n','sldnlds','25412545','e150f4455ed28e8c',''),('4','tockemapplications3@gmail.com','sksk','sksk','6565656565','aa005661a830c458','ae8604e73a48e7022190406c201ca358'),('5','tockemapplications5@gmail.com','olol','lolo','653636363','f916e27059dc0b41','5bbb445a4f503f8234ecbe37903f0c24'),('6','tockemapplications6@gmail.com','opopo','poioi','658585959','3270175410fe1cc8ee5633e04a14fcad56ee04bbaa5329604385bed55fe1098d','15f7ce4388a49a9be16cf70015ec2f9e'),('7','tockemapplications0@gmail.com','Takam Ulrich','Erick','6565656565','1f3b595625daad307953bb1153055ef9d28ffa2bbde1dc384c6d109fca6d552a','7a85e01b353c290533d2deda2c84805a'),('8','ericktsafack@gmail.com','Tsafack','Erick','654190514','fb259da39527c902bcbd1161b579ab84cb416e59208f637819e72f30e11751e1','2abf440fceec6545a861fd6a3b52a819'),('9','bonjour@gmail.com','Mezankeu','Darelle','658595653','66b69e627ba0867e07b680bdc8966ded1c0d97edc8e079cc3a1ca6936b4a7cee','249324c1cb4a556af910a1d2ef1eb9e2'),('10','tockemapplications10@gmail.com','platon','juju','698977445','e7c90bb79468a7b6a01ce361628c0ceae4365071a7dace2808ef5aea8532c683','cdb3babd4215c8db8f9abd2b7c4e65fd'),('11','testblanche@gmail.com','Test Momo','blanche','677565453','285af19d2e8f258a544d15781bb5312a3c336d5695533044c6178bd5a5f867a2','1d395a8551f727d8d1c09cbf7a7c8349'),('12','martialtsobeng@gmail.com','TSOBENG','Martial','697621294','789473a2831b79cdcc5450d2088b0092660cf3e116a1d2e46578bf842dbba545','0e8d639eb5510f72802da07d09dec59c'),('13','blanchemomo1991@gmail.com','MOMO TSOPFACK','Blanche','698193280','e1302e2f72b5f2a2011f8604f32384dfd11616a54be08552d164abe3e4b666ce','6ea512ef0586ad887caeca3174932e5f'),('14','mcnyama@gmail.com','NDZOU','Lewis','670029033','cfb4ed94663bd191622f65828fc638c9948affd1edb0490c7583fe3a38fefcd3','e0e091a6b29dc541a628e4368cc999aa'),('15','tockemapplicationsp@gmail.com','toto','Eric','654190514','7f595eb4847906a7209df1803231cc70d8ed502492f99a8ae2603922c8cf89c4','8040d34cb3038874663428a566ea383b'),('16','mabamomoachille@gmail.com','maba momo','achille','690409882','36ca59f93c6f45940d6fd749e022f44f22f5979153d54becfc609c92d389bac1','f6d7932db35bd7a2637f9ca93516d084');


-- -----------------------------
-- Structure de la table `utilisateur`
-- -----------------------------
DROP TABLE IF EXISTS `utilisateur`;
CREATE TABLE `utilisateur` (
  `id` int(5) unsigned NOT NULL AUTO_INCREMENT,
  `email` varchar(32) NOT NULL,
  `nom` varchar(32) NOT NULL,
  `prenom` varchar(32) NOT NULL,
  `numero_telephone` varchar(16) NOT NULL,
  PRIMARY KEY (`id`)
) ENGINE=InnoDB DEFAULT CHARSET=latin1;

-- Donn√©es de `utilisateur`

-- -----------------------------
-- Structure de la table `versements`
-- -----------------------------
DROP TABLE IF EXISTS `versements`;
CREATE TABLE `versements` (
  `id` int(4) unsigned NOT NULL AUTO_INCREMENT,
  `montant` decimal(15,2) NOT NULL,
  `date_versement` date NOT NULL,
  `id_mois_facturation` int(4) unsigned NOT NULL,
  `id_redevance` int(4) unsigned NOT NULL,
  `est_valide` tinyint(1) NOT NULL DEFAULT '0',
  PRIMARY KEY (`id`),
  KEY `id_mois_facturation` (`id_mois_facturation`),
  KEY `id_redevance` (`id_redevance`)
) ENGINE=MyISAM AUTO_INCREMENT=38 DEFAULT CHARSET=latin1;

-- Donn√©es de `versements`
INSERT INTO `versements` (`id`,`montant`,`date_versement`,`id_mois_facturation`,`id_redevance`,`est_valide`) VALUES ('27','493.75','2025-05-04','8','2','0'),('31','105.00','2025-05-12','9','4','0'),('28','395.00','2025-05-04','8','4','0'),('26','690.00','2025-05-04','5','3','1'),('32','131.25','2025-05-12','9','2','0'),('30','210.00','2025-05-12','9','3','0'),('29','790.00','2025-05-04','8','3','0'),('33','262.50','2025-05-12','9','5','0'),('34','237.50','2025-05-12','9','5','0'),('35','118.75','2025-05-12','9','2','0'),('36','95.00','2025-05-12','9','4','0'),('37','190.00','2025-05-12','9','3','0');

SET FOREIGN_KEY_CHECKS=1;
