-- Export SQL g√©n√©r√© par l'application (PHP)
SET NAMES utf8;
SET FOREIGN_KEY_CHECKS=0;


-- -----------------------------
-- Structure de la table `abone`
-- -----------------------------
DROP TABLE IF EXISTS `abone`;
CREATE TABLE `abone` (
  `id` int(4) unsigned NOT NULL AUTO_INCREMENT,
  `nom` varchar(128) NOT NULL,
  `numero_telephone` varchar(16) NOT NULL,
  `numero_compte_anticipation` varchar(16) NOT NULL,
  `etat` varchar(10) NOT NULL,
  `rang` int(4) DEFAULT NULL,
  `id_reseau` int(3) unsigned NOT NULL,
  PRIMARY KEY (`id`),
  KEY `id_reseau` (`id_reseau`),
  CONSTRAINT `abone_ibfk_1` FOREIGN KEY (`id_reseau`) REFERENCES `reseau` (`id`)
) ENGINE=InnoDB AUTO_INCREMENT=548 DEFAULT CHARSET=latin1;

-- Donn√©es de `abone`
INSERT INTO `abone` (`id`,`nom`,`numero_telephone`,`numero_compte_anticipation`,`etat`,`rang`,`id_reseau`) VALUES ('1','Donkeng Maxime','695854745','100','actif','0','1'),('2','Tedonkeu Mireille','652414878','100','actif','0','1'),('3','Takam Ulrich','654852515','100','actif','0','1'),('4','Mbopda Ulrich','658545152','100','actif','0','2'),('5','Matefack Cedrick','698979521','100','actif','0','3'),('6','Manka Michel','659585754','100','actif','0','1'),('7','Onana','6565656565','100','actif','0','5'),('269','Kuecheu Boniface 1','','','non actif','1','14'),('270','Fogoh John Muafor','','','actif','2','14'),('271','Fodjo Basile','','','actif','3','15'),('272','Fomo Felix','','','actif','4','14'),('273','Mafodong Marie','','','actif','5','14'),('274','Nguetia N. Samuel','','','actif','6','14'),('275','Makenguim M. Julienne','','','actif','7','14'),('276','Ndemnou Alphonse','','','actif','8','15'),('277','Lonzi Michael','','','actif','9','14'),('278','Fanzet','','','actif','10','14'),('279','Tessa Jean','','','actif','11','14'),('280','Ngankeng Jean','','','actif','12','14'),('281','Kamkeng Alphonse','','','actif','13','14'),('282','Ngatchop Tessa','','','actif','14','16'),('283','Mekontchou Antoine','','','actif','15','14'),('284','Mekontchou Antoine','','','actif','16','14'),('285','Nguekouo Patrice','','','actif','17','15'),('286','Nguimgo Pauline','','','actif','18','16'),('287','Djoumessi Marcel','','','actif','19','16'),('288','Toukam Lekane Marie','','','actif','20','15'),('289','Mawamba Pauline','','','actif','21','16'),('290','Tchuekam Herve','','','actif','22','15'),('291','Tedjou Jean Claude','','','actif','23','14'),('292','Koumo Andre','','','actif','24','14'),('293','Nenkounkang Pierre','','','actif','25','15'),('294','Assobkeng Joseph','','','actif','26','14'),('295','Tedjou Fulbert','','','actif','27','15'),('296','Tetsopgang Samuel','','','actif','28','16'),('297','Ntopa Bernard','','','actif','29','15'),('298','Nupioleh Barthelemy','','','actif','30','16'),('299','Tatou Cami','','','actif','31','15'),('300','Mufid Fokoue','','','actif','32','16'),('301','Tapioleu Leopold','','','actif','33','14'),('302','Djoukeng Axel','','','actif','34','16'),('303','Assonfack T. Antoine','','','actif','35','14'),('304','Awounang','','','actif','36','14'),('305','Aboudem Paul','','','actif','37','14'),('306','Tikouoka Jean Robert','','','actif','38','14'),('307','Ladjou Julienne','','','actif','39','14'),('308','Nintedem Marie','','','actif','40','15'),('309','Tekoungang Etienne','','','actif','41','15'),('310','Kodjeu Antoine','','','actif','42','14'),('311','Teikeu Dieudonne','','','actif','43','14'),('312','Kamgang Ghislain','','','actif','44','14'),('313','Tessa Nguegang Junior','','','actif','45','14'),('314','Tchapkeng Regine','','','actif','46','14'),('315','Tenangue Rene','','','actif','47','14'),('316','Chouyemgou K. Francois','','','actif','48','14'),('317','Dongmo Hella Herve','','','actif','49','16'),('318','Pokam Helene','','','actif','50','14'),('319','Mekontchou Robert','','','actif','51','14'),('320','Fodjo Basile','','','actif','52','15'),('321','Tambat Felix','','','actif','53','16'),('322','Kouemo Annie Evelyne','','','actif','54','16'),('323','Tchinda Zacel Bonston','','','actif','55','14'),('324','Makamte Cecile','','','actif','56','15'),('325','Kigni Joseph','','','actif','57','16'),('326','Djikeng Victor','','','actif','58','14'),('327','Nkengni Robert','','','actif','59','15'),('328','Apoudam N?e Djuiko Teclaire','','','actif','60','16'),('329','Tenzeumg Kentsa','','','actif','61','15'),('330','Teida Chanceline','','','actif','62','15'),('331','Belga Magaret Epse Nembot','','','actif','63','16'),('332','Ngakou Pierre','','','actif','64','14'),('333','Nintedem Marie','','','actif','65','15'),('334','Metsanou Jean Claude','','','actif','66','16'),('335','Sobze Etienne','','','actif','67','15'),('336','Tekam Joseph','','','actif','68','15'),('337','Tessa Daniel','','','actif','69','15'),('338','Noumsi Ouafo Felicite Epse Lontsie','','','actif','70','16'),('339','Fokoue Lazare','','','actif','71','15'),('340','Tchomba Fidele','','','actif','72','14'),('341','Nguemfo Jeannine','','','actif','73','16'),('342','Ngeuveu Jerome','','','actif','74','16'),('343','Tchoumba Andre','','','actif','75','15'),('344','Nguedia Odette','','','actif','76','14'),('345','Magemete Tabanso Gisele Philomen','','','actif','77','16'),('346','Tchamba Ngankam Martin ','','','actif','78','16'),('347','Donfoue Ngangue Tankeu Delphine','','','actif','79','15'),('348','Tabakam Jean Claude','','','actif','80','15'),('349','Noutsa Henri','','','actif','81','16'),('350','Kenfack Pauline','','','actif','82','15'),('351','Teufack Jacqueline','','','actif','83','16'),('352','Koumetio Helene','','','actif','84','15'),('353','Fondjio Maurice','','','actif','85','16'),('354','Teuoussi Jean','','','actif','86','15'),('355','Nguko Marie Louise','','','actif','87','16'),('356','Nafack Ouamba William','','','actif','88','16'),('357','Kimo Andre','','','actif','89','14'),('358','Zenang Alain Thomas','','','actif','90','16'),('359','Matsafack Josephine','','','actif','91','15'),('360','Tibonchouo Benoit','','','actif','92','16'),('361','Awomo Raphael','','','actif','93','16'),('362','Tedonkeu Martin Ledoux','','','actif','94','15'),('363','Tchomba Herve','','','actif','95','15'),('364','Tetchue Niatize Bertrand','','','actif','96','14'),('365','Tchiossi Leopold','','','actif','97','15'),('366','Tanka Tchoumba Eric','','','actif','98','15'),('367','Keumedjeu Joseph','','','actif','99','15'),('368','Ndontsop Jean Pierre','','','actif','100','16'),('369','Kemgang Henri','','','actif','101','15'),('370','Tessa Boniface','','','actif','102','14'),('371','Diffo Tihewessi Alain Brice I','','','actif','103','16'),('372','Mbomeda Jean Claude','','','actif','104','15'),('373','Nkengni Robert 2','','','actif','105','15'),('374','Diffo Tihewessi Alain Brice Ii','','','actif','106','16'),('375','Makeuguim Marie','','','actif','107','15'),('376','Kenfack Bernard','','','actif','108','14'),('377','Mekenken Jean','','','actif','109','16'),('378','Ngouozock Alain Michel','','','actif','110','15'),('379','Folefack Jacqueline','','','actif','111','16'),('380','Metsachint Fokoua Jinior','','','actif','112','16'),('381','Pewoue A. Regine','','','actif','113','16'),('382','Mekonchu Armand','','','actif','114','14'),('383','Tchougouang Ouambapo','','','actif','115','14'),('384','Kenfack Micheline Epse Mounkam','','','actif','116','16'),('385','Mefoet Nguevo Solline Madeleine','','','actif','117','15'),('386','Kuecheu Boniface 2','','','actif','118','15'),('387','Meikeng Epse Awounang Therese','','','actif','119','16'),('388','Kossop Desire Fabrice','','','actif','120','15'),('389','Tsafack Henri','','','actif','121','15'),('390','Tchigui Etienne','','','actif','122','15'),('391','Ngouni Simplice','','','actif','123','15'),('392','Noutitout Fran?ois','','','actif','124','16'),('393','Sanfo Dogha Rigobert','','','actif','125','16'),('394','Awounangfokou Roger','','','actif','126','16'),('395','Sombakam Azis B','','','actif','127','15'),('396','Hikouatchia Gael','','','actif','128','15'),('397','Djeukouo Bertrand','','','actif','129','15'),('398','Tekem Paul Roger','','','actif','130','15'),('399','Djambong Antoine Ii','','','actif','131','15'),('400','Kozang Jean Paul','','','actif','132','14'),('401','Cheudjieu Alain Andre','','','actif','133','14'),('402','Nguetia Claude Urbain','','','actif','134','14'),('403','Chedo Gaston','','','actif','135','14'),('404','Tchoupa Romuald','','','actif','136','17'),('405','Fondjo Luno Celestin','','','actif','137','16'),('406','Mbeumo Jaze Brice','','','actif','138','16'),('407','Mbouzeukeu Jerome','','','actif','139','15'),('408','Fokoue Jean Paul','','','actif','140','15'),('409','Tsague Marie','','','actif','141','14'),('410','Ngoungouro Epse Nkueffouet Adija','','','actif','142','15'),('411','Tenwou','','','actif','143','15'),('412','Tsafack Arnaud','','','actif','144','15'),('413','Foda Charles','','','actif','145','14'),('414','Kamkeng Jean','','','actif','146','15'),('415','Massekam Aline Cecile','','','actif','147','16'),('416','Mekontckou K Alphonse','','','actif','148','16'),('417','Tessa Manfred','','','actif','149','15'),('418','Makeuguim Marie Ii','','','actif','150','15'),('419','Tsafack Henri','','','actif','151','15'),('420','Tchigui Etienne','','','actif','152','15'),('421','Ngouni Simplice','','','actif','153','15'),('422','Noutitout Fran?ois','','','actif','154','16'),('423','Sanfo Dogha Rigobert','','','actif','155','16'),('424','Awounangfokou Roger','','','actif','156','16'),('425','Sombakam Azis B','','','actif','157','15'),('426','Hikouatchia Gael','','','actif','158','15'),('427','Djeukouo Bertrand','','','actif','159','15'),('428','Tekem Paul Roger','','','actif','160','15'),('429','Djambong Antoine Ii','','','actif','161','15'),('430','Kozang Jean Paul','','','actif','162','14'),('431','Cheudjieu Alain Andre','','','actif','163','14'),('432','Nguetia Claude Urbain','','','actif','164','14'),('433','Chedo Gaston','','','actif','165','14'),('434','Tchoupa Romuald','','','actif','166','17'),('435','Fondjo Luno Celestin','','','actif','167','16'),('436','Mbeumo Jaze Brice','','','actif','168','16'),('437','Mbouzeukeu Jerome','','','actif','169','15'),('438','Fokoue Jean Paul','','','actif','170','15'),('439','Tsague Marie','','','actif','171','14'),('440','Ngoungouro Epse Nkueffouet Adija','','','actif','172','15'),('441','Tenwou','','','actif','173','15'),('442','Tsafack Arnaud','','','actif','174','15'),('443','Foda Charles','','','actif','175','14'),('444','Kamkeng Jean','','','actif','176','15'),('445','Massekam Aline Cecile','','','actif','177','16'),('446','Mekontckou K Alphonse','','','actif','178','16'),('447','Tessa Manfred','','','actif','179','15'),('448','Makeuguim Marie Ii','','','actif','180','15'),('449','Dontsop Martin','','','actif','181','14'),('450','Sobgou T Fabrice Didi','','','actif','182','16'),('451','Kengmo Pierre','','','actif','183','16'),('452','Kenfack Nanf Antoine D','','','actif','184','15'),('453','Talabong Ntieke Guy M','','','actif','185','16'),('454','Mathenda Prisca','','','actif','186','15'),('455','Wamba Njoya Gaetan','','','actif','187','16'),('456','Kenfack Louis','','','actif','188','15'),('457','Nguekouo Charles','','','actif','189','16'),('458','Tazefack Maurice','','','actif','190','16'),('459','Kossop Bertin','','','actif','191','14'),('460','Achetsamin Menougong','','','actif','192','16'),('461','Fouelefack Mathias','','','actif','193','14'),('462','Keinfack Norbert','','','actif','194','15'),('463','Machipong Regine','','','actif','195','14'),('464','Wamba Arif Bleriot','','','actif','196','15'),('465','Kemdoum','','','actif','197','15'),('466','Tchoumbou Justin','','','actif','198','15'),('467','Miafo Jean','','','actif','199','16'),('468','Noumemeng Isaac','','','actif','200','18'),('469','Tsafack','6565656565','100','actif','0','15'),('470','Mbopda Ulrich','6565656565','100','actif','0','20'),('471','Mezankeu Pascal','659656461','100','actif','0','19'),('472','DAMIEN LEROI','223 256 256 222','100','actif','0','20'),('473','Eric','220000023200','100','actif','0','19'),('511','Apoudam N√©e Djuiko Teclaire','','','actif','60','16'),('512','Kossop Desire Fabrice','','','actif','119','15'),('513','Meikeng Epse Awounang Therese','','','actif','120','16'),('514','JAZE TEKAM','','','actif','121','15'),('515','TCHOULA','','','actif','122','16'),('516','MEKOUEDJEU SOPHINE','','','actif','123','14'),('517','NGANKEM JEAN PAUL','','','actif','124','15'),('518','TSAFACK PAUL','','','actif','125','14'),('519','Unknown','','','actif','126','15'),('520','KENFACK REGINE','','','actif','127','15'),('521','MBEUGMO BASILE','','','actif','128','15'),('522','MBOGNI SEBASTIEN','','','actif','129','16'),('523','MAZEDJOU ANDRE','','','actif','130','16'),('524','TSAGNA FIDELE','','','actif','131','15'),('525','FOMO FEUNANG CREPIN P.','','','actif','132','16'),('526','NINDJEU ROMARIC','','','actif','133','14'),('527','TEKOUNGANG II','','','actif','134','16'),('528','TSAGNA RIGOBERT','','','actif','135','15'),('529','TCHEGUENA KEUTSA JEAN','','','actif','136','16'),('530','MEIKAM LUCIENNE','','','actif','137','14'),('531','KUEFOUET PROSPER','','','actif','138','14'),('532','KITIO NGUEGANG Epse TEZEKUI','','','actif','139','16'),('533','KWESSO GAETAN','','','actif','140','16'),('534','TESSA TAKOUGANG ALEXIS AIME','','','actif','141','16'),('535','TEFOIT TCHOUANGA SIMON','','','actif','142','16'),('536','NOUKOULEPECK','','','actif','143','15'),('537','KENFACK KENBENG ANTOINE','','','actif','144','16'),('538','NGUEKOUO PATRICE 2','','','actif','145','15'),('539','TESSA MENOUGONG GEORGES','','','actif','146','16'),('540','MAGNI DJEUGUE MARTHE','','','actif','147','15'),('541','TENANFOUET EMMANUEL','','','actif','148','14'),('542','MBONENG NORBERT','','','actif','149','15'),('543','JAMBONG ANTOINE','','','actif','150','15'),('544','Noutitout Fran√ßois','','','actif','154','16'),('545','Tchoupa Romuald','','','actif','166','16'),('546','Makeuguim Marie Ii','','','actif','181','15'),('547','Dontsop Martin','','','actif','180','14');


-- -----------------------------
-- Structure de la table `aep`
-- -----------------------------
DROP TABLE IF EXISTS `aep`;
CREATE TABLE `aep` (
  `id` int(4) unsigned NOT NULL AUTO_INCREMENT,
  `libele` varchar(64) NOT NULL,
  `description` text,
  `fichier_facture` varchar(64) DEFAULT NULL,
  `date` date DEFAULT NULL,
  `numero_compte` varchar(32) DEFAULT NULL,
  `nom_banque` varchar(64) DEFAULT NULL,
  PRIMARY KEY (`id`)
) ENGINE=InnoDB AUTO_INCREMENT=8 DEFAULT CHARSET=latin1;

-- Donn√©es de `aep`
INSERT INTO `aep` (`id`,`libele`,`description`,`fichier_facture`,`date`,`numero_compte`,`nom_banque`) VALUES ('1','Fokoue','Fokoue centre','model_fokoue','2020-05-12','031004014-01-58','Mufid bafou'),('6','Mbou','hchkkd djdjdjd ddd ddid','model_fokoue','2025-02-24','',''),('7','Bassessa','reseau situÈ ‡ Nkong Zem','model_nkongzem','2023-07-02','031004014-01-11','Mufid Douzem');


-- -----------------------------
-- Structure de la table `clefs`
-- -----------------------------
DROP TABLE IF EXISTS `clefs`;
CREATE TABLE `clefs` (
  `id` int(3) unsigned NOT NULL AUTO_INCREMENT,
  `value` varchar(32) NOT NULL,
  PRIMARY KEY (`id`),
  UNIQUE KEY `value` (`value`)
) ENGINE=MyISAM AUTO_INCREMENT=14 DEFAULT CHARSET=latin1;

-- Donn√©es de `clefs`
INSERT INTO `clefs` (`id`,`value`) VALUES ('1','Toto'),('2','Bami'),('3','Tami'),('4','popo'),('5','lewis1234'),('6','blanche1234'),('7','bertin1234'),('8','ange1234'),('9','achile1234'),('10','testblanche'),('11','martial1234'),('12','eric1234'),('13','blanche12345');


-- -----------------------------
-- Structure de la table `compteur`
-- -----------------------------
DROP TABLE IF EXISTS `compteur`;
CREATE TABLE `compteur` (
  `id` int(5) unsigned NOT NULL AUTO_INCREMENT,
  `numero_compteur` varchar(16) NOT NULL,
  `longitude` decimal(12,6) DEFAULT NULL,
  `latitude` decimal(12,6) DEFAULT NULL,
  `derniers_index` decimal(7,2) NOT NULL,
  `description` text,
  PRIMARY KEY (`id`)
) ENGINE=InnoDB AUTO_INCREMENT=551 DEFAULT CHARSET=latin1;

-- Donn√©es de `compteur`
INSERT INTO `compteur` (`id`,`numero_compteur`,`longitude`,`latitude`,`derniers_index`,`description`) VALUES ('1','Bass00001','0.000000','0.000000','27.00',''),('2','Bass00002','0.000000','0.000000','20.00',''),('3','00000020','0.000000','0.000000','20.00',''),('4','000154','0.000000','0.000000','25.00',''),('5','000154','0.000000','0.000000','0.00',''),('6','15421613','0.000000','0.000000','11.20',''),('7','654123','0.000000','0.000000','6.30',''),('8','123520p','0.000000','0.000000','2.20',''),('9','Rs123456','0.000000','0.000000','3.50',''),('10','000154857','0.000000','0.000000','5.50',''),('11','5487546','0.000000','0.000000','3.00',''),('271','2012012','0.000000','0.000000','13.00',''),('272','2012890','0.000000','0.000000','47.00',''),('273','2012615','0.000000','0.000000','302.00',''),('274','78186232','0.000000','0.000000','514.00',''),('275','2012077','0.000000','0.000000','135.00',''),('276','2012146','0.000000','0.000000','209.00',''),('277','2012540','0.000000','0.000000','146.00',''),('278','2012210','0.000000','0.000000','187.00',''),('279','2012882','0.000000','0.000000','79.00',''),('280','2012322','0.000000','0.000000','36.00',''),('281','16051888','0.000000','0.000000','471.00',''),('282','16056859','0.000000','0.000000','461.00',''),('283','16052767','0.000000','0.000000','112.00',''),('284','17062000','0.000000','0.000000','357.00',''),('285','2012866','0.000000','0.000000','369.00',''),('286','2012167','0.000000','0.000000','47.00',''),('287','2012567','0.000000','0.000000','77.00',''),('288','2012508','0.000000','0.000000','139.00',''),('289','2012009','0.000000','0.000000','393.00',''),('290','2012997','0.000000','0.000000','21.00',''),('291','2032422','0.000000','0.000000','17.00',''),('292','2012202','0.000000','0.000000','97.00',''),('293','2012058','0.000000','0.000000','67.00',''),('294','2012052','0.000000','0.000000','184.00',''),('295','2012055','0.000000','0.000000','310.00',''),('296','2012083','0.000000','0.000000','50.00',''),('297','2012215','0.000000','0.000000','3.00',''),('298','2012502','0.000000','0.000000','22.00',''),('299','2012595','0.000000','0.000000','334.00',''),('300','2012319','0.000000','0.000000','77.00',''),('301','2012323','0.000000','0.000000','201.00',''),('302','2012992','0.000000','0.000000','99.00',''),('303','2012054','0.000000','0.000000','96.00',''),('304','2012717','0.000000','0.000000','1079.00',''),('305','2012012','0.000000','0.000000','27.00',''),('306','2012916','0.000000','0.000000','66.00',''),('307','2012602','0.000000','0.000000','1.00',''),('308','2012062','0.000000','0.000000','426.00',''),('309','2012051','0.000000','0.000000','97.00',''),('310','2012072','0.000000','0.000000','155.00',''),('311','2012152','0.000000','0.000000','96.00',''),('312','2012794','0.000000','0.000000','98.00',''),('313','2012986','0.000000','0.000000','55.00',''),('314','2012347','0.000000','0.000000','6.00',''),('315','2012326','0.000000','0.000000','14.00',''),('316','2012385','0.000000','0.000000','27.00',''),('317','2012950','0.000000','0.000000','48.00',''),('318','2012683','0.000000','0.000000','67.00',''),('319','2012729','0.000000','0.000000','19.00',''),('320','2012026','0.000000','0.000000','60.00',''),('321','2012863','0.000000','0.000000','32.00',''),('322','2012589','0.000000','0.000000','205.00',''),('323','2012702','0.000000','0.000000','525.00',''),('324','2020813','0.000000','0.000000','264.00',''),('325','2020041','0.000000','0.000000','69.00',''),('326','2012021','0.000000','0.000000','85.00',''),('327','2020335','0.000000','0.000000','16.00',''),('328','2020087','0.000000','0.000000','74.00',''),('329','2020319','0.000000','0.000000','263.00',''),('330','2020025','0.000000','0.000000','160.60',''),('331','LETK30082025','0.000000','0.000000','1411.00',''),('332','2020963','0.000000','0.000000','208.00',''),('333','2020519','0.000000','0.000000','540.00',''),('334','2020255','0.000000','0.000000','24.00',''),('335','2020448','0.000000','0.000000','20.00',''),('336','2020595','0.000000','0.000000','1170.00',''),('337','2020540','0.000000','0.000000','63.00',''),('338','2020442','0.000000','0.000000','142.00',''),('339','2020452','0.000000','0.000000','3.00',''),('340','2020482','0.000000','0.000000','134.00',''),('341','2020359','0.000000','0.000000','9.00',''),('342','2020667','0.000000','0.000000','68.00',''),('343','2020452','0.000000','0.000000','152.00',''),('344','2020825','0.000000','0.000000','101.00',''),('345','2020099','0.000000','0.000000','10.00',''),('346','2020310','0.000000','0.000000','52.00',''),('347','2020400','0.000000','0.000000','69.00',''),('348','2020037','0.000000','0.000000','60.00',''),('349','2020445','0.000000','0.000000','115.00',''),('350','2020919','0.000000','0.000000','25.00',''),('351','2020934','0.000000','0.000000','442.00',''),('352','2020904','0.000000','0.000000','100.00',''),('353','2020408','0.000000','0.000000','120.00',''),('354','2020939','0.000000','0.000000','52.00',''),('355','2020030','0.000000','0.000000','299.00',''),('356','2020554','0.000000','0.000000','90.00',''),('357','2020589','0.000000','0.000000','13.00',''),('358','2020313','0.000000','0.000000','37.00',''),('359','2020302','0.000000','0.000000','70.00',''),('360','2020206','0.000000','0.000000','210.00',''),('361','2020953','0.000000','0.000000','99.00',''),('362','2020464','0.000000','0.000000','168.00',''),('363','201707483','0.000000','0.000000','50.00',''),('364','20170718027','0.000000','0.000000','355.00',''),('365','20170717605','0.000000','0.000000','297.00',''),('366','201707503','0.000000','0.000000','8.00',''),('367','2017076087','0.000000','0.000000','93.00',''),('368','2020615','0.000000','0.000000','315.00',''),('369','2012340','0.000000','0.000000','507.00',''),('370','2012210','0.000000','0.000000','29.00',''),('371','183265','0.000000','0.000000','22.00',''),('372','2012665','0.000000','0.000000','14.00',''),('373','2001133','0.000000','0.000000','600.00',''),('374','2012349','0.000000','0.000000','25.00',''),('375','2017076087','0.000000','0.000000','13.00',''),('376','201707914','0.000000','0.000000','25.00',''),('377','2012510','0.000000','0.000000','52.00',''),('378','183597','0.000000','0.000000','13.00',''),('379','2017075606','0.000000','0.000000','7.00',''),('380','2100027','0.000000','0.000000','82.00',''),('381','2012813','0.000000','0.000000','168.00',''),('382','MBMKJ30082025','0.000000','0.000000','10.00',''),('383','2012878','0.000000','0.000000','104.00',''),('384','2101467','0.000000','0.000000','140.00',''),('385','201707057','0.000000','0.000000','148.00',''),('386','183797','0.000000','0.000000','19.00',''),('387','2020897','0.000000','0.000000','630.00',''),('388','183797','0.000000','0.000000','1.00',''),('389','2012141','0.000000','0.000000','34.40',''),('390','182271','0.000000','0.000000','52.00',''),('391','9064541','0.000000','0.000000','165.00',''),('392','2304104','0.000000','0.000000','232.50',''),('393','2304406','0.000000','0.000000','93.20',''),('394','2304236','0.000000','0.000000','23.50',''),('395','2304170','0.000000','0.000000','206.70',''),('396','2304077','0.000000','0.000000','132.50',''),('397','2304204','0.000000','0.000000','40.00',''),('398','2304752','0.000000','0.000000','35.00',''),('399','2304681','0.000000','0.000000','115.40',''),('400','2304923','0.000000','0.000000','10.80',''),('401','2304565','0.000000','0.000000','36.30',''),('402','2304621','0.000000','0.000000','76.70',''),('403','2304108','0.000000','0.000000','25.00',''),('404','2304108','0.000000','0.000000','3.40',''),('405','2304898','0.000000','0.000000','16.00',''),('406','2304062','0.000000','0.000000','41.30',''),('407','2304801','0.000000','0.000000','35.20',''),('408','2304890','0.000000','0.000000','360.00',''),('409','2304023','0.000000','0.000000','7714.00',''),('410','2304724','0.000000','0.000000','33.50',''),('411','2304104','0.000000','0.000000','33.30',''),('412','9064591','0.000000','0.000000','599.90',''),('413','2304093','0.000000','0.000000','22.20',''),('414','2304778','0.000000','0.000000','109.10',''),('415','3204180','0.000000','0.000000','8.50',''),('416','2304132','0.000000','0.000000','56.80',''),('417','112024','0.000000','0.000000','10.70',''),('418','112024','0.000000','0.000000','6.80',''),('419','18142024','0.000000','0.000000','23.90',''),('420','8113024','0.000000','0.000000','85.00',''),('421','9064541','0.000000','0.000000','160.00',''),('422','2304104','0.000000','0.000000','232.00',''),('423','2304406','0.000000','0.000000','93.00',''),('424','2304236','0.000000','0.000000','23.50',''),('425','2304170','0.000000','0.000000','206.00',''),('426','2304077','0.000000','0.000000','132.00',''),('427','2304204','0.000000','0.000000','37.00',''),('428','2304752','0.000000','0.000000','35.00',''),('429','2304681','0.000000','0.000000','115.00',''),('430','2304923','0.000000','0.000000','10.00',''),('431','2304565','0.000000','0.000000','36.00',''),('432','2304621','0.000000','0.000000','76.00',''),('433','2304108','0.000000','0.000000','23.00',''),('434','2304108','0.000000','0.000000','3.00',''),('435','2304898','0.000000','0.000000','16.00',''),('436','2304062','0.000000','0.000000','45.00',''),('437','2304801','0.000000','0.000000','35.00',''),('438','2304890','0.000000','0.000000','358.00',''),('439','2304023','0.000000','0.000000','7114.00',''),('440','2304724','0.000000','0.000000','33.00',''),('441','2304104','0.000000','0.000000','33.00',''),('442','9064591','0.000000','0.000000','599.00',''),('443','2304093','0.000000','0.000000','22.00',''),('444','2304778','0.000000','0.000000','109.00',''),('445','3204180','0.000000','0.000000','8.00',''),('446','2304132','0.000000','0.000000','56.00',''),('447','112024','0.000000','0.000000','10.00',''),('448','112024','0.000000','0.000000','6.00',''),('449','18142024','0.000000','0.000000','23.00',''),('450','8113024','0.000000','0.000000','90.00',''),('451','21152024','0.000000','0.000000','10.80',''),('452','20162024','0.000000','0.000000','105.00',''),('453','171212024','0.000000','0.000000','0.00',''),('454','161202024','0.000000','0.000000','49.00',''),('455','28-T2025','0.000000','0.000000','5.00',''),('456','W1661760','0.000000','0.000000','21.00',''),('457','21152024','0.000000','0.000000','120.00',''),('458','W-2-2025','0.000000','0.000000','7.00',''),('459','6052025','0.000000','0.000000','7.00',''),('460','20250303','0.000000','0.000000','9.00',''),('461','12052025','0.000000','0.000000','5.00',''),('462','W12017534','0.000000','0.000000','6.00',''),('463','12052025','0.000000','0.000000','11.00',''),('464','28052025','0.000000','0.000000','6.00',''),('465','07M72025','0.000000','0.000000','0.00',''),('466','07W72025','0.000000','0.000000','29.00',''),('467','08K72025','0.000000','0.000000','0.00',''),('468','8T72025','0.000000','0.000000','11.00',''),('469','12M982025','0.000000','0.000000','0.00',''),('470','01NI82025','0.000000','0.000000','0.00',''),('471','54565254','0.000000','0.000000','15.00',''),('472','1234569696','0.000000','0.000000','41.00',''),('473','12545412','0.000000','0.000000','4.00',''),('474','2536522','0.000000','0.000000','6.00',''),('475','20202','0.000000','0.000000','45.00',''),('476','2525656','0.000000','0.000000','0.00',''),('514','2020025','0.000000','0.000000','160.00',''),('515','182271','0.000000','0.000000','52.00',''),('516','2012141','0.000000','0.000000','34.00',''),('517','9065883','0.000000','0.000000','143.00',''),('518','2177826','0.000000','0.000000','14.00',''),('519','2017073722','0.000000','0.000000','57.00',''),('520','2020582','0.000000','0.000000','229.00',''),('521','2020267','0.000000','0.000000','43.00',''),('522','2020457','0.000000','0.000000','0.00',''),('523','9068077','0.000000','0.000000','142.00',''),('524','2017074871','0.000000','0.000000','67.00',''),('525','2020700','0.000000','0.000000','27.00',''),('526','183110','0.000000','0.000000','21.00',''),('527','182710','0.000000','0.000000','31.00',''),('528','2110194','0.000000','0.000000','43.00',''),('529','2110834','0.000000','0.000000','67.00',''),('530','2110293','0.000000','0.000000','45.00',''),('531','2110739','0.000000','0.000000','293.00',''),('532','9065843','0.000000','0.000000','88.00',''),('533','9064591','0.000000','0.000000','78.00',''),('534','9064590','0.000000','0.000000','4.00',''),('535','2010401','0.000000','0.000000','143.00',''),('536','2010134','0.000000','0.000000','228.00',''),('537','12014639','0.000000','0.000000','1.00',''),('538','2010725','0.000000','0.000000','114.00',''),('539','9064763','0.000000','0.000000','64.00',''),('540','9067762','0.000000','0.000000','181.00',''),('541','W12011623','0.000000','0.000000','489.00',''),('542','9061278','0.000000','0.000000','200.00',''),('543','W12016500','0.000000','0.000000','58.00',''),('544','W12812396','0.000000','0.000000','19.00',''),('545','W12106673','0.000000','0.000000','95.00',''),('546','9064418','0.000000','0.000000','398.00',''),('547','2304236','0.000000','0.000000','23.00',''),('548','2304062','0.000000','0.000000','41.00',''),('549','8113024','0.000000','0.000000','85.00',''),('550','21152024','0.000000','0.000000','10.00','');


-- -----------------------------
-- Structure de la table `compteur_abone`
-- -----------------------------
DROP TABLE IF EXISTS `compteur_abone`;
CREATE TABLE `compteur_abone` (
  `id_abone` int(5) unsigned NOT NULL,
  `id_compteur` int(5) unsigned NOT NULL,
  KEY `fk_abone_compteur_abone` (`id_abone`),
  KEY `fk_compteur_compteur_abone` (`id_compteur`),
  CONSTRAINT `fk_abone_compteur_abone` FOREIGN KEY (`id_abone`) REFERENCES `abone` (`id`),
  CONSTRAINT `fk_compteur_compteur_abone` FOREIGN KEY (`id_compteur`) REFERENCES `compteur` (`id`)
) ENGINE=InnoDB DEFAULT CHARSET=latin1;

-- Donn√©es de `compteur_abone`
INSERT INTO `compteur_abone` (`id_abone`,`id_compteur`) VALUES ('1','1'),('2','2'),('3','4'),('4','6'),('5','7'),('6','8'),('7','9'),('269','271'),('270','272'),('271','273'),('272','274'),('273','275'),('274','276'),('275','277'),('276','278'),('277','279'),('278','280'),('279','281'),('280','282'),('281','283'),('282','284'),('283','285'),('284','286'),('285','287'),('286','288'),('287','289'),('288','290'),('289','291'),('290','292'),('291','293'),('292','294'),('293','295'),('294','296'),('295','297'),('296','298'),('297','299'),('298','300'),('299','301'),('300','302'),('301','303'),('302','304'),('303','305'),('304','306'),('305','307'),('306','308'),('307','309'),('308','310'),('309','311'),('310','312'),('311','313'),('312','314'),('313','315'),('314','316'),('315','317'),('316','318'),('317','319'),('318','320'),('319','321'),('320','322'),('321','323'),('322','324'),('323','325'),('324','326'),('325','327'),('326','328'),('327','329'),('328','330'),('329','331'),('330','332'),('331','333'),('332','334'),('333','335'),('334','336'),('335','337'),('336','338'),('337','339'),('338','340'),('339','341'),('340','342'),('341','343'),('342','344'),('343','345'),('344','346'),('345','347'),('346','348'),('347','349'),('348','350'),('349','351'),('350','352'),('351','353'),('352','354'),('353','355'),('354','356'),('355','357'),('356','358'),('357','359'),('358','360'),('359','361'),('360','362'),('361','363'),('362','364'),('363','365'),('364','366'),('365','367'),('366','368'),('367','369'),('368','370'),('369','371'),('370','372'),('371','373'),('372','374'),('373','375'),('374','376'),('375','377'),('376','378'),('377','379'),('378','380'),('379','381'),('380','382'),('381','383'),('382','384'),('383','385'),('384','386'),('385','387'),('386','388'),('387','389'),('388','390'),('389','391'),('390','392'),('391','393'),('392','394'),('393','395'),('394','396'),('395','397'),('396','398'),('397','399'),('398','400'),('399','401'),('400','402'),('401','403'),('402','404'),('403','405'),('404','406'),('405','407'),('406','408'),('407','409'),('408','410'),('409','411'),('410','412'),('411','413'),('412','414'),('413','415'),('414','416'),('415','417'),('416','418'),('417','419'),('418','420'),('419','421'),('420','422'),('421','423'),('422','424'),('423','425'),('424','426'),('425','427'),('426','428'),('427','429'),('428','430'),('429','431'),('430','432'),('431','433'),('432','434'),('433','435'),('434','436'),('435','437'),('436','438'),('437','439'),('438','440'),('439','441'),('440','442'),('441','443'),('442','444'),('443','445'),('444','446'),('445','447'),('446','448'),('447','449'),('448','450'),('449','451'),('450','452'),('451','453'),('452','454'),('453','455'),('454','456'),('455','457'),('456','458'),('457','459'),('458','460'),('459','461'),('460','462'),('461','463'),('462','464'),('463','465'),('464','466'),('465','467'),('466','468'),('467','469'),('468','470'),('469','471'),('470','472'),('471','473'),('472','474'),('473','475'),('511','514'),('512','515'),('513','516'),('514','517'),('515','518'),('516','519'),('517','520'),('518','521'),('519','522'),('520','523'),('521','524'),('522','525'),('523','526'),('524','527'),('525','528'),('526','529'),('527','530'),('528','531'),('529','532'),('530','533'),('531','534'),('532','535'),('533','536'),('534','537'),('535','538'),('536','539'),('537','540'),('538','541'),('539','542'),('540','543'),('541','544'),('542','545'),('543','546'),('544','547'),('545','548'),('546','549'),('547','550');


-- -----------------------------
-- Structure de la table `compteur_aep`
-- -----------------------------
DROP TABLE IF EXISTS `compteur_aep`;
CREATE TABLE `compteur_aep` (
  `id_aep` int(4) unsigned NOT NULL,
  `id_compteur` int(5) unsigned NOT NULL,
  `id_position` int(2) unsigned NOT NULL,
  KEY `fk_position_compteur_aep` (`id_position`),
  KEY `fk_aep_compteur_aep` (`id_aep`),
  KEY `fk_compteur_compteur_aep` (`id_compteur`),
  CONSTRAINT `fk_aep_compteur_aep` FOREIGN KEY (`id_aep`) REFERENCES `aep` (`id`),
  CONSTRAINT `fk_compteur_compteur_aep` FOREIGN KEY (`id_compteur`) REFERENCES `compteur` (`id`),
  CONSTRAINT `fk_position_compteur_aep` FOREIGN KEY (`id_position`) REFERENCES `position_compteur_aep` (`id`)
) ENGINE=InnoDB DEFAULT CHARSET=latin1;

-- Donn√©es de `compteur_aep`

-- -----------------------------
-- Structure de la table `compteur_reseau`
-- -----------------------------
DROP TABLE IF EXISTS `compteur_reseau`;
CREATE TABLE `compteur_reseau` (
  `id_reseau` int(5) unsigned NOT NULL,
  `id_compteur` int(5) unsigned NOT NULL,
  KEY `fk_reseau_compteur_reseau` (`id_reseau`),
  KEY `fk_compteur_compteur_reseau` (`id_compteur`),
  CONSTRAINT `fk_compteur_compteur_reseau` FOREIGN KEY (`id_compteur`) REFERENCES `compteur` (`id`),
  CONSTRAINT `fk_reseau_compteur_reseau` FOREIGN KEY (`id_reseau`) REFERENCES `reseau` (`id`)
) ENGINE=InnoDB DEFAULT CHARSET=latin1;

-- Donn√©es de `compteur_reseau`
INSERT INTO `compteur_reseau` (`id_reseau`,`id_compteur`) VALUES ('1','3'),('20','476');


-- -----------------------------
-- Structure de la table `constante_reseau`
-- -----------------------------
DROP TABLE IF EXISTS `constante_reseau`;
CREATE TABLE `constante_reseau` (
  `id` int(2) unsigned NOT NULL AUTO_INCREMENT,
  `prix_metre_cube_eau` int(5) unsigned NOT NULL,
  `prix_entretient_compteur` int(5) unsigned NOT NULL,
  `prix_tva` decimal(7,2) unsigned NOT NULL,
  `date_creation` date NOT NULL,
  `est_actif` tinyint(1) NOT NULL,
  `description` text,
  `id_aep` int(4) unsigned NOT NULL DEFAULT '1',
  PRIMARY KEY (`id`),
  KEY `fk_aep_constante` (`id_aep`),
  CONSTRAINT `fk_aep_constante` FOREIGN KEY (`id_aep`) REFERENCES `aep` (`id`)
) ENGINE=InnoDB AUTO_INCREMENT=16 DEFAULT CHARSET=latin1;

-- Donn√©es de `constante_reseau`
INSERT INTO `constante_reseau` (`id`,`prix_metre_cube_eau`,`prix_entretient_compteur`,`prix_tva`,`date_creation`,`est_actif`,`description`,`id_aep`) VALUES ('1','500','500','0.00','0000-00-00','1','','1'),('8','300','0','0.00','2020-01-01','0','','6'),('9','300','500','0.00','2025-01-01','0','','6'),('10','250','500','15.00','2025-09-01','0','juste pour voir un peu','6'),('11','500','500','0.00','2023-07-02','1','','7'),('12','200','100','0.00','2023-07-02','0','','7'),('14','300','0','0.00','2020-01-01','0','','6'),('15','300','500','0.00','2025-01-01','1','','6');


-- -----------------------------
-- Structure de la table `facture`
-- -----------------------------
DROP TABLE IF EXISTS `facture`;
CREATE TABLE `facture` (
  `id` int(4) unsigned NOT NULL AUTO_INCREMENT,
  `id_indexes` int(6) unsigned NOT NULL,
  `montant_verse` decimal(15,2) DEFAULT '0.00',
  `date_paiement` date DEFAULT NULL,
  `penalite` decimal(15,2) DEFAULT '0.00',
  `id_abone` int(4) unsigned NOT NULL,
  `message` text,
  PRIMARY KEY (`id`),
  KEY `id_abone` (`id_abone`),
  KEY `fk_index_facture` (`id_indexes`),
  CONSTRAINT `facture_ibfk_2` FOREIGN KEY (`id_abone`) REFERENCES `abone` (`id`) ON DELETE CASCADE,
  CONSTRAINT `fk_index_facture` FOREIGN KEY (`id_indexes`) REFERENCES `indexes` (`id`) ON DELETE CASCADE
) ENGINE=InnoDB AUTO_INCREMENT=2192 DEFAULT CHARSET=latin1;

-- Donn√©es de `facture`
INSERT INTO `facture` (`id`,`id_indexes`,`montant_verse`,`date_paiement`,`penalite`,`id_abone`,`message`) VALUES ('1','1','1735.00','0000-00-00','0.00','1',''),('2','2','2300.00','0000-00-00','0.00','2',''),('3','3','3050.00','0000-00-00','0.00','3',''),('14','18','1300.00','0000-00-00','0.00','1',''),('15','19','2300.00','0000-00-00','0.00','2',''),('16','20','1350.00','0000-00-00','0.00','3',''),('17','22','500.00','0000-00-00','0.00','1',''),('18','23','500.00','0000-00-00','0.00','2',''),('19','24','500.00','0000-00-00','0.00','3',''),('20','26','2250.00','0000-00-00','0.00','1',''),('21','27','1950.00','0000-00-00','0.00','2',''),('22','28','3700.00','0000-00-00','0.00','3',''),('23','29','1700.00','0000-00-00','0.00','4',''),('24','31','1850.00','0000-00-00','0.00','1',''),('25','32','1500.00','0000-00-00','0.00','2',''),('26','33','1450.00','0000-00-00','0.00','3',''),('27','34','1150.00','0000-00-00','0.00','4',''),('28','36','1100.00','0000-00-00','0.00','1',''),('29','37','1400.00','0000-00-00','0.00','2',''),('30','38','2100.00','0000-00-00','0.00','3',''),('31','39','950.00','0000-00-00','0.00','4',''),('32','41','1700.00','0000-00-00','0.00','1',''),('33','42','1500.00','0000-00-00','0.00','2',''),('34','43','500.00','0000-00-00','0.00','3',''),('35','44','1100.00','0000-00-00','0.00','4',''),('36','45','2000.00','0000-00-00','0.00','5',''),('37','47','550.00','0000-00-00','0.00','1',''),('38','48','1350.00','0000-00-00','0.00','2',''),('39','49','1900.00','0000-00-00','0.00','3',''),('40','50','500.00','0000-00-00','0.00','6',''),('41','51','2000.00','0000-00-00','0.00','4',''),('42','52','500.00','0000-00-00','0.00','5',''),('43','54','2000.00','0000-00-00','0.00','1',''),('44','55','3200.00','0000-00-00','0.00','2',''),('45','56','1050.00','0000-00-00','0.00','3',''),('46','57','0.00','0000-00-00','0.00','6',''),('47','58','1000.00','0000-00-00','0.00','4',''),('48','59','1200.00','0000-00-00','0.00','5',''),('49','60','500.00','0000-00-00','0.00','7',''),('381','403','0.00','2020-01-01','0.00','269',''),('382','404','260.00','2020-01-01','0.00','270',''),('383','405','0.00','2020-01-01','0.00','271',''),('384','406','18130.00','2020-01-01','0.00','272',''),('385','407','0.00','2020-01-01','0.00','273',''),('386','408','0.00','2020-01-01','0.00','274',''),('387','409','0.00','2020-01-01','0.00','275',''),('388','410','920.00','2020-01-01','0.00','276',''),('389','411','5.00','2020-01-01','0.00','277',''),('390','412','25.00','2020-01-01','0.00','278',''),('391','413','0.00','2020-01-01','0.00','279',''),('392','414','0.00','2020-01-01','0.00','280',''),('393','415','0.00','2020-01-01','0.00','281',''),('394','416','0.00','2020-01-01','0.00','282',''),('395','417','940.00','2020-01-01','0.00','283',''),('396','418','705.00','2020-01-01','0.00','284',''),('397','419','0.00','2020-01-01','0.00','285',''),('398','420','0.00','2020-01-01','0.00','286',''),('399','421','0.00','2020-01-01','0.00','287',''),('400','422','0.00','2020-01-01','0.00','288',''),('401','423','0.00','2020-01-01','0.00','289',''),('402','424','0.00','2020-01-01','0.00','290',''),('403','425','0.00','2020-01-01','0.00','291',''),('404','426','0.00','2020-01-01','0.00','292',''),('405','427','0.00','2020-01-01','0.00','293',''),('406','428','0.00','2020-01-01','0.00','294',''),('407','429','0.00','2020-01-01','0.00','295',''),('408','430','0.00','2020-01-01','0.00','296',''),('409','431','0.00','2020-01-01','0.00','297',''),('410','432','5.00','2020-01-01','0.00','298',''),('411','433','0.00','2020-01-01','0.00','299',''),('412','434','0.00','2020-01-01','0.00','300',''),('413','435','0.00','2020-01-01','0.00','301',''),('414','436','0.00','2020-01-01','2500.00','302',''),('415','437','0.00','2020-01-01','0.00','303',''),('416','438','0.00','2020-01-01','0.00','304',''),('417','439','420.00','2020-01-01','0.00','305',''),('418','440','2770.00','2020-01-01','0.00','306',''),('419','441','0.00','2020-01-01','0.00','307',''),('420','442','0.00','2020-01-01','0.00','308',''),('421','443','0.00','2020-01-01','0.00','309',''),('422','444','0.00','2020-01-01','0.00','310',''),('423','445','5.00','2020-01-01','0.00','311',''),('424','446','0.00','2020-01-01','0.00','312',''),('425','447','0.00','2020-01-01','0.00','313',''),('426','448','1450.00','2020-01-01','0.00','314',''),('427','449','0.00','2020-01-01','0.00','315',''),('428','450','0.00','2020-01-01','0.00','316',''),('429','451','0.00','2020-01-01','0.00','317',''),('430','452','0.00','2020-01-01','0.00','318',''),('431','453','0.00','2020-01-01','0.00','319',''),('432','454','15.00','2020-01-01','0.00','320',''),('433','455','0.00','2020-01-01','0.00','321',''),('434','456','415.00','2020-01-01','0.00','322',''),('435','457','0.00','2020-01-01','0.00','323',''),('436','458','0.00','2020-01-01','0.00','324',''),('437','459','0.00','2020-01-01','0.00','325',''),('438','460','0.00','2020-01-01','0.00','326',''),('439','461','0.00','2020-01-01','0.00','327',''),('440','462','0.00','2020-01-01','0.00','328',''),('441','463','0.00','2020-01-01','2500.00','329',''),('442','464','15.00','2020-01-01','2500.00','330',''),('443','465','0.00','2020-01-01','0.00','331',''),('444','466','0.00','2020-01-01','0.00','332',''),('445','467','0.00','2020-01-01','0.00','333',''),('446','468','0.00','2020-01-01','0.00','334',''),('447','469','0.00','2020-01-01','0.00','335',''),('448','470','0.00','2020-01-01','0.00','336',''),('449','471','0.00','2020-01-01','0.00','337',''),('450','472','0.00','2020-01-01','0.00','338',''),('451','473','2280.00','2020-01-01','0.00','339',''),('452','474','0.00','2020-01-01','2500.00','340',''),('453','475','20.00','2020-01-01','0.00','341',''),('454','476','0.00','2020-01-01','0.00','342',''),('455','477','0.00','2020-01-01','2500.00','343',''),('456','478','3045.00','2020-01-01','0.00','344',''),('457','479','0.00','2020-01-01','0.00','345',''),('458','480','0.00','2020-01-01','0.00','346',''),('459','481','0.00','2020-01-01','0.00','347',''),('460','482','0.00','2020-01-01','0.00','348',''),('461','483','10.00','2020-01-01','0.00','349',''),('462','484','0.00','2020-01-01','0.00','350',''),('463','485','0.00','2020-01-01','0.00','351',''),('464','486','0.00','2020-01-01','0.00','352',''),('465','487','0.00','2020-01-01','2500.00','353',''),('466','488','0.00','2020-01-01','0.00','354',''),('467','489','0.00','2020-01-01','0.00','355',''),('468','490','140.00','2020-01-01','0.00','356',''),('469','491','0.00','2020-01-01','0.00','357',''),('470','492','0.00','2020-01-01','0.00','358',''),('471','493','10.00','2020-01-01','0.00','359',''),('472','494','10.00','2020-01-01','0.00','360',''),('473','495','0.00','2020-01-01','0.00','361',''),('474','496','0.00','2020-01-01','0.00','362',''),('475','497','0.00','2020-01-01','2500.00','363',''),('476','498','0.00','2020-01-01','2500.00','364',''),('477','499','0.00','2020-01-01','0.00','365',''),('478','500','10.00','2020-01-01','0.00','366',''),('479','501','0.00','2020-01-01','0.00','367',''),('480','502','0.00','2020-01-01','0.00','368',''),('481','503','0.00','2020-01-01','0.00','369',''),('482','504','0.00','2020-01-01','0.00','370',''),('483','505','0.00','2020-01-01','2500.00','371',''),('484','506','0.00','2020-01-01','0.00','372',''),('485','507','0.00','2020-01-01','0.00','373',''),('486','508','1920.00','2020-01-01','0.00','374',''),('487','509','0.00','2020-01-01','0.00','375',''),('488','510','0.00','2020-01-01','0.00','376',''),('489','511','0.00','2020-01-01','0.00','377',''),('490','512','0.00','2020-01-01','0.00','378',''),('491','513','0.00','2020-01-01','0.00','379',''),('492','514','0.00','2020-01-01','0.00','380',''),('493','515','5.00','2020-01-01','0.00','381',''),('494','516','0.00','2020-01-01','0.00','382',''),('495','517','10.00','2020-01-01','0.00','383',''),('496','518','0.00','2020-01-01','0.00','384',''),('497','519','0.00','2020-01-01','2500.00','385',''),('498','520','0.00','2020-01-01','0.00','386',''),('499','521','0.00','2020-01-01','0.00','387',''),('500','522','5.00','2020-01-01','0.00','388',''),('501','523','5.00','2020-01-01','0.00','389',''),('502','524','0.00','2020-01-01','0.00','390',''),('503','525','10.00','2020-01-01','0.00','391',''),('504','526','0.00','2020-01-01','0.00','392',''),('505','527','0.00','2020-01-01','0.00','393',''),('506','528','5.00','2020-01-01','0.00','394',''),('507','529','0.00','2020-01-01','0.00','395',''),('508','530','0.00','2020-01-01','0.00','396',''),('509','531','0.00','2020-01-01','0.00','397',''),('510','532','0.00','2020-01-01','0.00','398',''),('511','533','0.00','2020-01-01','0.00','399',''),('512','534','0.00','2020-01-01','0.00','400',''),('513','535','0.00','2020-01-01','0.00','401',''),('514','536','65.00','2020-01-01','0.00','402',''),('515','537','0.00','2020-01-01','0.00','403',''),('516','538','0.00','2020-01-01','0.00','404',''),('517','539','5.00','2020-01-01','0.00','405',''),('518','540','0.00','2020-01-01','0.00','406',''),('519','541','0.00','2020-01-01','0.00','407',''),('520','542','0.00','2020-01-01','0.00','408',''),('521','543','10.00','2020-01-01','0.00','409',''),('522','544','0.00','2020-01-01','2500.00','410',''),('523','545','0.00','2020-01-01','0.00','411',''),('524','546','0.00','2020-01-01','0.00','412',''),('525','547','0.00','2020-01-01','0.00','413',''),('526','548','3280.00','2020-01-01','0.00','414',''),('527','549','5.00','2020-01-01','0.00','415',''),('528','550','10.00','2020-01-01','0.00','416',''),('529','551','0.00','2020-01-01','0.00','417',''),('530','552','0.00','2020-01-01','0.00','418',''),('531','553','5.00','2020-01-01','0.00','419',''),('532','554','0.00','2020-01-01','0.00','420',''),('533','555','10.00','2020-01-01','0.00','421',''),('534','556','0.00','2020-01-01','0.00','422',''),('535','557','0.00','2020-01-01','0.00','423',''),('536','558','5.00','2020-01-01','0.00','424',''),('537','559','0.00','2020-01-01','0.00','425',''),('538','560','0.00','2020-01-01','0.00','426',''),('539','561','0.00','2020-01-01','0.00','427',''),('540','562','0.00','2020-01-01','0.00','428',''),('541','563','0.00','2020-01-01','0.00','429',''),('542','564','0.00','2020-01-01','0.00','430',''),('543','565','0.00','2020-01-01','0.00','431',''),('544','566','65.00','2020-01-01','0.00','432',''),('545','567','0.00','2020-01-01','0.00','433',''),('546','568','0.00','2020-01-01','0.00','434',''),('547','569','5.00','2020-01-01','0.00','435',''),('548','570','0.00','2020-01-01','0.00','436',''),('549','571','0.00','2020-01-01','0.00','437',''),('550','572','0.00','2020-01-01','0.00','438',''),('551','573','10.00','2020-01-01','0.00','439',''),('552','574','0.00','2020-01-01','2500.00','440',''),('553','575','0.00','2020-01-01','0.00','441',''),('554','576','0.00','2020-01-01','0.00','442',''),('555','577','0.00','2020-01-01','0.00','443',''),('556','578','3280.00','2020-01-01','0.00','444',''),('557','579','5.00','2020-01-01','0.00','445',''),('558','580','10.00','2020-01-01','0.00','446',''),('559','581','0.00','2020-01-01','0.00','447',''),('560','582','0.00','2020-01-01','0.00','448',''),('561','583','1000.00','2020-01-01','0.00','449',''),('562','584','310.00','2020-01-01','0.00','450',''),('563','585','0.00','2020-01-01','0.00','451',''),('564','586','0.00','2020-01-01','0.00','452',''),('565','587','0.00','2020-01-01','0.00','453',''),('566','588','0.00','2020-01-01','0.00','454',''),('567','589','0.00','2020-01-01','0.00','455',''),('568','590','0.00','2020-01-01','0.00','456',''),('569','591','0.00','2020-01-01','0.00','457',''),('570','592','0.00','2020-01-01','0.00','458',''),('571','593','0.00','2020-01-01','0.00','459',''),('572','594','0.00','2020-01-01','0.00','460',''),('573','595','0.00','2020-01-01','0.00','461',''),('574','596','0.00','2020-01-01','0.00','462',''),('575','597','0.00','2020-01-01','0.00','463',''),('576','598','260.00','2020-01-01','0.00','464',''),('577','599','0.00','2020-01-01','0.00','465',''),('578','600','0.00','2020-01-01','0.00','466',''),('579','601','0.00','2020-01-01','0.00','467',''),('580','602','0.00','2020-01-01','0.00','468',''),('581','603','0.00','2025-01-01','0.00','269',''),('582','604','0.00','2025-01-01','0.00','270',''),('583','605','0.00','2025-01-01','0.00','271',''),('584','606','0.00','2025-01-01','0.00','272',''),('585','607','0.00','2025-01-01','0.00','273',''),('586','608','0.00','2025-01-01','0.00','274',''),('587','609','0.00','2025-01-01','0.00','275',''),('588','610','0.00','2025-01-01','0.00','276',''),('589','611','0.00','2025-01-01','0.00','277',''),('590','612','0.00','2025-01-01','0.00','278',''),('591','613','0.00','2025-01-01','0.00','279',''),('592','614','0.00','2025-01-01','0.00','280',''),('593','615','0.00','2025-01-01','0.00','281',''),('594','616','0.00','2025-01-01','0.00','282',''),('595','617','0.00','2025-01-01','0.00','283',''),('596','618','0.00','2025-01-01','0.00','284',''),('597','619','0.00','2025-01-01','0.00','285',''),('598','620','0.00','2025-01-01','0.00','286',''),('599','621','0.00','2025-01-01','0.00','287',''),('600','622','0.00','2025-01-01','0.00','288',''),('601','623','0.00','2025-01-01','0.00','289',''),('602','624','0.00','2025-01-01','0.00','290',''),('603','625','0.00','2025-01-01','0.00','291',''),('604','626','0.00','2025-01-01','0.00','292',''),('605','627','0.00','2025-01-01','0.00','293',''),('606','628','0.00','2025-01-01','0.00','294',''),('607','629','0.00','2025-01-01','0.00','295',''),('608','630','0.00','2025-01-01','0.00','296',''),('609','631','0.00','2025-01-01','0.00','297',''),('610','632','0.00','2025-01-01','0.00','298',''),('611','633','0.00','2025-01-01','0.00','299',''),('612','634','0.00','2025-01-01','0.00','300',''),('613','635','0.00','2025-01-01','0.00','301',''),('614','636','0.00','2025-01-01','0.00','302',''),('615','637','0.00','2025-01-01','0.00','303',''),('616','638','0.00','2025-01-01','0.00','304',''),('617','639','0.00','2025-01-01','0.00','305',''),('618','640','0.00','2025-01-01','0.00','306',''),('619','641','0.00','2025-01-01','0.00','307',''),('620','642','0.00','2025-01-01','0.00','308',''),('621','643','0.00','2025-01-01','0.00','309',''),('622','644','0.00','2025-01-01','0.00','310',''),('623','645','0.00','2025-01-01','0.00','311',''),('624','646','0.00','2025-01-01','0.00','312',''),('625','647','0.00','2025-01-01','0.00','313',''),('626','648','0.00','2025-01-01','0.00','314',''),('627','649','0.00','2025-01-01','0.00','315',''),('628','650','0.00','2025-01-01','0.00','316',''),('629','651','0.00','2025-01-01','0.00','317',''),('630','652','0.00','2025-01-01','0.00','318',''),('631','653','0.00','2025-01-01','0.00','319',''),('632','654','0.00','2025-01-01','0.00','320',''),('633','655','0.00','2025-01-01','0.00','321',''),('634','656','0.00','2025-01-01','0.00','322',''),('635','657','0.00','2025-01-01','0.00','323',''),('636','658','0.00','2025-01-01','0.00','324',''),('637','659','0.00','2025-01-01','0.00','325',''),('638','660','0.00','2025-01-01','0.00','326',''),('639','661','0.00','2025-01-01','0.00','327',''),('640','662','0.00','2025-01-01','0.00','328',''),('641','663','0.00','2025-01-01','0.00','329',''),('642','664','0.00','2025-01-01','0.00','330',''),('643','665','0.00','2025-01-01','0.00','331',''),('644','666','0.00','2025-01-01','0.00','332',''),('645','667','0.00','2025-01-01','0.00','333',''),('646','668','0.00','2025-01-01','0.00','334',''),('647','669','0.00','2025-01-01','0.00','335',''),('648','670','0.00','2025-01-01','0.00','336',''),('649','671','0.00','2025-01-01','0.00','337',''),('650','672','0.00','2025-01-01','0.00','338',''),('651','673','0.00','2025-01-01','0.00','339',''),('652','674','0.00','2025-01-01','0.00','340',''),('653','675','0.00','2025-01-01','0.00','341',''),('654','676','0.00','2025-01-01','0.00','342',''),('655','677','0.00','2025-01-01','0.00','343',''),('656','678','0.00','2025-01-01','0.00','344',''),('657','679','0.00','2025-01-01','0.00','345',''),('658','680','0.00','2025-01-01','0.00','346',''),('659','681','0.00','2025-01-01','0.00','347',''),('660','682','0.00','2025-01-01','0.00','348',''),('661','683','0.00','2025-01-01','0.00','349',''),('662','684','0.00','2025-01-01','0.00','350',''),('663','685','0.00','2025-01-01','0.00','351',''),('664','686','0.00','2025-01-01','0.00','352',''),('665','687','0.00','2025-01-01','0.00','353',''),('666','688','0.00','2025-01-01','0.00','354',''),('667','689','0.00','2025-01-01','0.00','355',''),('668','690','0.00','2025-01-01','0.00','356',''),('669','691','0.00','2025-01-01','0.00','357',''),('670','692','0.00','2025-01-01','0.00','358',''),('671','693','0.00','2025-01-01','0.00','359',''),('672','694','0.00','2025-01-01','0.00','360',''),('673','695','0.00','2025-01-01','0.00','361',''),('674','696','0.00','2025-01-01','0.00','362',''),('675','697','0.00','2025-01-01','0.00','363',''),('676','698','0.00','2025-01-01','0.00','364',''),('677','699','0.00','2025-01-01','0.00','365',''),('678','700','0.00','2025-01-01','0.00','366',''),('679','701','0.00','2025-01-01','0.00','367',''),('680','702','0.00','2025-01-01','0.00','368',''),('681','703','0.00','2025-01-01','0.00','369',''),('682','704','0.00','2025-01-01','0.00','370',''),('683','705','0.00','2025-01-01','0.00','371',''),('684','706','0.00','2025-01-01','0.00','372',''),('685','707','0.00','2025-01-01','0.00','373',''),('686','708','0.00','2025-01-01','0.00','374',''),('687','709','0.00','2025-01-01','0.00','375',''),('688','710','0.00','2025-01-01','0.00','376',''),('689','711','0.00','2025-01-01','0.00','377',''),('690','712','0.00','2025-01-01','0.00','378',''),('691','713','0.00','2025-01-01','0.00','379',''),('692','714','0.00','2025-01-01','0.00','380',''),('693','715','0.00','2025-01-01','0.00','381',''),('694','716','0.00','2025-01-01','0.00','382',''),('695','717','0.00','2025-01-01','0.00','383',''),('696','718','0.00','2025-01-01','0.00','384',''),('697','719','0.00','2025-01-01','0.00','385',''),('698','720','0.00','2025-01-01','0.00','386',''),('699','721','0.00','2025-01-01','0.00','387',''),('700','722','0.00','2025-01-01','0.00','388',''),('701','723','0.00','2025-01-01','0.00','389',''),('702','724','0.00','2025-01-01','0.00','390',''),('703','725','0.00','2025-01-01','0.00','391',''),('704','726','0.00','2025-01-01','0.00','392',''),('705','727','0.00','2025-01-01','0.00','393',''),('706','728','0.00','2025-01-01','0.00','394',''),('707','729','0.00','2025-01-01','0.00','395',''),('708','730','0.00','2025-01-01','0.00','396',''),('709','731','0.00','2025-01-01','0.00','397',''),('710','732','0.00','2025-01-01','0.00','398',''),('711','733','0.00','2025-01-01','0.00','399',''),('712','734','0.00','2025-01-01','0.00','400',''),('713','735','0.00','2025-01-01','0.00','401',''),('714','736','0.00','2025-01-01','0.00','402',''),('715','737','0.00','2025-01-01','0.00','403',''),('716','738','0.00','2025-01-01','0.00','404',''),('717','739','0.00','2025-01-01','0.00','405',''),('718','740','0.00','2025-01-01','0.00','406',''),('719','741','0.00','2025-01-01','0.00','407',''),('720','742','0.00','2025-01-01','0.00','408',''),('721','743','0.00','2025-01-01','0.00','409',''),('722','744','0.00','2025-01-01','0.00','410',''),('723','745','0.00','2025-01-01','0.00','411',''),('724','746','0.00','2025-01-01','0.00','412',''),('725','747','0.00','2025-01-01','0.00','413',''),('726','748','0.00','2025-01-01','0.00','414',''),('727','749','0.00','2025-01-01','0.00','415',''),('728','750','0.00','2025-01-01','0.00','416',''),('729','751','0.00','2025-01-01','0.00','417',''),('730','752','0.00','2025-01-01','0.00','418',''),('731','753','0.00','2025-01-01','0.00','419',''),('732','754','0.00','2025-01-01','0.00','420',''),('733','755','0.00','2025-01-01','0.00','421',''),('734','756','0.00','2025-01-01','0.00','422',''),('735','757','0.00','2025-01-01','0.00','423',''),('736','758','0.00','2025-01-01','0.00','424',''),('737','759','0.00','2025-01-01','0.00','425',''),('738','760','0.00','2025-01-01','0.00','426',''),('739','761','0.00','2025-01-01','0.00','427',''),('740','762','0.00','2025-01-01','0.00','428',''),('741','763','0.00','2025-01-01','0.00','429',''),('742','764','0.00','2025-01-01','0.00','430',''),('743','765','0.00','2025-01-01','0.00','431',''),('744','766','0.00','2025-01-01','0.00','432',''),('745','767','0.00','2025-01-01','0.00','433',''),('746','768','0.00','2025-01-01','0.00','434',''),('747','769','0.00','2025-01-01','0.00','435',''),('748','770','0.00','2025-01-01','0.00','436',''),('749','771','0.00','2025-01-01','0.00','437',''),('750','772','0.00','2025-01-01','0.00','438',''),('751','773','0.00','2025-01-01','0.00','439',''),('752','774','0.00','2025-01-01','0.00','440',''),('753','775','0.00','2025-01-01','0.00','441',''),('754','776','0.00','2025-01-01','0.00','442',''),('755','777','0.00','2025-01-01','0.00','443',''),('756','778','0.00','2025-01-01','0.00','444',''),('757','779','0.00','2025-01-01','0.00','445',''),('758','780','0.00','2025-01-01','0.00','446',''),('759','781','0.00','2025-01-01','0.00','447',''),('760','782','0.00','2025-01-01','0.00','448',''),('761','783','0.00','2025-01-01','0.00','449',''),('762','784','0.00','2025-01-01','0.00','450',''),('763','785','0.00','2025-01-01','0.00','451',''),('764','786','0.00','2025-01-01','0.00','452',''),('765','787','0.00','2025-01-01','0.00','453',''),('766','788','0.00','2025-01-01','0.00','454',''),('767','789','0.00','2025-01-01','0.00','455',''),('768','790','0.00','2025-01-01','0.00','456',''),('769','791','0.00','2025-01-01','0.00','457',''),('770','792','0.00','2025-01-01','0.00','458',''),('771','793','0.00','2025-01-01','0.00','459',''),('772','794','0.00','2025-01-01','0.00','460',''),('773','795','0.00','2025-01-01','0.00','461',''),('774','796','0.00','2025-01-01','0.00','462',''),('775','797','0.00','2025-01-01','0.00','463',''),('776','798','0.00','2025-01-01','0.00','464',''),('777','799','0.00','2025-01-01','0.00','465',''),('778','800','0.00','2025-01-01','0.00','466',''),('779','801','0.00','2025-01-01','0.00','467',''),('780','802','0.00','2025-01-01','0.00','468',''),('781','803','0.00','0000-00-00','0.00','269',''),('782','804','0.00','0000-00-00','0.00','270',''),('783','805','0.00','0000-00-00','0.00','272',''),('784','806','0.00','0000-00-00','0.00','273',''),('785','807','0.00','0000-00-00','0.00','274',''),('786','808','0.00','0000-00-00','0.00','275',''),('787','809','0.00','0000-00-00','0.00','277',''),('788','810','0.00','0000-00-00','0.00','278',''),('789','811','0.00','0000-00-00','0.00','279',''),('790','812','0.00','0000-00-00','0.00','280',''),('791','813','0.00','0000-00-00','0.00','281',''),('792','814','0.00','0000-00-00','0.00','283',''),('793','815','0.00','0000-00-00','0.00','284',''),('794','816','0.00','0000-00-00','0.00','291',''),('795','817','0.00','0000-00-00','0.00','292',''),('796','818','0.00','0000-00-00','0.00','294',''),('797','819','0.00','0000-00-00','0.00','301',''),('798','820','0.00','0000-00-00','0.00','303',''),('799','821','0.00','0000-00-00','0.00','304',''),('800','822','0.00','0000-00-00','0.00','305',''),('801','823','0.00','0000-00-00','0.00','306',''),('802','824','0.00','0000-00-00','0.00','307',''),('803','825','0.00','0000-00-00','0.00','310',''),('804','826','0.00','0000-00-00','0.00','311',''),('805','827','0.00','0000-00-00','0.00','312',''),('806','828','0.00','0000-00-00','0.00','313',''),('807','829','0.00','0000-00-00','0.00','314',''),('808','830','0.00','0000-00-00','0.00','315',''),('809','831','0.00','0000-00-00','0.00','316',''),('810','832','0.00','0000-00-00','0.00','318',''),('811','833','0.00','0000-00-00','0.00','319',''),('812','834','0.00','0000-00-00','0.00','323',''),('813','835','0.00','0000-00-00','0.00','326',''),('814','836','0.00','0000-00-00','0.00','332',''),('815','837','0.00','0000-00-00','0.00','340',''),('816','838','0.00','0000-00-00','0.00','344',''),('817','839','0.00','0000-00-00','0.00','357',''),('818','840','0.00','0000-00-00','0.00','364',''),('819','841','0.00','0000-00-00','0.00','370',''),('820','842','0.00','0000-00-00','0.00','376',''),('821','843','0.00','0000-00-00','0.00','382',''),('822','844','0.00','0000-00-00','0.00','383',''),('823','845','0.00','0000-00-00','0.00','400',''),('824','846','0.00','0000-00-00','0.00','401',''),('825','847','0.00','0000-00-00','0.00','402',''),('826','848','0.00','0000-00-00','0.00','403',''),('827','849','0.00','0000-00-00','0.00','409',''),('828','850','0.00','0000-00-00','0.00','413',''),('829','851','0.00','0000-00-00','0.00','430',''),('830','852','0.00','0000-00-00','0.00','431',''),('831','853','0.00','0000-00-00','0.00','432',''),('832','854','0.00','0000-00-00','0.00','433',''),('833','855','0.00','0000-00-00','0.00','439',''),('834','856','0.00','0000-00-00','0.00','443',''),('835','857','0.00','0000-00-00','0.00','449',''),('836','858','0.00','0000-00-00','0.00','459',''),('837','859','0.00','0000-00-00','0.00','461',''),('838','860','0.00','0000-00-00','0.00','463',''),('839','861','0.00','0000-00-00','0.00','271',''),('840','862','0.00','0000-00-00','0.00','276',''),('841','863','0.00','0000-00-00','0.00','285',''),('842','864','0.00','0000-00-00','0.00','288',''),('843','865','0.00','0000-00-00','0.00','290',''),('844','866','0.00','0000-00-00','0.00','293',''),('845','867','0.00','0000-00-00','0.00','295',''),('846','868','0.00','0000-00-00','0.00','297',''),('847','869','0.00','0000-00-00','0.00','299',''),('848','870','0.00','0000-00-00','0.00','308',''),('849','871','0.00','0000-00-00','0.00','309',''),('850','872','0.00','0000-00-00','0.00','320',''),('851','873','0.00','0000-00-00','0.00','324',''),('852','874','0.00','0000-00-00','0.00','327',''),('853','875','0.00','0000-00-00','0.00','329',''),('854','876','0.00','0000-00-00','0.00','330',''),('855','877','0.00','0000-00-00','0.00','333',''),('856','878','0.00','0000-00-00','0.00','335',''),('857','879','0.00','0000-00-00','0.00','336',''),('858','880','0.00','0000-00-00','0.00','337',''),('859','881','0.00','0000-00-00','0.00','339',''),('860','882','0.00','0000-00-00','0.00','343',''),('861','883','0.00','0000-00-00','0.00','347',''),('862','884','0.00','0000-00-00','0.00','348',''),('863','885','0.00','0000-00-00','0.00','350',''),('864','886','0.00','0000-00-00','0.00','352',''),('865','887','0.00','0000-00-00','0.00','354',''),('866','888','0.00','0000-00-00','0.00','359',''),('867','889','0.00','0000-00-00','0.00','362',''),('868','890','0.00','0000-00-00','0.00','363',''),('869','891','0.00','0000-00-00','0.00','365',''),('870','892','0.00','0000-00-00','0.00','366',''),('871','893','0.00','0000-00-00','0.00','367',''),('872','894','0.00','0000-00-00','0.00','369',''),('873','895','0.00','0000-00-00','0.00','372',''),('874','896','0.00','0000-00-00','0.00','373',''),('875','897','0.00','0000-00-00','0.00','375',''),('876','898','0.00','0000-00-00','0.00','378',''),('877','899','0.00','0000-00-00','0.00','385',''),('878','900','0.00','0000-00-00','0.00','386',''),('879','901','0.00','0000-00-00','0.00','388',''),('880','902','0.00','0000-00-00','0.00','389',''),('881','903','0.00','0000-00-00','0.00','390',''),('882','904','0.00','0000-00-00','0.00','391',''),('883','905','0.00','0000-00-00','0.00','395',''),('884','906','0.00','0000-00-00','0.00','396',''),('885','907','0.00','0000-00-00','0.00','397',''),('886','908','0.00','0000-00-00','0.00','398',''),('887','909','0.00','0000-00-00','0.00','399',''),('888','910','0.00','0000-00-00','0.00','407',''),('889','911','0.00','0000-00-00','0.00','408',''),('890','912','0.00','0000-00-00','0.00','410',''),('891','913','0.00','0000-00-00','0.00','411',''),('892','914','0.00','0000-00-00','0.00','412',''),('893','915','0.00','0000-00-00','0.00','414',''),('894','916','0.00','0000-00-00','0.00','417',''),('895','917','0.00','0000-00-00','0.00','418',''),('896','918','0.00','0000-00-00','0.00','419',''),('897','919','0.00','0000-00-00','0.00','420',''),('898','920','0.00','0000-00-00','0.00','421',''),('899','921','0.00','0000-00-00','0.00','425',''),('900','922','0.00','0000-00-00','0.00','426',''),('901','923','0.00','0000-00-00','0.00','427',''),('902','924','0.00','0000-00-00','0.00','428',''),('903','925','0.00','0000-00-00','0.00','429',''),('904','926','0.00','0000-00-00','0.00','437',''),('905','927','0.00','0000-00-00','0.00','438',''),('906','928','0.00','0000-00-00','0.00','440',''),('907','929','0.00','0000-00-00','0.00','441',''),('908','930','0.00','0000-00-00','0.00','442',''),('909','931','0.00','0000-00-00','0.00','444',''),('910','932','0.00','0000-00-00','0.00','447',''),('911','933','0.00','0000-00-00','0.00','448',''),('912','934','0.00','0000-00-00','0.00','452',''),('913','935','0.00','0000-00-00','0.00','454',''),('914','936','0.00','0000-00-00','0.00','456',''),('915','937','0.00','0000-00-00','0.00','462',''),('916','938','0.00','0000-00-00','0.00','464',''),('917','939','0.00','0000-00-00','0.00','465',''),('918','940','0.00','0000-00-00','0.00','466',''),('919','941','0.00','0000-00-00','0.00','469',''),('920','942','0.00','0000-00-00','0.00','282',''),('921','943','0.00','0000-00-00','0.00','286',''),('922','944','0.00','0000-00-00','0.00','287',''),('923','945','0.00','0000-00-00','0.00','289',''),('924','946','0.00','0000-00-00','0.00','296',''),('925','947','0.00','0000-00-00','0.00','298',''),('926','948','0.00','0000-00-00','0.00','300',''),('927','949','0.00','0000-00-00','0.00','302',''),('928','950','0.00','0000-00-00','0.00','317',''),('929','951','0.00','0000-00-00','0.00','321',''),('930','952','0.00','0000-00-00','0.00','322',''),('931','953','0.00','0000-00-00','0.00','325',''),('932','954','0.00','0000-00-00','0.00','328',''),('933','955','0.00','0000-00-00','0.00','331',''),('934','956','0.00','0000-00-00','0.00','334',''),('935','957','0.00','0000-00-00','0.00','338',''),('936','958','0.00','0000-00-00','0.00','341',''),('937','959','0.00','0000-00-00','0.00','342',''),('938','960','0.00','0000-00-00','0.00','345',''),('939','961','0.00','0000-00-00','0.00','346',''),('940','962','0.00','0000-00-00','0.00','349',''),('941','963','0.00','0000-00-00','0.00','351',''),('942','964','0.00','0000-00-00','0.00','353',''),('943','965','0.00','0000-00-00','0.00','355',''),('944','966','0.00','0000-00-00','0.00','356',''),('945','967','0.00','0000-00-00','0.00','358',''),('946','968','0.00','0000-00-00','0.00','360',''),('947','969','0.00','0000-00-00','0.00','361',''),('948','970','0.00','0000-00-00','0.00','368',''),('949','971','0.00','0000-00-00','0.00','371',''),('950','972','0.00','0000-00-00','0.00','374',''),('951','973','0.00','0000-00-00','0.00','377',''),('952','974','0.00','0000-00-00','0.00','379',''),('953','975','0.00','0000-00-00','0.00','380',''),('954','976','0.00','0000-00-00','0.00','381',''),('955','977','0.00','0000-00-00','0.00','384',''),('956','978','0.00','0000-00-00','0.00','387',''),('957','979','0.00','0000-00-00','0.00','392',''),('958','980','0.00','0000-00-00','0.00','393',''),('959','981','0.00','0000-00-00','0.00','394',''),('960','982','0.00','0000-00-00','0.00','405',''),('961','983','0.00','0000-00-00','0.00','406',''),('962','984','0.00','0000-00-00','0.00','415',''),('963','985','0.00','0000-00-00','0.00','416',''),('964','986','0.00','0000-00-00','0.00','422',''),('965','987','0.00','0000-00-00','0.00','423',''),('966','988','0.00','0000-00-00','0.00','424',''),('967','989','0.00','0000-00-00','0.00','435',''),('968','990','0.00','0000-00-00','0.00','436',''),('969','991','0.00','0000-00-00','0.00','445',''),('970','992','0.00','0000-00-00','0.00','446',''),('971','993','0.00','0000-00-00','0.00','450',''),('972','994','0.00','0000-00-00','0.00','451',''),('973','995','0.00','0000-00-00','0.00','453',''),('974','996','0.00','0000-00-00','0.00','455',''),('975','997','0.00','0000-00-00','0.00','457',''),('976','998','0.00','0000-00-00','0.00','458',''),('977','999','0.00','0000-00-00','0.00','460',''),('978','1000','0.00','0000-00-00','0.00','467',''),('979','1001','0.00','0000-00-00','0.00','404',''),('980','1002','0.00','0000-00-00','0.00','434',''),('981','1003','0.00','0000-00-00','0.00','468',''),('982','1004','10000.00','0000-00-00','0.00','269',''),('983','1005','1240.00','0000-00-00','0.00','270',''),('984','1006','0.00','0000-00-00','0.00','272',''),('985','1007','0.00','0000-00-00','0.00','273',''),('986','1008','0.00','0000-00-00','0.00','274',''),('987','1009','0.00','0000-00-00','0.00','275',''),('988','1010','0.00','0000-00-00','0.00','277',''),('989','1011','0.00','0000-00-00','0.00','278',''),('990','1012','0.00','0000-00-00','0.00','279',''),('991','1013','0.00','0000-00-00','0.00','280',''),('992','1014','0.00','0000-00-00','0.00','281',''),('993','1015','0.00','0000-00-00','0.00','283',''),('994','1016','0.00','0000-00-00','0.00','284',''),('995','1017','0.00','0000-00-00','0.00','291',''),('996','1018','0.00','0000-00-00','0.00','292',''),('997','1019','0.00','0000-00-00','0.00','294',''),('998','1020','0.00','0000-00-00','0.00','301',''),('999','1021','0.00','0000-00-00','0.00','303',''),('1000','1022','0.00','0000-00-00','0.00','304',''),('1001','1023','0.00','0000-00-00','0.00','305',''),('1002','1024','0.00','0000-00-00','0.00','306',''),('1003','1025','0.00','0000-00-00','0.00','307',''),('1004','1026','0.00','0000-00-00','0.00','310',''),('1005','1027','0.00','0000-00-00','0.00','311',''),('1006','1028','0.00','0000-00-00','0.00','312',''),('1007','1029','0.00','0000-00-00','0.00','313',''),('1008','1030','0.00','0000-00-00','0.00','314',''),('1009','1031','0.00','0000-00-00','0.00','315',''),('1010','1032','0.00','0000-00-00','0.00','316',''),('1011','1033','0.00','0000-00-00','0.00','318',''),('1012','1034','0.00','0000-00-00','0.00','319',''),('1013','1035','0.00','0000-00-00','0.00','323',''),('1014','1036','0.00','0000-00-00','0.00','326',''),('1015','1037','0.00','0000-00-00','0.00','332',''),('1016','1038','0.00','0000-00-00','0.00','340',''),('1017','1039','0.00','0000-00-00','0.00','344',''),('1018','1040','0.00','0000-00-00','0.00','357',''),('1019','1041','0.00','0000-00-00','0.00','364',''),('1020','1042','0.00','0000-00-00','0.00','370',''),('1021','1043','0.00','0000-00-00','0.00','376',''),('1022','1044','0.00','0000-00-00','0.00','382',''),('1023','1045','0.00','0000-00-00','0.00','383',''),('1024','1046','0.00','0000-00-00','0.00','400',''),('1025','1047','0.00','0000-00-00','0.00','401',''),('1026','1048','0.00','0000-00-00','0.00','402',''),('1027','1049','0.00','0000-00-00','0.00','403',''),('1028','1050','0.00','0000-00-00','0.00','409',''),('1029','1051','0.00','0000-00-00','0.00','413',''),('1030','1052','0.00','0000-00-00','0.00','430',''),('1031','1053','0.00','0000-00-00','0.00','431',''),('1032','1054','0.00','0000-00-00','0.00','432',''),('1033','1055','0.00','0000-00-00','0.00','433',''),('1034','1056','0.00','0000-00-00','0.00','439',''),('1035','1057','0.00','0000-00-00','0.00','443',''),('1036','1058','0.00','0000-00-00','0.00','449',''),('1037','1059','0.00','0000-00-00','0.00','459',''),('1038','1060','0.00','0000-00-00','0.00','461',''),('1039','1061','0.00','0000-00-00','0.00','463',''),('1040','1062','0.00','0000-00-00','0.00','271',''),('1041','1063','0.00','0000-00-00','0.00','276',''),('1042','1064','0.00','0000-00-00','0.00','285',''),('1043','1065','0.00','0000-00-00','0.00','288',''),('1044','1066','0.00','0000-00-00','0.00','290',''),('1045','1067','0.00','0000-00-00','0.00','293',''),('1046','1068','0.00','0000-00-00','0.00','295',''),('1047','1069','0.00','0000-00-00','0.00','297',''),('1048','1070','0.00','0000-00-00','0.00','299',''),('1049','1071','0.00','0000-00-00','0.00','308',''),('1050','1072','0.00','0000-00-00','0.00','309',''),('1051','1073','0.00','0000-00-00','0.00','320',''),('1052','1074','0.00','0000-00-00','0.00','324',''),('1053','1075','0.00','0000-00-00','0.00','327',''),('1054','1076','0.00','0000-00-00','0.00','329',''),('1055','1077','0.00','0000-00-00','0.00','330',''),('1056','1078','0.00','0000-00-00','0.00','333',''),('1057','1079','0.00','0000-00-00','0.00','335',''),('1058','1080','0.00','0000-00-00','0.00','336',''),('1059','1081','0.00','0000-00-00','0.00','337',''),('1060','1082','0.00','0000-00-00','0.00','339',''),('1061','1083','0.00','0000-00-00','0.00','343',''),('1062','1084','0.00','0000-00-00','0.00','347',''),('1063','1085','0.00','0000-00-00','0.00','348',''),('1064','1086','0.00','0000-00-00','0.00','350',''),('1065','1087','0.00','0000-00-00','0.00','352',''),('1066','1088','0.00','0000-00-00','0.00','354',''),('1067','1089','0.00','0000-00-00','0.00','359',''),('1068','1090','0.00','0000-00-00','0.00','362',''),('1069','1091','0.00','0000-00-00','0.00','363',''),('1070','1092','0.00','0000-00-00','0.00','365',''),('1071','1093','0.00','0000-00-00','0.00','366',''),('1072','1094','0.00','0000-00-00','0.00','367',''),('1073','1095','0.00','0000-00-00','0.00','369',''),('1074','1096','0.00','0000-00-00','0.00','372',''),('1075','1097','0.00','0000-00-00','0.00','373',''),('1076','1098','0.00','0000-00-00','0.00','375',''),('1077','1099','0.00','0000-00-00','0.00','378',''),('1078','1100','0.00','0000-00-00','0.00','385',''),('1079','1101','0.00','0000-00-00','0.00','386',''),('1080','1102','0.00','0000-00-00','0.00','388',''),('1081','1103','0.00','0000-00-00','0.00','389',''),('1082','1104','0.00','0000-00-00','0.00','390',''),('1083','1105','0.00','0000-00-00','0.00','391',''),('1084','1106','0.00','0000-00-00','0.00','395',''),('1085','1107','0.00','0000-00-00','0.00','396',''),('1086','1108','0.00','0000-00-00','0.00','397',''),('1087','1109','0.00','0000-00-00','0.00','398',''),('1088','1110','0.00','0000-00-00','0.00','399',''),('1089','1111','0.00','0000-00-00','0.00','407',''),('1090','1112','0.00','0000-00-00','0.00','408',''),('1091','1113','0.00','0000-00-00','0.00','410',''),('1092','1114','0.00','0000-00-00','0.00','411',''),('1093','1115','0.00','0000-00-00','0.00','412',''),('1094','1116','0.00','0000-00-00','0.00','414',''),('1095','1117','0.00','0000-00-00','0.00','417',''),('1096','1118','0.00','0000-00-00','0.00','418',''),('1097','1119','0.00','0000-00-00','0.00','419',''),('1098','1120','0.00','0000-00-00','0.00','420',''),('1099','1121','0.00','0000-00-00','0.00','421',''),('1100','1122','0.00','0000-00-00','0.00','425',''),('1101','1123','0.00','0000-00-00','0.00','426',''),('1102','1124','0.00','0000-00-00','0.00','427',''),('1103','1125','0.00','0000-00-00','0.00','428',''),('1104','1126','0.00','0000-00-00','0.00','429',''),('1105','1127','0.00','0000-00-00','0.00','437',''),('1106','1128','0.00','0000-00-00','0.00','438',''),('1107','1129','0.00','0000-00-00','0.00','440',''),('1108','1130','0.00','0000-00-00','0.00','441',''),('1109','1131','0.00','0000-00-00','0.00','442',''),('1110','1132','0.00','0000-00-00','0.00','444',''),('1111','1133','0.00','0000-00-00','0.00','447',''),('1112','1134','0.00','0000-00-00','0.00','448',''),('1113','1135','0.00','0000-00-00','0.00','452',''),('1114','1136','0.00','0000-00-00','0.00','454',''),('1115','1137','0.00','0000-00-00','0.00','456',''),('1116','1138','0.00','0000-00-00','0.00','462',''),('1117','1139','0.00','0000-00-00','0.00','464',''),('1118','1140','0.00','0000-00-00','0.00','465',''),('1119','1141','0.00','0000-00-00','0.00','466',''),('1120','1142','0.00','0000-00-00','0.00','469',''),('1121','1143','0.00','0000-00-00','0.00','282',''),('1122','1144','0.00','0000-00-00','0.00','286',''),('1123','1145','0.00','0000-00-00','0.00','287',''),('1124','1146','0.00','0000-00-00','0.00','289',''),('1125','1147','0.00','0000-00-00','0.00','296',''),('1126','1148','0.00','0000-00-00','0.00','298',''),('1127','1149','0.00','0000-00-00','0.00','300',''),('1128','1150','0.00','0000-00-00','0.00','302',''),('1129','1151','0.00','0000-00-00','0.00','317',''),('1130','1152','0.00','0000-00-00','0.00','321',''),('1131','1153','0.00','0000-00-00','0.00','322',''),('1132','1154','0.00','0000-00-00','0.00','325',''),('1133','1155','0.00','0000-00-00','0.00','328',''),('1134','1156','0.00','0000-00-00','0.00','331',''),('1135','1157','0.00','0000-00-00','0.00','334',''),('1136','1158','0.00','0000-00-00','0.00','338',''),('1137','1159','0.00','0000-00-00','0.00','341',''),('1138','1160','0.00','0000-00-00','0.00','342',''),('1139','1161','0.00','0000-00-00','0.00','345',''),('1140','1162','0.00','0000-00-00','0.00','346',''),('1141','1163','0.00','0000-00-00','0.00','349',''),('1142','1164','0.00','0000-00-00','0.00','351',''),('1143','1165','0.00','0000-00-00','0.00','353',''),('1144','1166','0.00','0000-00-00','0.00','355',''),('1145','1167','0.00','0000-00-00','0.00','356',''),('1146','1168','0.00','0000-00-00','0.00','358',''),('1147','1169','0.00','0000-00-00','0.00','360',''),('1148','1170','0.00','0000-00-00','0.00','361',''),('1149','1171','0.00','0000-00-00','0.00','368',''),('1150','1172','0.00','0000-00-00','0.00','371',''),('1151','1173','0.00','0000-00-00','0.00','374',''),('1152','1174','0.00','0000-00-00','0.00','377',''),('1153','1175','0.00','0000-00-00','0.00','379',''),('1154','1176','0.00','0000-00-00','0.00','380',''),('1155','1177','0.00','0000-00-00','0.00','381',''),('1156','1178','0.00','0000-00-00','0.00','384',''),('1157','1179','0.00','0000-00-00','0.00','387',''),('1158','1180','0.00','0000-00-00','0.00','392',''),('1159','1181','0.00','0000-00-00','0.00','393',''),('1160','1182','0.00','0000-00-00','0.00','394',''),('1161','1183','0.00','0000-00-00','0.00','405',''),('1162','1184','0.00','0000-00-00','0.00','406',''),('1163','1185','0.00','0000-00-00','0.00','415',''),('1164','1186','0.00','0000-00-00','0.00','416',''),('1165','1187','0.00','0000-00-00','0.00','422',''),('1166','1188','0.00','0000-00-00','0.00','423',''),('1167','1189','0.00','0000-00-00','0.00','424',''),('1168','1190','0.00','0000-00-00','0.00','435',''),('1169','1191','0.00','0000-00-00','0.00','436',''),('1170','1192','0.00','0000-00-00','0.00','445',''),('1171','1193','0.00','0000-00-00','0.00','446',''),('1172','1194','0.00','0000-00-00','0.00','450',''),('1173','1195','0.00','0000-00-00','0.00','451',''),('1174','1196','0.00','0000-00-00','0.00','453',''),('1175','1197','0.00','0000-00-00','0.00','455',''),('1176','1198','0.00','0000-00-00','0.00','457',''),('1177','1199','0.00','0000-00-00','0.00','458',''),('1178','1200','0.00','0000-00-00','0.00','460',''),('1179','1201','0.00','0000-00-00','0.00','467',''),('1180','1202','0.00','0000-00-00','0.00','404',''),('1181','1203','0.00','0000-00-00','0.00','434',''),('1182','1204','0.00','0000-00-00','0.00','468',''),('1183','1205','0.00','0000-00-00','2500.00','269',''),('1184','1206','0.00','0000-00-00','2500.00','270',''),('1185','1207','0.00','0000-00-00','0.00','272',''),('1186','1208','0.00','0000-00-00','0.00','273',''),('1187','1209','0.00','0000-00-00','0.00','274',''),('1188','1210','0.00','0000-00-00','0.00','275',''),('1189','1211','0.00','0000-00-00','0.00','277',''),('1190','1212','0.00','0000-00-00','0.00','278',''),('1191','1213','0.00','0000-00-00','0.00','279',''),('1192','1214','0.00','0000-00-00','0.00','280',''),('1193','1215','0.00','0000-00-00','0.00','281',''),('1194','1216','0.00','0000-00-00','0.00','283',''),('1195','1217','0.00','0000-00-00','0.00','284',''),('1196','1218','0.00','0000-00-00','0.00','291',''),('1197','1219','0.00','0000-00-00','2500.00','292',''),('1198','1220','0.00','0000-00-00','0.00','294',''),('1199','1221','0.00','0000-00-00','0.00','301',''),('1200','1222','0.00','0000-00-00','0.00','303',''),('1201','1223','0.00','0000-00-00','0.00','304',''),('1202','1224','0.00','0000-00-00','0.00','305',''),('1203','1225','0.00','0000-00-00','0.00','306',''),('1204','1226','0.00','0000-00-00','0.00','307',''),('1205','1227','0.00','0000-00-00','0.00','310',''),('1206','1228','0.00','0000-00-00','0.00','311',''),('1207','1229','0.00','0000-00-00','0.00','312',''),('1208','1230','0.00','0000-00-00','0.00','313',''),('1209','1231','0.00','0000-00-00','0.00','314',''),('1210','1232','0.00','0000-00-00','0.00','315',''),('1211','1233','0.00','0000-00-00','0.00','316',''),('1212','1234','0.00','0000-00-00','0.00','318',''),('1213','1235','0.00','0000-00-00','0.00','319',''),('1214','1236','0.00','0000-00-00','0.00','323',''),('1215','1237','0.00','0000-00-00','0.00','326',''),('1216','1238','0.00','0000-00-00','0.00','332',''),('1217','1239','0.00','0000-00-00','0.00','340',''),('1218','1240','0.00','0000-00-00','0.00','344',''),('1219','1241','0.00','0000-00-00','0.00','357',''),('1220','1242','0.00','0000-00-00','0.00','364',''),('1221','1243','0.00','0000-00-00','0.00','370',''),('1222','1244','0.00','0000-00-00','0.00','376',''),('1223','1245','0.00','0000-00-00','0.00','382',''),('1224','1246','0.00','0000-00-00','0.00','383',''),('1225','1247','0.00','0000-00-00','0.00','400',''),('1226','1248','0.00','0000-00-00','0.00','401',''),('1227','1249','0.00','0000-00-00','0.00','402',''),('1228','1250','0.00','0000-00-00','0.00','403',''),('1229','1251','0.00','0000-00-00','0.00','409',''),('1230','1252','0.00','0000-00-00','0.00','413',''),('1231','1253','0.00','0000-00-00','0.00','430',''),('1232','1254','0.00','0000-00-00','0.00','431',''),('1233','1255','0.00','0000-00-00','0.00','432',''),('1234','1256','0.00','0000-00-00','0.00','433',''),('1235','1257','0.00','0000-00-00','0.00','439',''),('1236','1258','0.00','0000-00-00','0.00','443',''),('1237','1259','0.00','0000-00-00','0.00','449',''),('1238','1260','0.00','0000-00-00','0.00','459',''),('1239','1261','0.00','0000-00-00','0.00','461',''),('1240','1262','0.00','0000-00-00','0.00','463',''),('1241','1263','0.00','0000-00-00','0.00','271',''),('1242','1264','0.00','0000-00-00','0.00','276',''),('1243','1265','0.00','0000-00-00','0.00','285',''),('1244','1266','0.00','0000-00-00','0.00','288',''),('1245','1267','0.00','0000-00-00','0.00','290',''),('1246','1268','0.00','0000-00-00','0.00','293',''),('1247','1269','0.00','0000-00-00','0.00','295',''),('1248','1270','0.00','0000-00-00','0.00','297',''),('1249','1271','0.00','0000-00-00','0.00','299',''),('1250','1272','0.00','0000-00-00','0.00','308',''),('1251','1273','0.00','0000-00-00','0.00','309',''),('1252','1274','0.00','0000-00-00','0.00','320',''),('1253','1275','0.00','0000-00-00','0.00','324',''),('1254','1276','0.00','0000-00-00','0.00','327',''),('1255','1277','0.00','0000-00-00','0.00','329',''),('1256','1278','0.00','0000-00-00','0.00','330',''),('1257','1279','0.00','0000-00-00','0.00','333',''),('1258','1280','0.00','0000-00-00','0.00','335',''),('1259','1281','0.00','0000-00-00','0.00','336',''),('1260','1282','0.00','0000-00-00','0.00','337',''),('1261','1283','0.00','0000-00-00','0.00','339',''),('1262','1284','0.00','0000-00-00','0.00','343',''),('1263','1285','0.00','0000-00-00','0.00','347',''),('1264','1286','0.00','0000-00-00','0.00','348',''),('1265','1287','0.00','0000-00-00','0.00','350',''),('1266','1288','0.00','0000-00-00','0.00','352',''),('1267','1289','0.00','0000-00-00','0.00','354',''),('1268','1290','0.00','0000-00-00','0.00','359',''),('1269','1291','0.00','0000-00-00','0.00','362',''),('1270','1292','0.00','0000-00-00','0.00','363',''),('1271','1293','0.00','0000-00-00','0.00','365',''),('1272','1294','0.00','0000-00-00','0.00','366',''),('1273','1295','0.00','0000-00-00','0.00','367',''),('1274','1296','0.00','0000-00-00','0.00','369',''),('1275','1297','0.00','0000-00-00','0.00','372',''),('1276','1298','0.00','0000-00-00','0.00','373',''),('1277','1299','0.00','0000-00-00','0.00','375',''),('1278','1300','0.00','0000-00-00','0.00','378',''),('1279','1301','0.00','0000-00-00','0.00','385',''),('1280','1302','0.00','0000-00-00','0.00','386',''),('1281','1303','0.00','0000-00-00','0.00','388',''),('1282','1304','0.00','0000-00-00','0.00','389',''),('1283','1305','0.00','0000-00-00','0.00','390',''),('1284','1306','0.00','0000-00-00','0.00','391',''),('1285','1307','0.00','0000-00-00','0.00','395',''),('1286','1308','0.00','0000-00-00','0.00','396',''),('1287','1309','0.00','0000-00-00','0.00','397',''),('1288','1310','0.00','0000-00-00','0.00','398',''),('1289','1311','0.00','0000-00-00','0.00','399',''),('1290','1312','0.00','0000-00-00','0.00','407',''),('1291','1313','0.00','0000-00-00','0.00','408',''),('1292','1314','0.00','0000-00-00','0.00','410',''),('1293','1315','0.00','0000-00-00','0.00','411',''),('1294','1316','0.00','0000-00-00','0.00','412',''),('1295','1317','0.00','0000-00-00','0.00','414',''),('1296','1318','0.00','0000-00-00','0.00','417',''),('1297','1319','0.00','0000-00-00','0.00','418',''),('1298','1320','0.00','0000-00-00','0.00','419',''),('1299','1321','0.00','0000-00-00','0.00','420',''),('1300','1322','0.00','0000-00-00','0.00','421',''),('1301','1323','0.00','0000-00-00','0.00','425',''),('1302','1324','0.00','0000-00-00','0.00','426',''),('1303','1325','0.00','0000-00-00','0.00','427',''),('1304','1326','0.00','0000-00-00','0.00','428',''),('1305','1327','0.00','0000-00-00','0.00','429',''),('1306','1328','0.00','0000-00-00','0.00','437',''),('1307','1329','0.00','0000-00-00','0.00','438',''),('1308','1330','0.00','0000-00-00','0.00','440',''),('1309','1331','0.00','0000-00-00','0.00','441',''),('1310','1332','0.00','0000-00-00','0.00','442',''),('1311','1333','0.00','0000-00-00','0.00','444',''),('1312','1334','0.00','0000-00-00','0.00','447',''),('1313','1335','0.00','0000-00-00','0.00','448',''),('1314','1336','0.00','0000-00-00','0.00','452',''),('1315','1337','0.00','0000-00-00','0.00','454',''),('1316','1338','0.00','0000-00-00','0.00','456',''),('1317','1339','0.00','0000-00-00','0.00','462',''),('1318','1340','0.00','0000-00-00','0.00','464',''),('1319','1341','0.00','0000-00-00','0.00','465',''),('1320','1342','0.00','0000-00-00','0.00','466',''),('1321','1343','0.00','0000-00-00','0.00','469',''),('1322','1344','0.00','0000-00-00','0.00','282',''),('1323','1345','0.00','0000-00-00','0.00','286',''),('1324','1346','0.00','0000-00-00','0.00','287',''),('1325','1347','0.00','0000-00-00','0.00','289',''),('1326','1348','0.00','0000-00-00','0.00','296',''),('1327','1349','0.00','0000-00-00','0.00','298',''),('1328','1350','0.00','0000-00-00','0.00','300',''),('1329','1351','0.00','0000-00-00','0.00','302',''),('1330','1352','0.00','0000-00-00','0.00','317',''),('1331','1353','0.00','0000-00-00','0.00','321',''),('1332','1354','0.00','0000-00-00','0.00','322',''),('1333','1355','0.00','0000-00-00','0.00','325',''),('1334','1356','0.00','0000-00-00','0.00','328',''),('1335','1357','0.00','0000-00-00','0.00','331',''),('1336','1358','0.00','0000-00-00','0.00','334',''),('1337','1359','0.00','0000-00-00','0.00','338',''),('1338','1360','0.00','0000-00-00','0.00','341',''),('1339','1361','0.00','0000-00-00','0.00','342',''),('1340','1362','0.00','0000-00-00','0.00','345',''),('1341','1363','0.00','0000-00-00','0.00','346','');
INSERT INTO `facture` (`id`,`id_indexes`,`montant_verse`,`date_paiement`,`penalite`,`id_abone`,`message`) VALUES ('1342','1364','0.00','0000-00-00','0.00','349',''),('1343','1365','0.00','0000-00-00','0.00','351',''),('1344','1366','0.00','0000-00-00','0.00','353',''),('1345','1367','0.00','0000-00-00','0.00','355',''),('1346','1368','0.00','0000-00-00','0.00','356',''),('1347','1369','0.00','0000-00-00','0.00','358',''),('1348','1370','0.00','0000-00-00','0.00','360',''),('1349','1371','0.00','0000-00-00','0.00','361',''),('1350','1372','0.00','0000-00-00','0.00','368',''),('1351','1373','0.00','0000-00-00','0.00','371',''),('1352','1374','0.00','0000-00-00','0.00','374',''),('1353','1375','0.00','0000-00-00','0.00','377',''),('1354','1376','0.00','0000-00-00','0.00','379',''),('1355','1377','0.00','0000-00-00','0.00','380',''),('1356','1378','0.00','0000-00-00','0.00','381',''),('1357','1379','0.00','0000-00-00','0.00','384',''),('1358','1380','0.00','0000-00-00','0.00','387',''),('1359','1381','0.00','0000-00-00','0.00','392',''),('1360','1382','0.00','0000-00-00','0.00','393',''),('1361','1383','0.00','0000-00-00','0.00','394',''),('1362','1384','0.00','0000-00-00','0.00','405',''),('1363','1385','0.00','0000-00-00','0.00','406',''),('1364','1386','0.00','0000-00-00','0.00','415',''),('1365','1387','0.00','0000-00-00','0.00','416',''),('1366','1388','0.00','0000-00-00','0.00','422',''),('1367','1389','0.00','0000-00-00','0.00','423',''),('1368','1390','0.00','0000-00-00','0.00','424',''),('1369','1391','0.00','0000-00-00','0.00','435',''),('1370','1392','0.00','0000-00-00','0.00','436',''),('1371','1393','0.00','0000-00-00','0.00','445',''),('1372','1394','0.00','0000-00-00','0.00','446',''),('1373','1395','0.00','0000-00-00','0.00','450',''),('1374','1396','0.00','0000-00-00','0.00','451',''),('1375','1397','0.00','0000-00-00','0.00','453',''),('1376','1398','0.00','0000-00-00','0.00','455',''),('1377','1399','0.00','0000-00-00','0.00','457',''),('1378','1400','0.00','0000-00-00','0.00','458',''),('1379','1401','0.00','0000-00-00','0.00','460',''),('1380','1402','0.00','0000-00-00','0.00','467',''),('1381','1403','0.00','0000-00-00','0.00','404',''),('1382','1404','0.00','0000-00-00','0.00','434',''),('1383','1405','0.00','0000-00-00','0.00','468',''),('1384','1406','2000.00','0000-00-00','0.00','473',''),('1385','1407','19500.00','0000-00-00','0.00','470',''),('1386','1408','2000.00','0000-00-00','0.00','472',''),('1387','1409','2300.00','0000-00-00','0.00','471',''),('1388','1410','10000.00','0000-00-00','4500.00','473',''),('1389','1411','500.00','0000-00-00','0.00','470',''),('1390','1412','0.00','0000-00-00','0.00','472',''),('1391','1413','0.00','0000-00-00','2000.00','269',''),('1392','1414','0.00','0000-00-00','0.00','270',''),('1393','1415','0.00','0000-00-00','0.00','272',''),('1394','1416','0.00','0000-00-00','0.00','273',''),('1395','1417','0.00','0000-00-00','0.00','274',''),('1396','1418','0.00','0000-00-00','0.00','275',''),('1397','1419','0.00','0000-00-00','0.00','277',''),('1398','1420','0.00','0000-00-00','0.00','278',''),('1399','1421','0.00','0000-00-00','0.00','279',''),('1400','1422','0.00','0000-00-00','0.00','280',''),('1401','1423','0.00','0000-00-00','0.00','281',''),('1402','1424','0.00','0000-00-00','0.00','283',''),('1403','1425','0.00','0000-00-00','0.00','284',''),('1404','1426','0.00','0000-00-00','0.00','291',''),('1405','1427','0.00','0000-00-00','0.00','292',''),('1406','1428','0.00','0000-00-00','0.00','294',''),('1407','1429','0.00','0000-00-00','0.00','301',''),('1408','1430','0.00','0000-00-00','0.00','303',''),('1409','1431','0.00','0000-00-00','0.00','304',''),('1410','1432','0.00','0000-00-00','0.00','305',''),('1411','1433','0.00','0000-00-00','0.00','306',''),('1412','1434','0.00','0000-00-00','0.00','307',''),('1413','1435','0.00','0000-00-00','0.00','310',''),('1414','1436','0.00','0000-00-00','0.00','311',''),('1415','1437','0.00','0000-00-00','0.00','312',''),('1416','1438','0.00','0000-00-00','0.00','313',''),('1417','1439','0.00','0000-00-00','0.00','314',''),('1418','1440','0.00','0000-00-00','0.00','315',''),('1419','1441','0.00','0000-00-00','0.00','316',''),('1420','1442','0.00','0000-00-00','0.00','318',''),('1421','1443','0.00','0000-00-00','0.00','319',''),('1422','1444','0.00','0000-00-00','0.00','323',''),('1423','1445','0.00','0000-00-00','0.00','326',''),('1424','1446','0.00','0000-00-00','0.00','332',''),('1425','1447','0.00','0000-00-00','0.00','340',''),('1426','1448','0.00','0000-00-00','0.00','344',''),('1427','1449','0.00','0000-00-00','0.00','357',''),('1428','1450','0.00','0000-00-00','0.00','364',''),('1429','1451','0.00','0000-00-00','0.00','370',''),('1430','1452','0.00','0000-00-00','0.00','376',''),('1431','1453','0.00','0000-00-00','0.00','382',''),('1432','1454','0.00','0000-00-00','0.00','383',''),('1433','1455','0.00','0000-00-00','0.00','400',''),('1434','1456','0.00','0000-00-00','0.00','401',''),('1435','1457','0.00','0000-00-00','0.00','402',''),('1436','1458','0.00','0000-00-00','0.00','403',''),('1437','1459','0.00','0000-00-00','0.00','409',''),('1438','1460','0.00','0000-00-00','0.00','413',''),('1439','1461','0.00','0000-00-00','0.00','430',''),('1440','1462','0.00','0000-00-00','0.00','431',''),('1441','1463','0.00','0000-00-00','0.00','432',''),('1442','1464','0.00','0000-00-00','0.00','433',''),('1443','1465','0.00','0000-00-00','0.00','439',''),('1444','1466','0.00','0000-00-00','0.00','443',''),('1445','1467','0.00','0000-00-00','0.00','449',''),('1446','1468','0.00','0000-00-00','0.00','459',''),('1447','1469','0.00','0000-00-00','0.00','461',''),('1448','1470','0.00','0000-00-00','0.00','463',''),('1449','1471','0.00','0000-00-00','0.00','271',''),('1450','1472','0.00','0000-00-00','0.00','276',''),('1451','1473','0.00','0000-00-00','0.00','285',''),('1452','1474','0.00','0000-00-00','0.00','288',''),('1453','1475','0.00','0000-00-00','0.00','290',''),('1454','1476','0.00','0000-00-00','0.00','293',''),('1455','1477','0.00','0000-00-00','0.00','295',''),('1456','1478','0.00','0000-00-00','0.00','297',''),('1457','1479','0.00','0000-00-00','0.00','299',''),('1458','1480','0.00','0000-00-00','0.00','308',''),('1459','1481','0.00','0000-00-00','0.00','309',''),('1460','1482','0.00','0000-00-00','0.00','320',''),('1461','1483','0.00','0000-00-00','0.00','324',''),('1462','1484','0.00','0000-00-00','0.00','327',''),('1463','1485','0.00','0000-00-00','0.00','329',''),('1464','1486','0.00','0000-00-00','0.00','330',''),('1465','1487','0.00','0000-00-00','0.00','333',''),('1466','1488','0.00','0000-00-00','0.00','335',''),('1467','1489','0.00','0000-00-00','0.00','336',''),('1468','1490','0.00','0000-00-00','0.00','337',''),('1469','1491','0.00','0000-00-00','0.00','339',''),('1470','1492','0.00','0000-00-00','0.00','343',''),('1471','1493','0.00','0000-00-00','0.00','347',''),('1472','1494','0.00','0000-00-00','0.00','348',''),('1473','1495','0.00','0000-00-00','0.00','350',''),('1474','1496','0.00','0000-00-00','0.00','352',''),('1475','1497','0.00','0000-00-00','0.00','354',''),('1476','1498','0.00','0000-00-00','0.00','359',''),('1477','1499','0.00','0000-00-00','0.00','362',''),('1478','1500','0.00','0000-00-00','0.00','363',''),('1479','1501','0.00','0000-00-00','0.00','365',''),('1480','1502','0.00','0000-00-00','0.00','366',''),('1481','1503','0.00','0000-00-00','0.00','367',''),('1482','1504','0.00','0000-00-00','0.00','369',''),('1483','1505','0.00','0000-00-00','0.00','372',''),('1484','1506','0.00','0000-00-00','0.00','373',''),('1485','1507','0.00','0000-00-00','0.00','375',''),('1486','1508','0.00','0000-00-00','0.00','378',''),('1487','1509','0.00','0000-00-00','0.00','385',''),('1488','1510','0.00','0000-00-00','0.00','386',''),('1489','1511','0.00','0000-00-00','0.00','388',''),('1490','1512','0.00','0000-00-00','0.00','389',''),('1491','1513','0.00','0000-00-00','0.00','390',''),('1492','1514','0.00','0000-00-00','0.00','391',''),('1493','1515','0.00','0000-00-00','0.00','395',''),('1494','1516','0.00','0000-00-00','0.00','396',''),('1495','1517','0.00','0000-00-00','0.00','397',''),('1496','1518','0.00','0000-00-00','0.00','398',''),('1497','1519','0.00','0000-00-00','0.00','399',''),('1498','1520','0.00','0000-00-00','0.00','407',''),('1499','1521','0.00','0000-00-00','0.00','408',''),('1500','1522','0.00','0000-00-00','0.00','410',''),('1501','1523','0.00','0000-00-00','0.00','411',''),('1502','1524','0.00','0000-00-00','0.00','412',''),('1503','1525','0.00','0000-00-00','0.00','414',''),('1504','1526','0.00','0000-00-00','0.00','417',''),('1505','1527','0.00','0000-00-00','0.00','418',''),('1506','1528','0.00','0000-00-00','0.00','419',''),('1507','1529','0.00','0000-00-00','0.00','420',''),('1508','1530','0.00','0000-00-00','0.00','421',''),('1509','1531','0.00','0000-00-00','0.00','425',''),('1510','1532','0.00','0000-00-00','0.00','426',''),('1511','1533','0.00','0000-00-00','0.00','427',''),('1512','1534','0.00','0000-00-00','0.00','428',''),('1513','1535','0.00','0000-00-00','0.00','429',''),('1514','1536','0.00','0000-00-00','0.00','437',''),('1515','1537','0.00','0000-00-00','0.00','438',''),('1516','1538','0.00','0000-00-00','0.00','440',''),('1517','1539','0.00','0000-00-00','0.00','441',''),('1518','1540','0.00','0000-00-00','0.00','442',''),('1519','1541','0.00','0000-00-00','0.00','444',''),('1520','1542','0.00','0000-00-00','0.00','447',''),('1521','1543','0.00','0000-00-00','0.00','448',''),('1522','1544','0.00','0000-00-00','0.00','452',''),('1523','1545','0.00','0000-00-00','0.00','454',''),('1524','1546','0.00','0000-00-00','0.00','456',''),('1525','1547','0.00','0000-00-00','0.00','462',''),('1526','1548','0.00','0000-00-00','0.00','464',''),('1527','1549','0.00','0000-00-00','0.00','465',''),('1528','1550','0.00','0000-00-00','0.00','466',''),('1529','1551','0.00','0000-00-00','0.00','469',''),('1530','1552','0.00','0000-00-00','0.00','282',''),('1531','1553','0.00','0000-00-00','0.00','286',''),('1532','1554','0.00','0000-00-00','0.00','287',''),('1533','1555','0.00','0000-00-00','0.00','289',''),('1534','1556','0.00','0000-00-00','0.00','296',''),('1535','1557','0.00','0000-00-00','0.00','298',''),('1536','1558','0.00','0000-00-00','0.00','300',''),('1537','1559','0.00','0000-00-00','0.00','302',''),('1538','1560','0.00','0000-00-00','0.00','317',''),('1539','1561','0.00','0000-00-00','0.00','321',''),('1540','1562','0.00','0000-00-00','0.00','322',''),('1541','1563','0.00','0000-00-00','0.00','325',''),('1542','1564','0.00','0000-00-00','0.00','328',''),('1543','1565','0.00','0000-00-00','0.00','331',''),('1544','1566','0.00','0000-00-00','0.00','334',''),('1545','1567','0.00','0000-00-00','0.00','338',''),('1546','1568','0.00','0000-00-00','0.00','341',''),('1547','1569','0.00','0000-00-00','0.00','342',''),('1548','1570','0.00','0000-00-00','0.00','345',''),('1549','1571','0.00','0000-00-00','0.00','346',''),('1550','1572','0.00','0000-00-00','0.00','349',''),('1551','1573','0.00','0000-00-00','0.00','351',''),('1552','1574','0.00','0000-00-00','0.00','353',''),('1553','1575','0.00','0000-00-00','0.00','355',''),('1554','1576','0.00','0000-00-00','0.00','356',''),('1555','1577','0.00','0000-00-00','0.00','358',''),('1556','1578','0.00','0000-00-00','0.00','360',''),('1557','1579','0.00','0000-00-00','0.00','361',''),('1558','1580','0.00','0000-00-00','0.00','368',''),('1559','1581','0.00','0000-00-00','0.00','371',''),('1560','1582','0.00','0000-00-00','0.00','374',''),('1561','1583','0.00','0000-00-00','0.00','377',''),('1562','1584','0.00','0000-00-00','0.00','379',''),('1563','1585','0.00','0000-00-00','0.00','380',''),('1564','1586','0.00','0000-00-00','0.00','381',''),('1565','1587','0.00','0000-00-00','0.00','384',''),('1566','1588','0.00','0000-00-00','0.00','387',''),('1567','1589','0.00','0000-00-00','0.00','392',''),('1568','1590','0.00','0000-00-00','0.00','393',''),('1569','1591','0.00','0000-00-00','0.00','394',''),('1570','1592','0.00','0000-00-00','0.00','405',''),('1571','1593','0.00','0000-00-00','0.00','406',''),('1572','1594','0.00','0000-00-00','0.00','415',''),('1573','1595','0.00','0000-00-00','0.00','416',''),('1574','1596','0.00','0000-00-00','0.00','422',''),('1575','1597','0.00','0000-00-00','0.00','423',''),('1576','1598','0.00','0000-00-00','0.00','424',''),('1577','1599','0.00','0000-00-00','0.00','435',''),('1578','1600','0.00','0000-00-00','0.00','436',''),('1579','1601','0.00','0000-00-00','0.00','445',''),('1580','1602','0.00','0000-00-00','0.00','446',''),('1581','1603','0.00','0000-00-00','0.00','450',''),('1582','1604','0.00','0000-00-00','0.00','451',''),('1583','1605','0.00','0000-00-00','0.00','453',''),('1584','1606','0.00','0000-00-00','0.00','455',''),('1585','1607','0.00','0000-00-00','0.00','457',''),('1586','1608','0.00','0000-00-00','0.00','458',''),('1587','1609','0.00','0000-00-00','0.00','460',''),('1588','1610','0.00','0000-00-00','0.00','467',''),('1589','1611','0.00','0000-00-00','0.00','404',''),('1590','1612','0.00','0000-00-00','0.00','434',''),('1591','1613','0.00','0000-00-00','0.00','468',''),('1792','1814','0.00','2020-01-01','0.00','269',''),('1793','1815','260.00','2020-01-01','0.00','270',''),('1794','1816','0.00','2020-01-01','0.00','271',''),('1795','1817','18130.00','2020-01-01','0.00','272',''),('1796','1818','0.00','2020-01-01','0.00','273',''),('1797','1819','0.00','2020-01-01','0.00','274',''),('1798','1820','0.00','2020-01-01','0.00','275',''),('1799','1821','920.00','2020-01-01','0.00','276',''),('1800','1822','5.00','2020-01-01','0.00','277',''),('1801','1823','25.00','2020-01-01','0.00','278',''),('1802','1824','0.00','2020-01-01','0.00','279',''),('1803','1825','0.00','2020-01-01','0.00','280',''),('1804','1826','0.00','2020-01-01','0.00','281',''),('1805','1827','0.00','2020-01-01','0.00','282',''),('1806','1828','940.00','2020-01-01','0.00','283',''),('1807','1829','705.00','2020-01-01','0.00','284',''),('1808','1830','0.00','2020-01-01','0.00','285',''),('1809','1831','0.00','2020-01-01','0.00','286',''),('1810','1832','0.00','2020-01-01','0.00','287',''),('1811','1833','0.00','2020-01-01','0.00','288',''),('1812','1834','0.00','2020-01-01','0.00','289',''),('1813','1835','0.00','2020-01-01','0.00','290',''),('1814','1836','0.00','2020-01-01','0.00','291',''),('1815','1837','0.00','2020-01-01','0.00','292',''),('1816','1838','0.00','2020-01-01','0.00','293',''),('1817','1839','0.00','2020-01-01','0.00','294',''),('1818','1840','0.00','2020-01-01','0.00','295',''),('1819','1841','0.00','2020-01-01','0.00','296',''),('1820','1842','0.00','2020-01-01','0.00','297',''),('1821','1843','5.00','2020-01-01','0.00','298',''),('1822','1844','0.00','2020-01-01','0.00','299',''),('1823','1845','0.00','2020-01-01','0.00','300',''),('1824','1846','0.00','2020-01-01','0.00','301',''),('1825','1847','0.00','2020-01-01','0.00','302',''),('1826','1848','0.00','2020-01-01','0.00','303',''),('1827','1849','0.00','2020-01-01','0.00','304',''),('1828','1850','420.00','2020-01-01','0.00','305',''),('1829','1851','2770.00','2020-01-01','0.00','306',''),('1830','1852','0.00','2020-01-01','0.00','307',''),('1831','1853','0.00','2020-01-01','0.00','308',''),('1832','1854','0.00','2020-01-01','0.00','309',''),('1833','1855','0.00','2020-01-01','0.00','310',''),('1834','1856','5.00','2020-01-01','0.00','311',''),('1835','1857','0.00','2020-01-01','0.00','312',''),('1836','1858','0.00','2020-01-01','0.00','313',''),('1837','1859','1450.00','2020-01-01','0.00','314',''),('1838','1860','0.00','2020-01-01','0.00','315',''),('1839','1861','0.00','2020-01-01','0.00','316',''),('1840','1862','0.00','2020-01-01','0.00','317',''),('1841','1863','0.00','2020-01-01','0.00','318',''),('1842','1864','0.00','2020-01-01','0.00','319',''),('1843','1865','15.00','2020-01-01','0.00','320',''),('1844','1866','0.00','2020-01-01','0.00','321',''),('1845','1867','415.00','2020-01-01','0.00','322',''),('1846','1868','0.00','2020-01-01','0.00','323',''),('1847','1869','0.00','2020-01-01','0.00','324',''),('1848','1870','0.00','2020-01-01','0.00','325',''),('1849','1871','0.00','2020-01-01','0.00','326',''),('1850','1872','0.00','2020-01-01','0.00','327',''),('1851','1873','0.00','2020-01-01','0.00','511',''),('1852','1874','0.00','2020-01-01','2500.00','329',''),('1853','1875','0.00','2020-01-01','0.00','330',''),('1854','1876','0.00','2020-01-01','0.00','331',''),('1855','1877','0.00','2020-01-01','0.00','332',''),('1856','1878','0.00','2020-01-01','0.00','333',''),('1857','1879','0.00','2020-01-01','0.00','334',''),('1858','1880','0.00','2020-01-01','0.00','335',''),('1859','1881','0.00','2020-01-01','0.00','336',''),('1860','1882','0.00','2020-01-01','0.00','337',''),('1861','1883','0.00','2020-01-01','0.00','338',''),('1862','1884','2280.00','2020-01-01','0.00','339',''),('1863','1885','0.00','2020-01-01','0.00','340',''),('1864','1886','20.00','2020-01-01','0.00','341',''),('1865','1887','0.00','2020-01-01','0.00','342',''),('1866','1888','0.00','2020-01-01','0.00','343',''),('1867','1889','3045.00','2020-01-01','0.00','344',''),('1868','1890','0.00','2020-01-01','0.00','345',''),('1869','1891','0.00','2020-01-01','0.00','346',''),('1870','1892','0.00','2020-01-01','0.00','347',''),('1871','1893','0.00','2020-01-01','0.00','348',''),('1872','1894','10.00','2020-01-01','0.00','349',''),('1873','1895','0.00','2020-01-01','0.00','350',''),('1874','1896','0.00','2020-01-01','0.00','351',''),('1875','1897','0.00','2020-01-01','0.00','352',''),('1876','1898','0.00','2020-01-01','0.00','353',''),('1877','1899','0.00','2020-01-01','0.00','354',''),('1878','1900','0.00','2020-01-01','0.00','355',''),('1879','1901','140.00','2020-01-01','0.00','356',''),('1880','1902','0.00','2020-01-01','0.00','357',''),('1881','1903','0.00','2020-01-01','0.00','358',''),('1882','1904','10.00','2020-01-01','0.00','359',''),('1883','1905','0.00','2020-01-01','0.00','360',''),('1884','1906','0.00','2020-01-01','0.00','361',''),('1885','1907','0.00','2020-01-01','0.00','362',''),('1886','1908','0.00','2020-01-01','0.00','363',''),('1887','1909','0.00','2020-01-01','2500.00','364',''),('1888','1910','0.00','2020-01-01','0.00','365',''),('1889','1911','10.00','2020-01-01','0.00','366',''),('1890','1912','0.00','2020-01-01','0.00','367',''),('1891','1913','0.00','2020-01-01','0.00','368',''),('1892','1914','0.00','2020-01-01','0.00','369',''),('1893','1915','0.00','2020-01-01','0.00','370',''),('1894','1916','0.00','2020-01-01','0.00','371',''),('1895','1917','0.00','2020-01-01','0.00','372',''),('1896','1918','0.00','2020-01-01','0.00','373',''),('1897','1919','1920.00','2020-01-01','0.00','374',''),('1898','1920','0.00','2020-01-01','0.00','375',''),('1899','1921','0.00','2020-01-01','0.00','376',''),('1900','1922','0.00','2020-01-01','0.00','377',''),('1901','1923','0.00','2020-01-01','0.00','378',''),('1902','1924','0.00','2020-01-01','0.00','379',''),('1903','1925','0.00','2020-01-01','0.00','380',''),('1904','1926','0.00','2020-01-01','0.00','381',''),('1905','1927','0.00','2020-01-01','0.00','382',''),('1906','1928','10.00','2020-01-01','0.00','383',''),('1907','1929','0.00','2020-01-01','0.00','384',''),('1908','1930','0.00','2020-01-01','0.00','385',''),('1909','1931','0.00','2020-01-01','0.00','386',''),('1910','1932','0.00','2020-01-01','0.00','512',''),('1911','1933','0.00','2020-01-01','0.00','513',''),('1912','1934','0.00','2020-01-01','0.00','514',''),('1913','1935','0.00','2020-01-01','0.00','515',''),('1914','1936','0.00','2020-01-01','0.00','516',''),('1915','1937','0.00','2020-01-01','0.00','517',''),('1916','1938','0.00','2020-01-01','0.00','518',''),('1917','1939','0.00','2020-01-01','0.00','519',''),('1918','1940','10.00','2020-01-01','0.00','520',''),('1919','1941','0.00','2020-01-01','0.00','521',''),('1920','1942','0.00','2020-01-01','0.00','522',''),('1921','1943','0.00','2020-01-01','0.00','523',''),('1922','1944','20.00','2020-01-01','0.00','524',''),('1923','1945','0.00','2020-01-01','0.00','525',''),('1924','1946','1640.00','2020-01-01','0.00','526',''),('1925','1947','1170.00','2020-01-01','0.00','527',''),('1926','1948','0.00','2020-01-01','0.00','528',''),('1927','1949','330.00','2020-01-01','0.00','529',''),('1928','1950','0.00','2020-01-01','0.00','530',''),('1929','1951','0.00','2020-01-01','0.00','531',''),('1930','1952','0.00','2020-01-01','2500.00','532',''),('1931','1953','16690.00','2020-01-01','0.00','533',''),('1932','1954','0.00','2020-01-01','0.00','534',''),('1933','1955','35.00','2020-01-01','0.00','535',''),('1934','1956','5585.00','2020-01-01','0.00','536',''),('1935','1957','0.00','2020-01-01','0.00','537',''),('1936','1958','0.00','2020-01-01','0.00','538',''),('1937','1959','0.00','2020-01-01','0.00','539',''),('1938','1960','1110.00','2020-01-01','0.00','540',''),('1939','1961','0.00','2020-01-01','0.00','541',''),('1940','1962','0.00','2020-01-01','0.00','542',''),('1941','1963','0.00','2020-01-01','0.00','543',''),('1942','1964','0.00','2020-01-01','0.00','419',''),('1943','1965','0.00','2020-01-01','0.00','420',''),('1944','1966','10.00','2020-01-01','0.00','421',''),('1945','1967','0.00','2020-01-01','0.00','544',''),('1946','1968','0.00','2020-01-01','0.00','423',''),('1947','1969','5.00','2020-01-01','0.00','424',''),('1948','1970','0.00','2020-01-01','0.00','425',''),('1949','1971','0.00','2020-01-01','0.00','426',''),('1950','1972','0.00','2020-01-01','0.00','427',''),('1951','1973','0.00','2020-01-01','0.00','428',''),('1952','1974','0.00','2020-01-01','0.00','429',''),('1953','1975','0.00','2020-01-01','0.00','430',''),('1954','1976','0.00','2020-01-01','0.00','431',''),('1955','1977','0.00','2020-01-01','0.00','432',''),('1956','1978','0.00','2020-01-01','0.00','433',''),('1957','1979','0.00','2020-01-01','0.00','545',''),('1958','1980','0.00','2020-01-01','0.00','435',''),('1959','1981','0.00','2020-01-01','0.00','436',''),('1960','1982','0.00','2020-01-01','0.00','437',''),('1961','1983','0.00','2020-01-01','0.00','438',''),('1962','1984','10.00','2020-01-01','0.00','439',''),('1963','1985','0.00','2020-01-01','0.00','440',''),('1964','1986','0.00','2020-01-01','0.00','441',''),('1965','1987','0.00','2020-01-01','0.00','442',''),('1966','1988','0.00','2020-01-01','0.00','443',''),('1967','1989','3280.00','2020-01-01','0.00','444',''),('1968','1990','0.00','2020-01-01','0.00','445',''),('1969','1991','0.00','2020-01-01','0.00','446',''),('1970','1992','0.00','2020-01-01','0.00','447',''),('1971','1993','0.00','2020-01-01','0.00','546',''),('1972','1994','1000.00','2020-01-01','0.00','547',''),('1973','1995','0.00','2020-01-01','0.00','450',''),('1974','1996','0.00','2020-01-01','0.00','451',''),('1975','1997','0.00','2020-01-01','0.00','452',''),('1976','1998','0.00','2020-01-01','0.00','453',''),('1977','1999','0.00','2020-01-01','0.00','454',''),('1978','2000','0.00','2020-01-01','0.00','455',''),('1979','2001','0.00','2020-01-01','0.00','456',''),('1980','2002','0.00','2020-01-01','0.00','457',''),('1981','2003','0.00','2020-01-01','0.00','458',''),('1982','2004','0.00','2020-01-01','0.00','459',''),('1983','2005','0.00','2020-01-01','0.00','460',''),('1984','2006','0.00','2020-01-01','0.00','461',''),('1985','2007','0.00','2020-01-01','0.00','462',''),('1986','2008','0.00','2020-01-01','0.00','463',''),('1987','2009','260.00','2020-01-01','0.00','464',''),('1988','2010','0.00','2020-01-01','0.00','465',''),('1989','2011','0.00','2020-01-01','0.00','466',''),('1990','2012','0.00','2020-01-01','0.00','467',''),('1991','2013','0.00','2020-01-01','0.00','468',''),('1992','2014','0.00','2025-01-01','0.00','269',''),('1993','2015','0.00','2025-01-01','0.00','270',''),('1994','2016','0.00','2025-01-01','0.00','271',''),('1995','2017','0.00','2025-01-01','0.00','272',''),('1996','2018','0.00','2025-01-01','0.00','273',''),('1997','2019','0.00','2025-01-01','0.00','274',''),('1998','2020','0.00','2025-01-01','0.00','275',''),('1999','2021','0.00','2025-01-01','0.00','276',''),('2000','2022','0.00','2025-01-01','0.00','277',''),('2001','2023','0.00','2025-01-01','0.00','278',''),('2002','2024','0.00','2025-01-01','0.00','279',''),('2003','2025','0.00','2025-01-01','0.00','280',''),('2004','2026','0.00','2025-01-01','0.00','281',''),('2005','2027','0.00','2025-01-01','0.00','282',''),('2006','2028','0.00','2025-01-01','0.00','283',''),('2007','2029','0.00','2025-01-01','0.00','284',''),('2008','2030','0.00','2025-01-01','0.00','285',''),('2009','2031','0.00','2025-01-01','0.00','286',''),('2010','2032','0.00','2025-01-01','0.00','287',''),('2011','2033','0.00','2025-01-01','0.00','288',''),('2012','2034','0.00','2025-01-01','0.00','289',''),('2013','2035','0.00','2025-01-01','0.00','290',''),('2014','2036','0.00','2025-01-01','0.00','291',''),('2015','2037','0.00','2025-01-01','0.00','292',''),('2016','2038','0.00','2025-01-01','0.00','293',''),('2017','2039','0.00','2025-01-01','0.00','294',''),('2018','2040','0.00','2025-01-01','0.00','295',''),('2019','2041','0.00','2025-01-01','0.00','296',''),('2020','2042','0.00','2025-01-01','0.00','297',''),('2021','2043','0.00','2025-01-01','0.00','298',''),('2022','2044','0.00','2025-01-01','0.00','299',''),('2023','2045','0.00','2025-01-01','0.00','300',''),('2024','2046','0.00','2025-01-01','0.00','301',''),('2025','2047','0.00','2025-01-01','0.00','302',''),('2026','2048','0.00','2025-01-01','0.00','303',''),('2027','2049','0.00','2025-01-01','0.00','304',''),('2028','2050','0.00','2025-01-01','0.00','305',''),('2029','2051','0.00','2025-01-01','0.00','306',''),('2030','2052','0.00','2025-01-01','0.00','307',''),('2031','2053','0.00','2025-01-01','0.00','308',''),('2032','2054','0.00','2025-01-01','0.00','309',''),('2033','2055','0.00','2025-01-01','0.00','310',''),('2034','2056','0.00','2025-01-01','0.00','311',''),('2035','2057','0.00','2025-01-01','0.00','312',''),('2036','2058','0.00','2025-01-01','0.00','313',''),('2037','2059','0.00','2025-01-01','0.00','314',''),('2038','2060','0.00','2025-01-01','0.00','315',''),('2039','2061','0.00','2025-01-01','0.00','316',''),('2040','2062','0.00','2025-01-01','0.00','317',''),('2041','2063','0.00','2025-01-01','0.00','318',''),('2042','2064','0.00','2025-01-01','0.00','319',''),('2043','2065','0.00','2025-01-01','0.00','320',''),('2044','2066','0.00','2025-01-01','0.00','321',''),('2045','2067','0.00','2025-01-01','0.00','322',''),('2046','2068','0.00','2025-01-01','0.00','323',''),('2047','2069','0.00','2025-01-01','0.00','324',''),('2048','2070','0.00','2025-01-01','0.00','325',''),('2049','2071','0.00','2025-01-01','0.00','326',''),('2050','2072','0.00','2025-01-01','0.00','327',''),('2051','2073','0.00','2025-01-01','0.00','511',''),('2052','2074','0.00','2025-01-01','0.00','329',''),('2053','2075','0.00','2025-01-01','0.00','330',''),('2054','2076','0.00','2025-01-01','0.00','331',''),('2055','2077','0.00','2025-01-01','0.00','332',''),('2056','2078','0.00','2025-01-01','0.00','333',''),('2057','2079','0.00','2025-01-01','0.00','334',''),('2058','2080','0.00','2025-01-01','0.00','335',''),('2059','2081','0.00','2025-01-01','0.00','336',''),('2060','2082','0.00','2025-01-01','0.00','337',''),('2061','2083','0.00','2025-01-01','0.00','338',''),('2062','2084','0.00','2025-01-01','0.00','339',''),('2063','2085','0.00','2025-01-01','0.00','340',''),('2064','2086','0.00','2025-01-01','0.00','341',''),('2065','2087','0.00','2025-01-01','0.00','342',''),('2066','2088','0.00','2025-01-01','0.00','343',''),('2067','2089','0.00','2025-01-01','0.00','344',''),('2068','2090','0.00','2025-01-01','0.00','345',''),('2069','2091','0.00','2025-01-01','0.00','346',''),('2070','2092','0.00','2025-01-01','0.00','347',''),('2071','2093','0.00','2025-01-01','0.00','348',''),('2072','2094','0.00','2025-01-01','0.00','349',''),('2073','2095','0.00','2025-01-01','0.00','350',''),('2074','2096','0.00','2025-01-01','0.00','351',''),('2075','2097','0.00','2025-01-01','0.00','352',''),('2076','2098','0.00','2025-01-01','0.00','353',''),('2077','2099','0.00','2025-01-01','0.00','354',''),('2078','2100','0.00','2025-01-01','0.00','355',''),('2079','2101','0.00','2025-01-01','0.00','356',''),('2080','2102','0.00','2025-01-01','0.00','357',''),('2081','2103','0.00','2025-01-01','0.00','358',''),('2082','2104','0.00','2025-01-01','0.00','359',''),('2083','2105','0.00','2025-01-01','0.00','360',''),('2084','2106','0.00','2025-01-01','0.00','361',''),('2085','2107','0.00','2025-01-01','0.00','362',''),('2086','2108','0.00','2025-01-01','0.00','363',''),('2087','2109','0.00','2025-01-01','0.00','364',''),('2088','2110','0.00','2025-01-01','0.00','365',''),('2089','2111','0.00','2025-01-01','0.00','366',''),('2090','2112','0.00','2025-01-01','0.00','367',''),('2091','2113','0.00','2025-01-01','0.00','368',''),('2092','2114','0.00','2025-01-01','0.00','369',''),('2093','2115','0.00','2025-01-01','0.00','370',''),('2094','2116','0.00','2025-01-01','0.00','371',''),('2095','2117','0.00','2025-01-01','0.00','372',''),('2096','2118','0.00','2025-01-01','0.00','373',''),('2097','2119','0.00','2025-01-01','0.00','374',''),('2098','2120','0.00','2025-01-01','0.00','375',''),('2099','2121','0.00','2025-01-01','0.00','376',''),('2100','2122','0.00','2025-01-01','0.00','377',''),('2101','2123','0.00','2025-01-01','0.00','378',''),('2102','2124','0.00','2025-01-01','0.00','379',''),('2103','2125','0.00','2025-01-01','0.00','380',''),('2104','2126','0.00','2025-01-01','0.00','381',''),('2105','2127','0.00','2025-01-01','0.00','382',''),('2106','2128','0.00','2025-01-01','0.00','383',''),('2107','2129','0.00','2025-01-01','0.00','384',''),('2108','2130','0.00','2025-01-01','0.00','385',''),('2109','2131','0.00','2025-01-01','0.00','386',''),('2110','2132','0.00','2025-01-01','0.00','512',''),('2111','2133','0.00','2025-01-01','0.00','513',''),('2112','2134','0.00','2025-01-01','0.00','514',''),('2113','2135','0.00','2025-01-01','0.00','515',''),('2114','2136','0.00','2025-01-01','0.00','516',''),('2115','2137','0.00','2025-01-01','0.00','517',''),('2116','2138','0.00','2025-01-01','0.00','518',''),('2117','2139','0.00','2025-01-01','0.00','519',''),('2118','2140','0.00','2025-01-01','0.00','520',''),('2119','2141','0.00','2025-01-01','0.00','521',''),('2120','2142','0.00','2025-01-01','0.00','522',''),('2121','2143','0.00','2025-01-01','0.00','523',''),('2122','2144','0.00','2025-01-01','0.00','524',''),('2123','2145','0.00','2025-01-01','0.00','525',''),('2124','2146','0.00','2025-01-01','0.00','526',''),('2125','2147','0.00','2025-01-01','0.00','527',''),('2126','2148','0.00','2025-01-01','0.00','528',''),('2127','2149','0.00','2025-01-01','0.00','529',''),('2128','2150','0.00','2025-01-01','0.00','530',''),('2129','2151','0.00','2025-01-01','0.00','531',''),('2130','2152','0.00','2025-01-01','0.00','532',''),('2131','2153','0.00','2025-01-01','0.00','533',''),('2132','2154','0.00','2025-01-01','0.00','534',''),('2133','2155','0.00','2025-01-01','0.00','535',''),('2134','2156','0.00','2025-01-01','0.00','536',''),('2135','2157','0.00','2025-01-01','0.00','537',''),('2136','2158','0.00','2025-01-01','0.00','538',''),('2137','2159','0.00','2025-01-01','0.00','539',''),('2138','2160','0.00','2025-01-01','0.00','540',''),('2139','2161','0.00','2025-01-01','0.00','541',''),('2140','2162','0.00','2025-01-01','0.00','542',''),('2141','2163','0.00','2025-01-01','0.00','543',''),('2142','2164','0.00','2025-01-01','0.00','419',''),('2143','2165','0.00','2025-01-01','0.00','420',''),('2144','2166','0.00','2025-01-01','0.00','421',''),('2145','2167','0.00','2025-01-01','0.00','544',''),('2146','2168','0.00','2025-01-01','0.00','423',''),('2147','2169','0.00','2025-01-01','0.00','424',''),('2148','2170','0.00','2025-01-01','0.00','425',''),('2149','2171','0.00','2025-01-01','0.00','426',''),('2150','2172','0.00','2025-01-01','0.00','427',''),('2151','2173','0.00','2025-01-01','0.00','428',''),('2152','2174','0.00','2025-01-01','0.00','429',''),('2153','2175','0.00','2025-01-01','0.00','430',''),('2154','2176','0.00','2025-01-01','0.00','431',''),('2155','2177','0.00','2025-01-01','0.00','432',''),('2156','2178','0.00','2025-01-01','0.00','433',''),('2157','2179','0.00','2025-01-01','0.00','545',''),('2158','2180','0.00','2025-01-01','0.00','435',''),('2159','2181','0.00','2025-01-01','0.00','436',''),('2160','2182','0.00','2025-01-01','0.00','437',''),('2161','2183','0.00','2025-01-01','0.00','438',''),('2162','2184','0.00','2025-01-01','0.00','439',''),('2163','2185','0.00','2025-01-01','0.00','440',''),('2164','2186','0.00','2025-01-01','0.00','441',''),('2165','2187','0.00','2025-01-01','0.00','442',''),('2166','2188','0.00','2025-01-01','0.00','443',''),('2167','2189','0.00','2025-01-01','0.00','444',''),('2168','2190','0.00','2025-01-01','0.00','445',''),('2169','2191','0.00','2025-01-01','0.00','446',''),('2170','2192','0.00','2025-01-01','0.00','447',''),('2171','2193','0.00','2025-01-01','0.00','546',''),('2172','2194','0.00','2025-01-01','0.00','547',''),('2173','2195','0.00','2025-01-01','0.00','450',''),('2174','2196','0.00','2025-01-01','0.00','451',''),('2175','2197','0.00','2025-01-01','0.00','452',''),('2176','2198','0.00','2025-01-01','0.00','453',''),('2177','2199','0.00','2025-01-01','0.00','454',''),('2178','2200','0.00','2025-01-01','0.00','455',''),('2179','2201','0.00','2025-01-01','0.00','456',''),('2180','2202','0.00','2025-01-01','0.00','457',''),('2181','2203','0.00','2025-01-01','0.00','458',''),('2182','2204','0.00','2025-01-01','0.00','459',''),('2183','2205','0.00','2025-01-01','0.00','460',''),('2184','2206','0.00','2025-01-01','0.00','461',''),('2185','2207','0.00','2025-01-01','0.00','462',''),('2186','2208','0.00','2025-01-01','0.00','463',''),('2187','2209','0.00','2025-01-01','0.00','464',''),('2188','2210','0.00','2025-01-01','0.00','465',''),('2189','2211','0.00','2025-01-01','0.00','466',''),('2190','2212','0.00','2025-01-01','0.00','467',''),('2191','2213','0.00','2025-01-01','0.00','468','');


-- -----------------------------
-- Structure de la table `flux_financier`
-- -----------------------------
DROP TABLE IF EXISTS `flux_financier`;
CREATE TABLE `flux_financier` (
  `id` int(6) unsigned NOT NULL AUTO_INCREMENT,
  `date` date NOT NULL,
  `mois` varchar(7) NOT NULL,
  `libele` varchar(128) NOT NULL,
  `prix` bigint(20) unsigned NOT NULL,
  `type` varchar(8) NOT NULL DEFAULT 'sortie',
  `description` text,
  `id_aep` int(5) unsigned NOT NULL DEFAULT '1',
  PRIMARY KEY (`id`),
  KEY `fk_aep_flux_financier` (`id_aep`),
  CONSTRAINT `fk_aep_flux_financier` FOREIGN KEY (`id_aep`) REFERENCES `aep` (`id`) ON DELETE CASCADE
) ENGINE=InnoDB AUTO_INCREMENT=8 DEFAULT CHARSET=latin1;

-- Donn√©es de `flux_financier`
INSERT INTO `flux_financier` (`id`,`date`,`mois`,`libele`,`prix`,`type`,`description`,`id_aep`) VALUES ('2','2025-05-14','2025-03','mardi','5000','sortie','totototot','1'),('3','2025-05-27','2025-05','aep','14000','sortie','','1'),('4','2025-05-27','2025-05','don de la regie','100000','entree','','1'),('5','2025-05-27','2025-05','Maintenance a Bassessa','15000','sortie','ksbdks doiwoe ewiuew ','1'),('6','2025-05-27','2025-05','tortue','1000','sortie','','6'),('7','2025-05-27','2025-05','voiture','5000','sortie','','6');


-- -----------------------------
-- Structure de la table `impaye`
-- -----------------------------
DROP TABLE IF EXISTS `impaye`;
CREATE TABLE `impaye` (
  `id` int(6) unsigned NOT NULL AUTO_INCREMENT,
  `montant` bigint(20) DEFAULT NULL,
  `est_regle` int(1) DEFAULT '0',
  `id_facture` int(4) unsigned NOT NULL,
  `date_reglement` date DEFAULT NULL,
  PRIMARY KEY (`id`),
  KEY `id_facture` (`id_facture`),
  CONSTRAINT `impaye_ibfk_1` FOREIGN KEY (`id_facture`) REFERENCES `facture` (`id`) ON DELETE CASCADE
) ENGINE=InnoDB AUTO_INCREMENT=211 DEFAULT CHARSET=latin1;

-- Donn√©es de `impaye`
INSERT INTO `impaye` (`id`,`montant`,`est_regle`,`id_facture`,`date_reglement`) VALUES ('1','500','0','46','0000-00-00'),('2','1000','0','46','0000-00-00'),('3','2000','0','46','0000-00-00'),('4','4000','0','46','0000-00-00'),('5','8000','0','46','0000-00-00'),('6','16000','0','46','0000-00-00'),('7','32000','0','46','0000-00-00'),('8','64000','0','46','0000-00-00'),('9','128000','0','46','0000-00-00'),('10','256000','0','46','0000-00-00'),('11','500','0','581','0000-00-00'),('12','500','0','582','0000-00-00'),('13','20510','0','584','0000-00-00'),('14','920','0','585','0000-00-00'),('15','8720','0','586','0000-00-00'),('16','1609','0','587','0000-00-00'),('17','500','0','589','0000-00-00'),('18','500','0','590','0000-00-00'),('19','4100','0','591','0000-00-00'),('20','500','0','592','0000-00-00'),('21','500','0','593','0000-00-00'),('22','1369','0','595','0000-00-00'),('23','530','0','596','0000-00-00'),('24','500','0','603','0000-00-00'),('25','800','0','604','0000-00-00'),('26','500','0','606','0000-00-00'),('27','1010','0','613','0000-00-00'),('28','590','0','615','0000-00-00'),('29','1610','0','616','0000-00-00'),('30','920','0','617','0000-00-00'),('31','500','0','618','0000-00-00'),('32','1130','0','619','0000-00-00'),('33','500','0','622','0000-00-00'),('34','500','0','623','0000-00-00'),('35','1340','0','624','0000-00-00'),('36','500','0','625','0000-00-00'),('37','1790','0','626','0000-00-00'),('38','500','0','627','0000-00-00'),('39','589','0','628','0000-00-00'),('40','2360','0','630','0000-00-00'),('41','500','0','631','0000-00-00'),('42','500','0','635','0000-00-00'),('43','500','0','638','0000-00-00'),('44','800','0','644','0000-00-00'),('45','2539','0','652','0000-00-00'),('46','800','0','656','0000-00-00'),('47','950','0','669','0000-00-00'),('48','500','0','676','0000-00-00'),('49','500','0','682','0000-00-00'),('50','500','0','688','0000-00-00'),('51','500','0','694','0000-00-00'),('52','1400','0','695','0000-00-00'),('53','500','0','712','0000-00-00'),('54','619','0','713','0000-00-00'),('55','500','0','714','0000-00-00'),('56','500','0','715','0000-00-00'),('57','500','0','721','0000-00-00'),('58','920','0','725','0000-00-00'),('59','500','0','742','0000-00-00'),('60','619','0','743','0000-00-00'),('61','500','0','744','0000-00-00'),('62','500','0','745','0000-00-00'),('63','500','0','751','0000-00-00'),('64','920','0','755','0000-00-00'),('65','950','0','761','0000-00-00'),('66','740','0','771','0000-00-00'),('67','1250','0','773','0000-00-00'),('68','500','0','775','0000-00-00'),('69','1580','0','583','0000-00-00'),('70','2359','0','588','0000-00-00'),('71','5420','0','597','0000-00-00'),('72','500','0','600','0000-00-00'),('73','500','0','602','0000-00-00'),('74','500','0','605','0000-00-00'),('75','500','0','607','0000-00-00'),('76','500','0','609','0000-00-00'),('77','1940','0','611','0000-00-00'),('78','8479','0','620','0000-00-00'),('79','500','0','621','0000-00-00'),('80','829','0','632','0000-00-00'),('81','1700','0','636','0000-00-00'),('82','2360','0','639','0000-00-00'),('83','14509','0','641','0000-00-00'),('84','5870','0','642','0000-00-00'),('85','500','0','645','0000-00-00'),('86','500','0','647','0000-00-00'),('87','3229','0','648','0000-00-00'),('88','500','0','649','0000-00-00'),('89','949','0','651','0000-00-00'),('90','529','0','655','0000-00-00'),('91','500','0','659','0000-00-00'),('92','500','0','660','0000-00-00'),('93','1520','0','662','0000-00-00'),('94','500','0','664','0000-00-00'),('95','2150','0','666','0000-00-00'),('96','2539','0','671','0000-00-00'),('97','500','0','674','0000-00-00'),('98','17420','0','675','0000-00-00'),('99','1429','0','677','0000-00-00'),('100','2900','0','678','0000-00-00'),('101','3409','0','679','0000-00-00'),('102','500','0','681','0000-00-00'),('103','500','0','684','0000-00-00'),('104','500','0','685','0000-00-00'),('105','1069','0','687','0000-00-00'),('106','500','0','690','0000-00-00'),('107','500','0','697','0000-00-00'),('108','500','0','698','0000-00-00'),('109','1760','0','700','0000-00-00'),('110','500','0','701','0000-00-00'),('111','500','0','702','0000-00-00'),('112','1610','0','703','0000-00-00'),('113','1400','0','707','0000-00-00'),('114','500','0','708','0000-00-00'),('115','500','0','709','0000-00-00'),('116','500','0','710','0000-00-00'),('117','1100','0','711','0000-00-00'),('118','180769','0','719','0000-00-00'),('119','3680','0','720','0000-00-00'),('120','23030','0','722','0000-00-00'),('121','1519','0','723','0000-00-00'),('122','3619','0','724','0000-00-00'),('123','500','0','726','0000-00-00'),('124','1489','0','729','0000-00-00'),('125','3320','0','730','0000-00-00'),('126','500','0','731','0000-00-00'),('127','500','0','732','0000-00-00'),('128','1610','0','733','0000-00-00'),('129','1400','0','737','0000-00-00'),('130','500','0','738','0000-00-00'),('131','500','0','739','0000-00-00'),('132','500','0','740','0000-00-00'),('133','1100','0','741','0000-00-00'),('134','180769','0','749','0000-00-00'),('135','3680','0','750','0000-00-00'),('136','23030','0','752','0000-00-00'),('137','1519','0','753','0000-00-00'),('138','3619','0','754','0000-00-00'),('139','500','0','756','0000-00-00'),('140','1489','0','759','0000-00-00'),('141','3320','0','760','0000-00-00'),('142','1400','0','764','0000-00-00'),('143','500','0','766','0000-00-00'),('144','559','0','768','0000-00-00'),('145','1190','0','774','0000-00-00'),('146','5930','0','776','0000-00-00'),('147','500','0','777','0000-00-00'),('148','3110','0','778','0000-00-00'),('149','3259','0','594','0000-00-00'),('150','1220','0','598','0000-00-00'),('151','500','0','599','0000-00-00'),('152','500','0','601','0000-00-00'),('153','500','0','608','0000-00-00'),('154','650','0','610','0000-00-00'),('155','4760','0','612','0000-00-00'),('156','13160','0','614','0000-00-00'),('157','500','0','629','0000-00-00'),('158','800','0','633','0000-00-00'),('159','8719','0','634','0000-00-00'),('160','500','0','637','0000-00-00'),('161','3050','0','640','0000-00-00'),('162','500','0','643','0000-00-00'),('163','7520','0','646','0000-00-00'),('164','2930','0','650','0000-00-00'),('165','1790','0','653','0000-00-00'),('166','2779','0','654','0000-00-00'),('167','2479','0','657','0000-00-00'),('168','500','0','658','0000-00-00'),('169','5600','0','661','0000-00-00'),('170','500','0','663','0000-00-00'),('171','2779','0','665','0000-00-00'),('172','1400','0','667','0000-00-00'),('173','950','0','668','0000-00-00'),('174','11300','0','670','0000-00-00'),('175','500','0','672','0000-00-00'),('176','1309','0','673','0000-00-00'),('177','500','0','680','0000-00-00'),('178','2750','0','683','0000-00-00'),('179','650','0','686','0000-00-00'),('180','500','0','689','0000-00-00'),('181','7729','0','691','0000-00-00'),('182','500','0','692','0000-00-00'),('183','1760','0','693','0000-00-00'),('184','500','0','696','0000-00-00'),('185','1039','0','699','0000-00-00'),('186','830','0','704','0000-00-00'),('187','4400','0','705','0000-00-00'),('188','500','0','706','0000-00-00'),('189','1340','0','717','0000-00-00'),('190','500','0','718','0000-00-00'),('191','709','0','727','0000-00-00'),('192','650','0','728','0000-00-00'),('193','830','0','734','0000-00-00'),('194','4400','0','735','0000-00-00'),('195','500','0','736','0000-00-00'),('196','1340','0','747','0000-00-00'),('197','500','0','748','0000-00-00'),('198','709','0','757','0000-00-00'),('199','650','0','758','0000-00-00'),('200','5329','0','762','0000-00-00'),('201','500','0','763','0000-00-00'),('202','500','0','765','0000-00-00'),('203','8660','0','767','0000-00-00'),('204','1400','0','769','0000-00-00'),('205','1189','0','770','0000-00-00'),('206','1400','0','772','0000-00-00'),('207','500','0','779','0000-00-00'),('208','2209','0','716','0000-00-00'),('209','2209','0','746','0000-00-00'),('210','500','0','780','0000-00-00');


-- -----------------------------
-- Structure de la table `indexes`
-- -----------------------------
DROP TABLE IF EXISTS `indexes`;
CREATE TABLE `indexes` (
  `id` int(6) unsigned NOT NULL AUTO_INCREMENT,
  `id_compteur` int(5) unsigned NOT NULL,
  `id_mois_facturation` int(3) unsigned NOT NULL,
  `ancien_index` decimal(8,2) NOT NULL,
  `nouvel_index` decimal(7,2) unsigned NOT NULL,
  `message` text,
  PRIMARY KEY (`id`),
  KEY `fk_compteur_indexes` (`id_compteur`),
  KEY `fk_mois_facturatio_indexes` (`id_mois_facturation`),
  CONSTRAINT `fk_compteur_indexes` FOREIGN KEY (`id_compteur`) REFERENCES `compteur` (`id`) ON DELETE CASCADE,
  CONSTRAINT `fk_mois_facturatio_indexes` FOREIGN KEY (`id_mois_facturation`) REFERENCES `mois_facturation` (`id`) ON DELETE CASCADE
) ENGINE=InnoDB AUTO_INCREMENT=2214 DEFAULT CHARSET=latin1;

-- Donn√©es de `indexes`
INSERT INTO `indexes` (`id`,`id_compteur`,`id_mois_facturation`,`ancien_index`,`nouvel_index`,`message`) VALUES ('1','1','1','10.03','12.50',''),('2','2','1','0.00','3.60',''),('3','4','1','0.00','5.10',''),('4','5','1','0.00','0.00',''),('5','3','1','5.30','20.00',''),('18','1','5','12.50','14.10',''),('19','2','5','3.60','7.20',''),('20','4','5','5.10','6.80',''),('21','3','5','11.10','11.10',''),('22','1','6','14.10','14.10',''),('23','2','6','7.20','7.20',''),('24','4','6','6.80','6.80',''),('25','3','6','11.10','11.10',''),('26','1','7','14.10','17.60',''),('27','2','7','7.20','10.10',''),('28','4','7','6.80','13.20',''),('29','6','7','1.50','3.90',''),('30','3','7','11.10','13.09',''),('31','1','8','17.60','20.30',''),('32','2','8','10.10','12.10',''),('33','4','8','13.20','15.10',''),('34','6','8','3.90','5.20',''),('35','3','8','13.09','20.00',''),('36','1','9','20.30','21.50',''),('37','2','9','12.10','13.90',''),('38','4','9','15.10','18.30',''),('39','6','9','5.20','6.10',''),('40','3','9','20.00','28.00',''),('41','1','10','21.50','23.90',''),('42','2','10','13.90','16.30',''),('43','4','10','18.30','21.10',''),('44','6','10','6.10','7.30',''),('45','7','10','3.60','6.30',''),('46','3','10','28.00','32.10',''),('47','1','11','23.90','24.00',''),('48','2','11','16.30','18.00',''),('49','4','11','21.10','23.90',''),('50','8','11','2.20','2.20',''),('51','6','11','7.30','11.20',''),('52','7','11','6.30','6.30',''),('53','3','11','32.10','36.00',''),('54','1','12','24.00','27.00',''),('55','2','12','18.00','20.00',''),('56','4','12','23.90','25.00',''),('57','8','12','2.20','2.20',''),('58','6','12','11.20','11.20',''),('59','7','12','6.30','6.30',''),('60','9','12','3.50','3.50',''),('61','3','12','36.00','40.00',''),('403','271','27','-27.57','13.10',''),('404','272','27','47.90','47.90',''),('405','273','27','299.20','299.20',''),('406','274','27','447.90','447.90',''),('407','275','27','131.32','133.90',''),('408','276','27','177.93','181.90',''),('409','277','27','143.00','143.00',''),('410','278','27','181.40','181.40',''),('411','279','27','79.10','79.10',''),('412','280','27','36.70','36.70',''),('413','281','27','439.00','459.00',''),('414','282','27','406.37','461.00',''),('415','283','27','112.20','112.20',''),('416','284','27','332.33','348.00',''),('417','285','27','366.60','366.60',''),('418','286','27','47.10','47.10',''),('419','287','27','50.17','61.40',''),('420','288','27','125.30','137.40',''),('421','289','27','393.60','393.60',''),('422','290','27','21.50','21.50',''),('423','291','27','-3.48','17.90',''),('424','292','27','97.50','97.50',''),('425','293','27','-11.67','67.50',''),('426','294','27','178.52','183.70',''),('427','295','27','157.70','310.50',''),('428','296','27','-39.50','50.00',''),('429','297','27','-37.20','3.80',''),('430','298','27','-44.80','22.70',''),('431','299','27','-241.23','334.10',''),('432','300','27','77.00','77.00',''),('433','301','27','196.70','196.70',''),('434','302','27','63.50','85.50',''),('435','303','27','94.97','95.00',''),('436','304','27','748.77','1036.80',''),('437','305','27','25.83','27.40',''),('438','306','27','62.95','63.00',''),('439','307','27','0.10','0.10',''),('440','308','27','426.20','426.20',''),('441','309','27','81.63','95.80',''),('442','310','27','81.30','128.40',''),('443','311','27','94.50','96.20',''),('444','312','27','98.00','98.00',''),('445','313','27','55.60','55.60',''),('446','314','27','0.43','3.50',''),('447','315','27','-33.00','14.50',''),('448','316','27','22.70','22.70',''),('449','317','27','46.85','48.50',''),('450','318','27','41.07','66.90',''),('451','319','27','-12.83','19.00',''),('452','320','27','53.88','53.90',''),('453','321','27','32.70','32.70',''),('454','322','27','204.10','204.10',''),('455','323','27','499.10','524.00',''),('456','324','27','237.02','237.30',''),('457','325','27','43.02','69.80',''),('458','326','27','81.07','81.10',''),('459','327','27','-42.97','16.20',''),('460','328','27','67.93','74.60',''),('461','329','27','256.10','257.40',''),('462','330','27','148.07','152.10',''),('463','331','27','1078.67','1364.40',''),('464','332','27','190.38','190.40',''),('465','333','27','540.30','540.30',''),('466','334','27','23.50','23.50',''),('467','335','27','20.10','20.10',''),('468','336','27','47.37','1146.60',''),('469','337','27','63.80','63.80',''),('470','338','27','124.12','133.10',''),('471','339','27','-13.47','3.20',''),('472','340','27','116.92','126.70',''),('473','341','27','7.70','7.70',''),('474','342','27','-77.58','61.30',''),('475','343','27','148.60','148.60',''),('476','344','27','91.32','93.70',''),('477','345','27','-19.20','10.80',''),('478','346','27','51.40','51.40',''),('479','347','27','62.00','62.50',''),('480','348','27','58.35','60.50',''),('481','349','27','0.47','115.50',''),('482','350','27','-48.23','25.10',''),('483','351','27','425.00','425.00',''),('484','352','27','97.22','97.30',''),('485','353','27','116.68','120.00',''),('486','354','27','-38.10','52.40',''),('487','355','27','270.07','292.30',''),('488','356','27','85.28','85.30',''),('489','357','27','1.55','10.00',''),('490','358','27','35.87','36.40',''),('491','359','27','65.52','69.30',''),('492','360','27','161.43','174.30',''),('493','361','27','92.40','92.40',''),('494','362','27','126.77','168.10',''),('495','363','27','17.33','48.10',''),('496','364','27','28.70','355.20',''),('497','365','27','46.30','240.90',''),('498','366','27','-19.87','8.30',''),('499','367','27','84.83','89.90',''),('500','368','27','307.60','307.60',''),('501','369','27','480.63','497.50',''),('502','370','27','17.90','29.60',''),('503','371','27','20.23','22.20',''),('504','372','27','13.92','14.20',''),('505','373','27','309.03','593.20',''),('506','374','27','0.43','25.50',''),('507','375','27','-5.90','13.80',''),('508','376','27','25.40','25.40',''),('509','377','27','41.02','50.40',''),('510','378','27','12.03','13.70',''),('511','379','27','-16.33','7.50',''),('512','380','27','-66.40','82.40',''),('513','381','27','143.88','143.90',''),('514','382','27','-36.33','10.00',''),('515','383','27','89.82','99.80',''),('516','384','27','-105.07','140.60',''),('517','385','27','145.90','145.90',''),('518','386','27','16.57','19.90',''),('519','387','27','619.03','630.70',''),('520','388','27','-13.70','1.30',''),('521','389','27','32.55','32.60',''),('522','390','27','42.65','47.80',''),('523','391','27','160.17','160.20',''),('524','392','27','-19.67','232.50',''),('525','393','27','89.50','89.50',''),('526','394','27','0.27','22.40',''),('527','395','27','193.65','193.70',''),('528','396','27','128.25','132.50',''),('529','397','27','34.60','34.60',''),('530','398','27','35.00','35.00',''),('531','399','27','115.40','115.40',''),('532','400','27','-8.15','10.80',''),('533','401','27','26.05','34.30',''),('534','402','27','68.20','76.70',''),('535','403','27','20.70','22.80',''),('536','404','27','1.75','3.40',''),('537','405','27','14.65','16.00',''),('538','406','27','33.97','35.60',''),('539','407','27','28.93','32.40',''),('540','408','27','225.47','358.20',''),('541','409','27','7106.50','7113.10',''),('542','410','27','22.88','22.90',''),('543','411','27','33.30','33.30',''),('544','412','27','-15.00','524.80',''),('545','413','27','18.80','18.80',''),('546','414','27','79.70','98.70',''),('547','415','27','7.08','7.10',''),('548','416','27','56.80','56.80',''),('549','417','27','9.98','10.00',''),('550','418','27','3.27','6.30',''),('551','419','27','20.55','20.60',''),('552','420','27','34.27','75.60',''),('553','421','27','160.17','160.20',''),('554','422','27','-19.67','232.50',''),('555','423','27','89.50','89.50',''),('556','424','27','0.27','22.40',''),('557','425','27','193.65','193.70',''),('558','426','27','128.25','132.50',''),('559','427','27','34.60','34.60',''),('560','428','27','35.00','35.00',''),('561','429','27','115.40','115.40',''),('562','430','27','-8.15','10.80',''),('563','431','27','26.05','34.30',''),('564','432','27','68.20','76.70',''),('565','433','27','20.70','22.80',''),('566','434','27','1.75','3.40',''),('567','435','27','14.65','16.00',''),('568','436','27','33.97','35.60',''),('569','437','27','28.93','32.40',''),('570','438','27','225.47','358.20',''),('571','439','27','7106.50','7113.10',''),('572','440','27','22.88','22.90',''),('573','441','27','33.30','33.30',''),('574','442','27','-15.00','524.80',''),('575','443','27','18.80','18.80',''),('576','444','27','79.70','98.70',''),('577','445','27','7.08','7.10',''),('578','446','27','56.80','56.80',''),('579','447','27','9.98','10.00',''),('580','448','27','3.27','6.30',''),('581','449','27','20.55','20.60',''),('582','450','27','34.27','75.60',''),('583','451','27','9.30','9.30',''),('584','452','27','88.53','88.90',''),('585','453','27','-1.67','0.10',''),('586','454','27','44.50','46.20',''),('587','455','27','3.40','5.00',''),('588','456','27','16.52','21.50',''),('589','457','27','-9.90','93.10',''),('590','458','27','3.27','7.40',''),('591','459','27','-3.23','4.90',''),('592','460','27','6.85','6.90',''),('593','461','27','0.60','4.80',''),('594','462','27','-3.23','3.50',''),('595','463','27','8.68','8.70',''),('596','464','27','4.10','4.40',''),('597','465','27','0.10','0.10',''),('598','466','27','10.90','10.90',''),('599','467','27','0.10','0.10',''),('600','468','27','3.10','3.10',''),('601','469','27','0.40','0.40',''),('602','470','27','0.20','0.20',''),('603','271','28','13.10','13.10',''),('604','272','28','47.90','47.90',''),('605','273','28','299.20','302.80',''),('606','274','28','447.90','514.60',''),('607','275','28','133.90','135.30',''),('608','276','28','181.90','209.30',''),('609','277','28','143.00','146.70',''),('610','278','28','181.40','187.60',''),('611','279','28','79.10','79.10',''),('612','280','28','36.70','36.70',''),('613','281','28','459.00','471.00',''),('614','282','28','461.00','461.00',''),('615','283','28','112.20','112.20',''),('616','284','28','348.00','357.20',''),('617','285','28','366.60','369.50',''),('618','286','28','47.10','47.20',''),('619','287','28','61.40','77.80',''),('620','288','28','137.40','139.80',''),('621','289','28','393.60','393.60',''),('622','290','28','21.50','21.50',''),('623','291','28','17.90','17.90',''),('624','292','28','97.50','97.50',''),('625','293','28','67.50','67.50',''),('626','294','28','183.70','184.70',''),('627','295','28','310.50','310.50',''),('628','296','28','50.00','50.00',''),('629','297','28','3.80','3.80',''),('630','298','28','22.70','22.70',''),('631','299','28','334.10','334.10',''),('632','300','28','77.00','77.50',''),('633','301','28','196.70','201.50',''),('634','302','28','85.50','99.70',''),('635','303','28','95.00','96.70',''),('636','304','28','1036.80','1079.00',''),('637','305','28','27.40','27.70',''),('638','306','28','63.00','66.70',''),('639','307','28','0.10','1.50',''),('640','308','28','426.20','426.20',''),('641','309','28','95.80','97.90',''),('642','310','28','128.40','155.00',''),('643','311','28','96.20','96.20',''),('644','312','28','98.00','98.00',''),('645','313','28','55.60','55.60',''),('646','314','28','3.50','6.30',''),('647','315','28','14.50','14.50',''),('648','316','28','22.70','27.00',''),('649','317','28','48.50','48.50',''),('650','318','28','66.90','67.20',''),('651','319','28','19.00','19.00',''),('652','320','28','53.90','60.10',''),('653','321','28','32.70','32.70',''),('654','322','28','204.10','205.20',''),('655','323','28','524.00','525.00',''),('656','324','28','237.30','264.70',''),('657','325','28','69.80','69.80',''),('658','326','28','81.10','85.10',''),('659','327','28','16.20','16.20',''),('660','328','28','74.60','74.60',''),('661','329','28','257.40','263.60',''),('662','330','28','152.10','160.60',''),('663','331','28','1364.40','1411.10',''),('664','332','28','190.40','208.30',''),('665','333','28','540.30','540.30',''),('666','334','28','23.50','24.50',''),('667','335','28','20.10','20.10',''),('668','336','28','1146.60','1170.00',''),('669','337','28','63.80','63.80',''),('670','338','28','133.10','142.20',''),('671','339','28','3.20','3.20',''),('672','340','28','126.70','134.80',''),('673','341','28','7.70','9.20',''),('674','342','28','61.30','68.10',''),('675','343','28','148.60','152.90',''),('676','344','28','93.70','101.30',''),('677','345','28','10.80','10.90',''),('678','346','28','51.40','52.40',''),('679','347','28','62.50','69.10',''),('680','348','28','60.50','60.50',''),('681','349','28','115.50','115.50',''),('682','350','28','25.10','25.10',''),('683','351','28','425.00','442.00',''),('684','352','28','97.30','100.70',''),('685','353','28','120.00','120.00',''),('686','354','28','52.40','52.40',''),('687','355','28','292.30','299.90',''),('688','356','28','85.30','90.80',''),('689','357','28','10.00','13.00',''),('690','358','28','36.40','37.90',''),('691','359','28','69.30','70.80',''),('692','360','28','174.30','210.30',''),('693','361','28','92.40','99.20',''),('694','362','28','168.10','168.10',''),('695','363','28','48.10','50.80',''),('696','364','28','355.20','355.20',''),('697','365','28','240.90','297.30',''),('698','366','28','8.30','8.30',''),('699','367','28','89.90','93.00',''),('700','368','28','307.60','315.60',''),('701','369','28','497.50','507.20',''),('702','370','28','29.60','29.60',''),('703','371','28','22.20','22.20',''),('704','372','28','14.20','14.20',''),('705','373','28','593.20','600.70',''),('706','374','28','25.50','25.50',''),('707','375','28','13.80','13.80',''),('708','376','28','25.40','25.90',''),('709','377','28','50.40','52.30',''),('710','378','28','13.70','13.70',''),('711','379','28','7.50','7.50',''),('712','380','28','82.40','82.40',''),('713','381','28','143.90','168.00',''),('714','382','28','10.00','10.00',''),('715','383','28','99.80','104.00',''),('716','384','28','140.60','140.60',''),('717','385','28','145.90','148.90',''),('718','386','28','19.90','19.90',''),('719','387','28','630.70','630.70',''),('720','388','28','1.30','1.30',''),('721','389','28','32.60','34.40',''),('722','390','28','47.80','52.00',''),('723','391','28','160.20','160.20',''),('724','392','28','232.50','232.50',''),('725','393','28','89.50','93.20',''),('726','394','28','22.40','23.50',''),('727','395','28','193.70','206.70',''),('728','396','28','132.50','132.50',''),('729','397','28','34.60','37.60',''),('730','398','28','35.00','35.00',''),('731','399','28','115.40','115.40',''),('732','400','28','10.80','10.80',''),('733','401','28','34.30','36.30',''),('734','402','28','76.70','76.70',''),('735','403','28','22.80','23.20',''),('736','404','28','3.40','3.40',''),('737','405','28','16.00','16.00',''),('738','406','28','35.60','41.30',''),('739','407','28','32.40','35.20',''),('740','408','28','358.20','358.20',''),('741','409','28','7113.10','7714.00',''),('742','410','28','22.90','33.50',''),('743','411','28','33.30','33.30',''),('744','412','28','524.80','599.90',''),('745','413','28','18.80','22.20',''),('746','414','28','98.70','109.10',''),('747','415','28','7.10','8.50',''),('748','416','28','56.80','56.80',''),('749','417','28','10.00','10.70',''),('750','418','28','6.30','6.80',''),('751','419','28','20.60','23.90',''),('752','420','28','75.60','85.00',''),('753','421','28','160.20','160.20',''),('754','422','28','232.50','232.50',''),('755','423','28','89.50','93.20',''),('756','424','28','22.40','23.50',''),('757','425','28','193.70','206.70',''),('758','426','28','132.50','132.50',''),('759','427','28','34.60','37.60',''),('760','428','28','35.00','35.00',''),('761','429','28','115.40','115.40',''),('762','430','28','10.80','10.80',''),('763','431','28','34.30','36.30',''),('764','432','28','76.70','76.70',''),('765','433','28','22.80','23.20',''),('766','434','28','3.40','3.40',''),('767','435','28','16.00','16.00',''),('768','436','28','35.60','41.30',''),('769','437','28','32.40','35.20',''),('770','438','28','358.20','358.20',''),('771','439','28','7113.10','7714.00',''),('772','440','28','22.90','33.50',''),('773','441','28','33.30','33.30',''),('774','442','28','524.80','599.90',''),('775','443','28','18.80','22.20',''),('776','444','28','98.70','109.10',''),('777','445','28','7.10','8.50',''),('778','446','28','56.80','56.80',''),('779','447','28','10.00','10.70',''),('780','448','28','6.30','6.80',''),('781','449','28','20.60','23.90',''),('782','450','28','75.60','85.00',''),('783','451','28','9.30','10.80',''),('784','452','28','88.90','105.00',''),('785','453','28','0.10','0.10',''),('786','454','28','46.20','49.20',''),('787','455','28','5.00','5.00',''),('788','456','28','21.50','21.50',''),('789','457','28','93.10','120.30',''),('790','458','28','7.40','7.60',''),('791','459','28','4.90','7.90',''),('792','460','28','6.90','9.20',''),('793','461','28','4.80','5.60',''),('794','462','28','3.50','6.50',''),('795','463','28','8.70','11.20',''),('796','464','28','4.40','6.70',''),('797','465','28','0.10','0.10',''),('798','466','28','10.90','29.00',''),('799','467','28','0.10','0.10',''),('800','468','28','3.10','11.80',''),('801','469','28','0.40','0.40',''),('802','470','28','0.20','0.20',''),('803','271','29','13.10','13.10',''),('804','272','29','47.90','47.90',''),('805','274','29','514.60','514.60',''),('806','275','29','135.30','135.30',''),('807','276','29','209.30','209.30',''),('808','277','29','146.70','146.70',''),('809','279','29','79.10','79.10',''),('810','280','29','36.70','36.70',''),('811','281','29','471.00','471.00',''),('812','282','29','461.00','461.00',''),('813','283','29','112.20','112.20',''),('814','285','29','369.50','369.50',''),('815','286','29','47.20','47.20',''),('816','293','29','67.50','67.50',''),('817','294','29','184.70','184.70',''),('818','296','29','50.00','50.00',''),('819','303','29','96.70','96.70',''),('820','305','29','27.70','27.70',''),('821','306','29','66.70','66.70',''),('822','307','29','1.50','1.50',''),('823','308','29','426.20','426.20',''),('824','309','29','97.90','97.90',''),('825','312','29','98.00','98.00',''),('826','313','29','55.60','55.60',''),('827','314','29','6.30','6.30',''),('828','315','29','14.50','14.50',''),('829','316','29','27.00','27.00',''),('830','317','29','48.50','48.50',''),('831','318','29','67.20','67.20',''),('832','320','29','60.10','60.10',''),('833','321','29','32.70','32.70',''),('834','325','29','69.80','69.80',''),('835','328','29','74.60','74.60',''),('836','334','29','24.50','24.50',''),('837','342','29','68.10','68.10',''),('838','346','29','52.40','52.40',''),('839','359','29','70.80','70.80',''),('840','366','29','8.30','8.30',''),('841','372','29','14.20','14.20',''),('842','378','29','13.70','13.70',''),('843','384','29','140.60','140.60',''),('844','385','29','148.90','148.90',''),('845','402','29','76.70','76.70',''),('846','403','29','23.20','23.20',''),('847','404','29','3.40','3.40',''),('848','405','29','16.00','16.00',''),('849','411','29','33.30','33.30',''),('850','415','29','8.50','8.50',''),('851','432','29','76.70','76.70',''),('852','433','29','23.20','23.20',''),('853','434','29','3.40','3.40',''),('854','435','29','16.00','16.00',''),('855','441','29','33.30','33.30',''),('856','445','29','8.50','8.50',''),('857','451','29','10.80','10.80',''),('858','461','29','5.60','5.60',''),('859','463','29','11.20','11.20',''),('860','465','29','0.10','0.10',''),('861','273','29','302.80','302.80',''),('862','278','29','187.60','187.60',''),('863','287','29','77.80','77.80',''),('864','290','29','21.50','21.50',''),('865','292','29','97.50','97.50',''),('866','295','29','310.50','310.50',''),('867','297','29','3.80','3.80',''),('868','299','29','334.10','334.10',''),('869','301','29','201.50','201.50',''),('870','310','29','155.00','155.00',''),('871','311','29','96.20','96.20',''),('872','322','29','205.20','205.20',''),('873','326','29','85.10','85.10',''),('874','329','29','263.60','263.60',''),('875','331','29','1411.10','1411.10',''),('876','332','29','208.30','208.30',''),('877','335','29','20.10','20.10',''),('878','337','29','63.80','63.80',''),('879','338','29','142.20','142.20',''),('880','339','29','3.20','3.20',''),('881','341','29','9.20','9.20',''),('882','345','29','10.90','10.90',''),('883','349','29','115.50','115.50',''),('884','350','29','25.10','25.10',''),('885','352','29','100.70','100.70',''),('886','354','29','52.40','52.40',''),('887','356','29','90.80','90.80',''),('888','361','29','99.20','99.20',''),('889','364','29','355.20','355.20',''),('890','365','29','297.30','297.30',''),('891','367','29','93.00','93.00',''),('892','368','29','315.60','315.60',''),('893','369','29','507.20','507.20',''),('894','371','29','22.20','22.20',''),('895','374','29','25.50','25.50',''),('896','375','29','13.80','13.80',''),('897','377','29','52.30','52.30',''),('898','380','29','82.40','82.40',''),('899','387','29','630.70','630.70',''),('900','388','29','1.30','1.30',''),('901','390','29','52.00','52.00',''),('902','391','29','160.20','160.20',''),('903','392','29','232.50','232.50',''),('904','393','29','93.20','93.20',''),('905','397','29','37.60','37.60',''),('906','398','29','35.00','35.00',''),('907','399','29','115.40','115.40',''),('908','400','29','10.80','10.80',''),('909','401','29','36.30','36.30',''),('910','409','29','7714.00','7714.00',''),('911','410','29','33.50','33.50',''),('912','412','29','599.90','599.90',''),('913','413','29','22.20','22.20',''),('914','414','29','109.10','109.10',''),('915','416','29','56.80','56.80',''),('916','419','29','23.90','23.90',''),('917','420','29','85.00','85.00',''),('918','421','29','160.20','160.20',''),('919','422','29','232.50','232.50',''),('920','423','29','93.20','93.20',''),('921','427','29','37.60','37.60',''),('922','428','29','35.00','35.00',''),('923','429','29','115.40','115.40',''),('924','430','29','10.80','10.80',''),('925','431','29','36.30','36.30',''),('926','439','29','7714.00','7714.00',''),('927','440','29','33.50','33.50',''),('928','442','29','599.90','599.90',''),('929','443','29','22.20','22.20',''),('930','444','29','109.10','109.10',''),('931','446','29','56.80','56.80',''),('932','449','29','23.90','23.90',''),('933','450','29','85.00','85.00',''),('934','454','29','49.20','49.20',''),('935','456','29','21.50','21.50',''),('936','458','29','7.60','7.60',''),('937','464','29','6.70','6.70',''),('938','466','29','29.00','29.00',''),('939','467','29','0.10','0.10',''),('940','468','29','11.80','11.80',''),('941','471','29','12.00','12.00',''),('942','284','29','357.20','357.20',''),('943','288','29','139.80','139.80',''),('944','289','29','393.60','393.60',''),('945','291','29','17.90','17.90',''),('946','298','29','22.70','22.70',''),('947','300','29','77.50','77.50',''),('948','302','29','99.70','99.70',''),('949','304','29','1079.00','1079.00',''),('950','319','29','19.00','19.00',''),('951','323','29','525.00','525.00',''),('952','324','29','264.70','264.70',''),('953','327','29','16.20','16.20',''),('954','330','29','160.60','160.60',''),('955','333','29','540.30','540.30',''),('956','336','29','1170.00','1170.00',''),('957','340','29','134.80','134.80',''),('958','343','29','152.90','152.90',''),('959','344','29','101.30','101.30',''),('960','347','29','69.10','69.10',''),('961','348','29','60.50','60.50',''),('962','351','29','442.00','442.00',''),('963','353','29','120.00','120.00',''),('964','355','29','299.90','299.90',''),('965','357','29','13.00','13.00',''),('966','358','29','37.90','37.90',''),('967','360','29','210.30','210.30',''),('968','362','29','168.10','168.10',''),('969','363','29','50.80','50.80',''),('970','370','29','29.60','29.60',''),('971','373','29','600.70','600.70',''),('972','376','29','25.90','25.90',''),('973','379','29','7.50','7.50',''),('974','381','29','168.00','168.00',''),('975','382','29','10.00','10.00',''),('976','383','29','104.00','104.00',''),('977','386','29','19.90','19.90',''),('978','389','29','34.40','34.40',''),('979','394','29','23.50','23.50',''),('980','395','29','206.70','206.70',''),('981','396','29','132.50','132.50',''),('982','407','29','35.20','35.20',''),('983','408','29','358.20','358.20',''),('984','417','29','10.70','10.70',''),('985','418','29','6.80','6.80',''),('986','424','29','23.50','23.50',''),('987','425','29','206.70','206.70',''),('988','426','29','132.50','132.50',''),('989','437','29','35.20','35.20',''),('990','438','29','358.20','358.20',''),('991','447','29','10.70','10.70',''),('992','448','29','6.80','6.80',''),('993','452','29','105.00','105.00',''),('994','453','29','0.10','0.10',''),('995','455','29','5.00','5.00',''),('996','457','29','120.30','120.30',''),('997','459','29','7.90','7.90',''),('998','460','29','9.20','9.20',''),('999','462','29','6.50','6.50',''),('1000','469','29','0.40','0.40',''),('1001','406','29','41.30','41.30',''),('1002','436','29','41.30','41.30',''),('1003','470','29','0.20','0.20',''),('1004','271','30','13.10','13.10',''),('1005','272','30','47.90','47.90',''),('1006','274','30','514.60','514.60',''),('1007','275','30','135.30','135.30',''),('1008','276','30','209.30','209.30',''),('1009','277','30','146.70','146.70',''),('1010','279','30','79.10','79.10',''),('1011','280','30','36.70','36.70',''),('1012','281','30','471.00','471.00',''),('1013','282','30','461.00','461.00',''),('1014','283','30','112.20','112.20',''),('1015','285','30','369.50','369.50',''),('1016','286','30','47.20','47.20',''),('1017','293','30','67.50','67.50',''),('1018','294','30','184.70','184.70',''),('1019','296','30','50.00','50.00',''),('1020','303','30','96.70','96.70',''),('1021','305','30','27.70','27.70',''),('1022','306','30','66.70','66.70',''),('1023','307','30','1.50','1.50',''),('1024','308','30','426.20','426.20',''),('1025','309','30','97.90','97.90',''),('1026','312','30','98.00','98.00',''),('1027','313','30','55.60','55.60',''),('1028','314','30','6.30','6.30',''),('1029','315','30','14.50','14.50',''),('1030','316','30','27.00','27.00',''),('1031','317','30','48.50','48.50',''),('1032','318','30','67.20','67.20',''),('1033','320','30','60.10','60.10',''),('1034','321','30','32.70','32.70',''),('1035','325','30','69.80','69.80',''),('1036','328','30','74.60','74.60',''),('1037','334','30','24.50','24.50',''),('1038','342','30','68.10','68.10',''),('1039','346','30','52.40','52.40',''),('1040','359','30','70.80','70.80',''),('1041','366','30','8.30','8.30',''),('1042','372','30','14.20','14.20',''),('1043','378','30','13.70','13.70',''),('1044','384','30','140.60','140.60',''),('1045','385','30','148.90','148.90',''),('1046','402','30','76.70','76.70',''),('1047','403','30','23.20','23.20',''),('1048','404','30','3.40','3.40',''),('1049','405','30','16.00','16.00',''),('1050','411','30','33.30','33.30',''),('1051','415','30','8.50','8.50',''),('1052','432','30','76.70','76.70',''),('1053','433','30','23.20','23.20',''),('1054','434','30','3.40','3.40',''),('1055','435','30','16.00','16.00',''),('1056','441','30','33.30','33.30',''),('1057','445','30','8.50','8.50',''),('1058','451','30','10.80','10.80',''),('1059','461','30','5.60','5.60',''),('1060','463','30','11.20','11.20',''),('1061','465','30','0.10','0.10',''),('1062','273','30','302.80','302.80',''),('1063','278','30','187.60','187.60',''),('1064','287','30','77.80','77.80',''),('1065','290','30','21.50','21.50',''),('1066','292','30','97.50','97.50',''),('1067','295','30','310.50','310.50',''),('1068','297','30','3.80','3.80',''),('1069','299','30','334.10','334.10',''),('1070','301','30','201.50','201.50',''),('1071','310','30','155.00','155.00',''),('1072','311','30','96.20','96.20',''),('1073','322','30','205.20','205.20',''),('1074','326','30','85.10','85.10',''),('1075','329','30','263.60','263.60',''),('1076','331','30','1411.10','1411.10',''),('1077','332','30','208.30','208.30',''),('1078','335','30','20.10','20.10',''),('1079','337','30','63.80','63.80',''),('1080','338','30','142.20','142.20',''),('1081','339','30','3.20','3.20',''),('1082','341','30','9.20','9.20',''),('1083','345','30','10.90','10.90',''),('1084','349','30','115.50','115.50',''),('1085','350','30','25.10','25.10',''),('1086','352','30','100.70','100.70',''),('1087','354','30','52.40','52.40',''),('1088','356','30','90.80','90.80',''),('1089','361','30','99.20','99.20',''),('1090','364','30','355.20','355.20',''),('1091','365','30','297.30','297.30',''),('1092','367','30','93.00','93.00',''),('1093','368','30','315.60','315.60',''),('1094','369','30','507.20','507.20',''),('1095','371','30','22.20','22.20',''),('1096','374','30','25.50','25.50',''),('1097','375','30','13.80','13.80',''),('1098','377','30','52.30','52.30',''),('1099','380','30','82.40','82.40',''),('1100','387','30','630.70','630.70',''),('1101','388','30','1.30','1.30',''),('1102','390','30','52.00','52.00',''),('1103','391','30','160.20','160.20',''),('1104','392','30','232.50','232.50',''),('1105','393','30','93.20','93.20',''),('1106','397','30','37.60','37.60',''),('1107','398','30','35.00','35.00',''),('1108','399','30','115.40','115.40',''),('1109','400','30','10.80','10.80',''),('1110','401','30','36.30','36.30',''),('1111','409','30','7714.00','7714.00',''),('1112','410','30','33.50','33.50',''),('1113','412','30','599.90','599.90',''),('1114','413','30','22.20','22.20',''),('1115','414','30','109.10','109.10',''),('1116','416','30','56.80','56.80',''),('1117','419','30','23.90','23.90',''),('1118','420','30','85.00','85.00',''),('1119','421','30','160.20','160.20',''),('1120','422','30','232.50','232.50',''),('1121','423','30','93.20','93.20',''),('1122','427','30','37.60','37.60',''),('1123','428','30','35.00','35.00',''),('1124','429','30','115.40','115.40',''),('1125','430','30','10.80','10.80',''),('1126','431','30','36.30','36.30',''),('1127','439','30','7714.00','7714.00',''),('1128','440','30','33.50','33.50',''),('1129','442','30','599.90','599.90',''),('1130','443','30','22.20','22.20',''),('1131','444','30','109.10','109.10',''),('1132','446','30','56.80','56.80',''),('1133','449','30','23.90','23.90',''),('1134','450','30','85.00','85.00',''),('1135','454','30','49.20','49.20',''),('1136','456','30','21.50','21.50',''),('1137','458','30','7.60','7.60',''),('1138','464','30','6.70','6.70',''),('1139','466','30','29.00','29.00',''),('1140','467','30','0.10','0.10',''),('1141','468','30','11.80','11.80',''),('1142','471','30','12.00','12.00',''),('1143','284','30','357.20','357.20',''),('1144','288','30','139.80','139.80',''),('1145','289','30','393.60','393.60',''),('1146','291','30','17.90','17.90',''),('1147','298','30','22.70','22.70',''),('1148','300','30','77.50','77.50',''),('1149','302','30','99.70','99.70',''),('1150','304','30','1079.00','1079.00',''),('1151','319','30','19.00','19.00',''),('1152','323','30','525.00','525.00',''),('1153','324','30','264.70','264.70',''),('1154','327','30','16.20','16.20',''),('1155','330','30','160.60','160.60',''),('1156','333','30','540.30','540.30',''),('1157','336','30','1170.00','1170.00',''),('1158','340','30','134.80','134.80',''),('1159','343','30','152.90','152.90',''),('1160','344','30','101.30','101.30',''),('1161','347','30','69.10','69.10',''),('1162','348','30','60.50','60.50',''),('1163','351','30','442.00','442.00',''),('1164','353','30','120.00','120.00',''),('1165','355','30','299.90','299.90',''),('1166','357','30','13.00','13.00',''),('1167','358','30','37.90','37.90',''),('1168','360','30','210.30','215.00',''),('1169','362','30','168.10','168.10',''),('1170','363','30','50.80','50.80',''),('1171','370','30','29.60','29.60',''),('1172','373','30','600.70','600.70',''),('1173','376','30','25.90','25.90',''),('1174','379','30','7.50','7.50',''),('1175','381','30','168.00','168.00',''),('1176','382','30','10.00','10.00',''),('1177','383','30','104.00','104.00',''),('1178','386','30','19.90','19.90',''),('1179','389','30','34.40','34.40',''),('1180','394','30','23.50','23.50',''),('1181','395','30','206.70','206.70',''),('1182','396','30','132.50','132.50',''),('1183','407','30','35.20','35.20',''),('1184','408','30','358.20','358.20',''),('1185','417','30','10.70','10.70',''),('1186','418','30','6.80','6.80',''),('1187','424','30','23.50','23.50',''),('1188','425','30','206.70','206.70',''),('1189','426','30','132.50','132.50',''),('1190','437','30','35.20','35.20',''),('1191','438','30','358.20','358.20',''),('1192','447','30','10.70','10.70',''),('1193','448','30','6.80','6.80',''),('1194','452','30','105.00','105.00',''),('1195','453','30','0.10','0.70',''),('1196','455','30','5.00','5.00',''),('1197','457','30','120.30','120.30',''),('1198','459','30','7.90','7.90',''),('1199','460','30','9.20','9.20',''),('1200','462','30','6.50','6.50',''),('1201','469','30','0.40','0.40',''),('1202','406','30','41.30','41.30',''),('1203','436','30','41.30','41.30',''),('1204','470','30','0.20','0.20',''),('1205','271','31','13.10','13.10',''),('1206','272','31','47.90','47.90',''),('1207','274','31','514.60','514.60',''),('1208','275','31','135.30','135.30',''),('1209','276','31','209.30','209.30',''),('1210','277','31','146.70','146.70',''),('1211','279','31','79.10','79.10',''),('1212','280','31','36.70','36.70',''),('1213','281','31','471.00','471.00',''),('1214','282','31','461.00','461.00',''),('1215','283','31','112.20','112.20',''),('1216','285','31','369.50','369.50',''),('1217','286','31','47.20','47.20',''),('1218','293','31','67.50','67.50',''),('1219','294','31','184.70','184.70',''),('1220','296','31','50.00','50.00',''),('1221','303','31','96.70','96.70',''),('1222','305','31','27.70','27.70',''),('1223','306','31','66.70','66.70',''),('1224','307','31','1.50','1.50',''),('1225','308','31','426.20','426.20',''),('1226','309','31','97.90','97.90',''),('1227','312','31','98.00','98.00',''),('1228','313','31','55.60','55.60',''),('1229','314','31','6.30','6.30',''),('1230','315','31','14.50','14.50',''),('1231','316','31','27.00','27.00',''),('1232','317','31','48.50','48.50',''),('1233','318','31','67.20','67.20',''),('1234','320','31','60.10','60.10',''),('1235','321','31','32.70','32.70',''),('1236','325','31','69.80','69.80',''),('1237','328','31','74.60','74.60',''),('1238','334','31','24.50','24.50',''),('1239','342','31','68.10','68.10',''),('1240','346','31','52.40','52.40',''),('1241','359','31','70.80','70.80',''),('1242','366','31','8.30','8.30',''),('1243','372','31','14.20','14.20',''),('1244','378','31','13.70','13.70',''),('1245','384','31','140.60','140.60',''),('1246','385','31','148.90','148.90',''),('1247','402','31','76.70','76.70',''),('1248','403','31','23.20','23.20',''),('1249','404','31','3.40','3.40',''),('1250','405','31','16.00','16.00',''),('1251','411','31','33.30','33.30',''),('1252','415','31','8.50','8.50',''),('1253','432','31','76.70','76.70',''),('1254','433','31','23.20','23.20',''),('1255','434','31','3.40','6.50',''),('1256','435','31','16.00','16.00',''),('1257','441','31','33.30','35.00',''),('1258','445','31','8.50','8.50',''),('1259','451','31','10.80','10.80',''),('1260','461','31','5.60','5.60',''),('1261','463','31','11.20','11.20',''),('1262','465','31','0.10','0.10',''),('1263','273','31','302.80','302.80',''),('1264','278','31','187.60','187.60',''),('1265','287','31','77.80','77.80',''),('1266','290','31','21.50','21.50',''),('1267','292','31','97.50','97.50',''),('1268','295','31','310.50','310.50',''),('1269','297','31','3.80','3.80',''),('1270','299','31','334.10','334.10',''),('1271','301','31','201.50','201.50',''),('1272','310','31','155.00','155.00',''),('1273','311','31','96.20','96.20',''),('1274','322','31','205.20','205.20',''),('1275','326','31','85.10','85.10',''),('1276','329','31','263.60','263.60',''),('1277','331','31','1411.10','1411.10',''),('1278','332','31','208.30','208.30',''),('1279','335','31','20.10','20.10',''),('1280','337','31','63.80','63.80',''),('1281','338','31','142.20','142.20',''),('1282','339','31','3.20','3.20',''),('1283','341','31','9.20','9.20',''),('1284','345','31','10.90','10.90',''),('1285','349','31','115.50','115.50',''),('1286','350','31','25.10','25.10',''),('1287','352','31','100.70','100.70',''),('1288','354','31','52.40','52.40',''),('1289','356','31','90.80','90.80',''),('1290','361','31','99.20','99.20',''),('1291','364','31','355.20','355.20',''),('1292','365','31','297.30','297.30',''),('1293','367','31','93.00','93.00',''),('1294','368','31','315.60','315.60',''),('1295','369','31','507.20','507.20',''),('1296','371','31','22.20','22.20',''),('1297','374','31','25.50','25.50',''),('1298','375','31','13.80','13.80',''),('1299','377','31','52.30','52.30',''),('1300','380','31','82.40','82.40',''),('1301','387','31','630.70','630.70',''),('1302','388','31','1.30','1.30',''),('1303','390','31','52.00','52.00',''),('1304','391','31','160.20','160.20',''),('1305','392','31','232.50','232.50',''),('1306','393','31','93.20','93.20',''),('1307','397','31','37.60','40.00',''),('1308','398','31','35.00','35.00',''),('1309','399','31','115.40','115.40',''),('1310','400','31','10.80','10.80',''),('1311','401','31','36.30','36.30',''),('1312','409','31','7714.00','7714.00',''),('1313','410','31','33.50','33.50',''),('1314','412','31','599.90','599.90',''),('1315','413','31','22.20','22.20',''),('1316','414','31','109.10','109.10',''),('1317','416','31','56.80','56.80',''),('1318','419','31','23.90','23.90',''),('1319','420','31','85.00','85.00',''),('1320','421','31','160.20','160.20',''),('1321','422','31','232.50','232.50',''),('1322','423','31','93.20','93.20',''),('1323','427','31','37.60','37.60',''),('1324','428','31','35.00','35.00',''),('1325','429','31','115.40','115.40',''),('1326','430','31','10.80','10.80',''),('1327','431','31','36.30','36.30',''),('1328','439','31','7714.00','7714.00',''),('1329','440','31','33.50','33.50',''),('1330','442','31','599.90','599.90',''),('1331','443','31','22.20','22.20',''),('1332','444','31','109.10','109.10',''),('1333','446','31','56.80','56.80',''),('1334','449','31','23.90','23.90',''),('1335','450','31','85.00','85.00',''),('1336','454','31','49.20','49.20',''),('1337','456','31','21.50','21.50',''),('1338','458','31','7.60','7.60',''),('1339','464','31','6.70','6.70',''),('1340','466','31','29.00','29.00',''),('1341','467','31','0.10','0.10',''),('1342','468','31','11.80','11.80',''),('1343','471','31','12.00','15.00',''),('1344','284','31','357.20','357.20',''),('1345','288','31','139.80','139.80',''),('1346','289','31','393.60','393.60',''),('1347','291','31','17.90','17.90',''),('1348','298','31','22.70','22.70',''),('1349','300','31','77.50','77.50',''),('1350','302','31','99.70','99.70',''),('1351','304','31','1079.00','1079.00',''),('1352','319','31','19.00','19.00',''),('1353','323','31','525.00','525.00','');
INSERT INTO `indexes` (`id`,`id_compteur`,`id_mois_facturation`,`ancien_index`,`nouvel_index`,`message`) VALUES ('1354','324','31','264.70','264.70',''),('1355','327','31','16.20','16.20',''),('1356','330','31','160.60','160.60',''),('1357','333','31','540.30','540.30',''),('1358','336','31','1170.00','1170.00',''),('1359','340','31','134.80','134.80',''),('1360','343','31','152.90','152.90',''),('1361','344','31','101.30','101.30',''),('1362','347','31','69.10','69.10',''),('1363','348','31','60.50','60.50',''),('1364','351','31','442.00','442.00',''),('1365','353','31','120.00','120.00',''),('1366','355','31','299.90','299.90',''),('1367','357','31','13.00','13.00',''),('1368','358','31','37.90','42.00',''),('1369','360','31','215.00','215.00',''),('1370','362','31','168.10','168.10',''),('1371','363','31','50.80','50.80',''),('1372','370','31','29.60','29.60',''),('1373','373','31','600.70','600.70',''),('1374','376','31','25.90','25.90',''),('1375','379','31','7.50','7.50',''),('1376','381','31','168.00','168.00',''),('1377','382','31','10.00','10.00',''),('1378','383','31','104.00','104.00',''),('1379','386','31','19.90','19.90',''),('1380','389','31','34.40','34.40',''),('1381','394','31','23.50','23.50',''),('1382','395','31','206.70','206.70',''),('1383','396','31','132.50','132.50',''),('1384','407','31','35.20','35.20',''),('1385','408','31','358.20','358.20',''),('1386','417','31','10.70','10.70',''),('1387','418','31','6.80','6.80',''),('1388','424','31','23.50','23.50',''),('1389','425','31','206.70','206.70',''),('1390','426','31','132.50','132.50',''),('1391','437','31','35.20','35.20',''),('1392','438','31','358.20','358.20',''),('1393','447','31','10.70','10.70',''),('1394','448','31','6.80','6.80',''),('1395','452','31','105.00','105.00',''),('1396','453','31','0.70','0.70',''),('1397','455','31','5.00','5.00',''),('1398','457','31','120.30','120.30',''),('1399','459','31','7.90','7.90',''),('1400','460','31','9.20','9.20',''),('1401','462','31','6.50','7.30',''),('1402','469','31','0.40','0.40',''),('1403','406','31','41.30','41.30',''),('1404','436','31','41.30','45.00',''),('1405','470','31','0.20','3.00',''),('1406','475','32','25.00','32.00',''),('1407','472','32','2.00','40.00',''),('1408','474','32','0.00','3.00',''),('1409','473','33','2.00','4.00',''),('1410','475','33','32.00','45.00',''),('1411','472','33','40.00','41.00',''),('1412','474','33','3.00','6.00',''),('1413','271','34','13.10','13.10',''),('1414','272','34','47.90','47.90',''),('1415','274','34','514.60','514.60',''),('1416','275','34','135.30','135.30',''),('1417','276','34','209.30','209.30',''),('1418','277','34','146.70','146.70',''),('1419','279','34','79.10','79.10',''),('1420','280','34','36.70','36.70',''),('1421','281','34','471.00','471.00',''),('1422','282','34','461.00','461.00',''),('1423','283','34','112.20','112.20',''),('1424','285','34','369.50','369.50',''),('1425','286','34','47.20','47.20',''),('1426','293','34','67.50','67.50',''),('1427','294','34','184.70','184.70',''),('1428','296','34','50.00','50.00',''),('1429','303','34','96.70','96.70',''),('1430','305','34','27.70','27.70',''),('1431','306','34','66.70','66.70',''),('1432','307','34','1.50','1.50',''),('1433','308','34','426.20','426.20',''),('1434','309','34','97.90','97.90',''),('1435','312','34','98.00','98.00',''),('1436','313','34','55.60','55.60',''),('1437','314','34','6.30','6.30',''),('1438','315','34','14.50','14.50',''),('1439','316','34','27.00','27.00',''),('1440','317','34','48.50','48.50',''),('1441','318','34','67.20','70.00',''),('1442','320','34','60.10','60.10',''),('1443','321','34','32.70','32.70',''),('1444','325','34','69.80','69.80',''),('1445','328','34','74.60','74.60',''),('1446','334','34','24.50','24.50',''),('1447','342','34','68.10','68.10',''),('1448','346','34','52.40','52.40',''),('1449','359','34','70.80','70.80',''),('1450','366','34','8.30','8.30',''),('1451','372','34','14.20','14.20',''),('1452','378','34','13.70','13.70',''),('1453','384','34','140.60','140.60',''),('1454','385','34','148.90','148.90',''),('1455','402','34','76.70','76.70',''),('1456','403','34','23.20','25.00',''),('1457','404','34','3.40','3.40',''),('1458','405','34','16.00','16.00',''),('1459','411','34','33.30','33.30',''),('1460','415','34','8.50','8.50',''),('1461','432','34','76.70','76.70',''),('1462','433','34','23.20','23.20',''),('1463','434','34','6.50','6.50',''),('1464','435','34','16.00','16.00',''),('1465','441','34','35.00','35.00',''),('1466','445','34','8.50','8.50',''),('1467','451','34','10.80','10.80',''),('1468','461','34','5.60','5.60',''),('1469','463','34','11.20','11.20',''),('1470','465','34','0.10','0.10',''),('1471','273','34','302.80','302.80',''),('1472','278','34','187.60','187.60',''),('1473','287','34','77.80','77.80',''),('1474','290','34','21.50','30.00',''),('1475','292','34','97.50','97.50',''),('1476','295','34','310.50','310.50',''),('1477','297','34','3.80','3.80',''),('1478','299','34','334.10','334.10',''),('1479','301','34','201.50','201.50',''),('1480','310','34','155.00','155.00',''),('1481','311','34','96.20','96.20',''),('1482','322','34','205.20','205.20',''),('1483','326','34','85.10','85.10',''),('1484','329','34','263.60','263.60',''),('1485','331','34','1411.10','1411.10',''),('1486','332','34','208.30','208.30',''),('1487','335','34','20.10','20.10',''),('1488','337','34','63.80','63.80',''),('1489','338','34','142.20','142.20',''),('1490','339','34','3.20','3.20',''),('1491','341','34','9.20','9.20',''),('1492','345','34','10.90','10.90',''),('1493','349','34','115.50','115.50',''),('1494','350','34','25.10','25.10',''),('1495','352','34','100.70','100.70',''),('1496','354','34','52.40','52.40',''),('1497','356','34','90.80','90.80',''),('1498','361','34','99.20','99.20',''),('1499','364','34','355.20','355.20',''),('1500','365','34','297.30','297.30',''),('1501','367','34','93.00','93.00',''),('1502','368','34','315.60','315.60',''),('1503','369','34','507.20','507.20',''),('1504','371','34','22.20','22.20',''),('1505','374','34','25.50','25.50',''),('1506','375','34','13.80','13.80',''),('1507','377','34','52.30','52.30',''),('1508','380','34','82.40','82.40',''),('1509','387','34','630.70','630.70',''),('1510','388','34','1.30','1.30',''),('1511','390','34','52.00','52.00',''),('1512','391','34','160.20','165.00',''),('1513','392','34','232.50','232.50',''),('1514','393','34','93.20','93.20',''),('1515','397','34','40.00','40.00',''),('1516','398','34','35.00','35.00',''),('1517','399','34','115.40','115.40',''),('1518','400','34','10.80','10.80',''),('1519','401','34','36.30','36.30',''),('1520','409','34','7714.00','7714.00',''),('1521','410','34','33.50','33.50',''),('1522','412','34','599.90','599.90',''),('1523','413','34','22.20','22.20',''),('1524','414','34','109.10','109.10',''),('1525','416','34','56.80','56.80',''),('1526','419','34','23.90','23.90',''),('1527','420','34','85.00','85.00',''),('1528','421','34','160.20','160.20',''),('1529','422','34','232.50','232.50',''),('1530','423','34','93.20','93.20',''),('1531','427','34','37.60','37.60',''),('1532','428','34','35.00','35.00',''),('1533','429','34','115.40','115.40',''),('1534','430','34','10.80','10.80',''),('1535','431','34','36.30','39.00',''),('1536','439','34','7714.00','7714.00',''),('1537','440','34','33.50','33.50',''),('1538','442','34','599.90','599.90',''),('1539','443','34','22.20','22.20',''),('1540','444','34','109.10','109.10',''),('1541','446','34','56.80','56.80',''),('1542','449','34','23.90','23.90',''),('1543','450','34','85.00','90.00',''),('1544','454','34','49.20','49.20',''),('1545','456','34','21.50','21.50',''),('1546','458','34','7.60','7.60',''),('1547','464','34','6.70','6.70',''),('1548','466','34','29.00','29.00',''),('1549','467','34','0.10','1.30',''),('1550','468','34','11.80','11.80',''),('1551','471','34','15.00','15.00',''),('1552','284','34','357.20','357.20',''),('1553','288','34','139.80','139.80',''),('1554','289','34','393.60','393.60',''),('1555','291','34','17.90','17.90',''),('1556','298','34','22.70','22.70',''),('1557','300','34','77.50','77.50',''),('1558','302','34','99.70','99.70',''),('1559','304','34','1079.00','1079.00',''),('1560','319','34','19.00','19.00',''),('1561','323','34','525.00','525.00',''),('1562','324','34','264.70','264.70',''),('1563','327','34','16.20','16.20',''),('1564','330','34','160.60','160.60',''),('1565','333','34','540.30','540.30',''),('1566','336','34','1170.00','1170.00',''),('1567','340','34','134.80','134.80',''),('1568','343','34','152.90','152.90',''),('1569','344','34','101.30','101.30',''),('1570','347','34','69.10','69.10',''),('1571','348','34','60.50','60.50',''),('1572','351','34','442.00','442.00',''),('1573','353','34','120.00','120.00',''),('1574','355','34','299.90','299.90',''),('1575','357','34','13.00','13.00',''),('1576','358','34','42.00','42.00',''),('1577','360','34','215.00','215.00',''),('1578','362','34','168.10','168.10',''),('1579','363','34','50.80','50.80',''),('1580','370','34','29.60','29.60',''),('1581','373','34','600.70','600.70',''),('1582','376','34','25.90','25.90',''),('1583','379','34','7.50','7.50',''),('1584','381','34','168.00','168.00',''),('1585','382','34','10.00','10.00',''),('1586','383','34','104.00','104.00',''),('1587','386','34','19.90','19.90',''),('1588','389','34','34.40','34.40',''),('1589','394','34','23.50','23.50',''),('1590','395','34','206.70','206.70',''),('1591','396','34','132.50','132.50',''),('1592','407','34','35.20','35.20',''),('1593','408','34','358.20','360.00',''),('1594','417','34','10.70','10.70',''),('1595','418','34','6.80','6.80',''),('1596','424','34','23.50','23.50',''),('1597','425','34','206.70','206.70',''),('1598','426','34','132.50','132.50',''),('1599','437','34','35.20','35.20',''),('1600','438','34','358.20','358.20',''),('1601','447','34','10.70','10.70',''),('1602','448','34','6.80','6.80',''),('1603','452','34','105.00','105.00',''),('1604','453','34','0.70','0.70',''),('1605','455','34','5.00','5.00',''),('1606','457','34','120.30','120.30',''),('1607','459','34','7.90','7.90',''),('1608','460','34','9.20','9.20',''),('1609','462','34','7.30','7.30',''),('1610','469','34','0.40','0.40',''),('1611','406','34','41.30','41.30',''),('1612','436','34','45.00','45.00',''),('1613','470','34','3.00','6.00',''),('1814','271','36','-25.90','13.10',''),('1815','272','36','47.90','47.90',''),('1816','273','36','299.20','299.20',''),('1817','274','36','447.90','447.90',''),('1818','275','36','131.32','133.90',''),('1819','276','36','177.93','181.90',''),('1820','277','36','143.00','143.00',''),('1821','278','36','181.40','181.40',''),('1822','279','36','79.10','79.10',''),('1823','280','36','36.70','36.70',''),('1824','281','36','439.00','459.00',''),('1825','282','36','406.37','461.00',''),('1826','283','36','112.20','112.20',''),('1827','284','36','332.33','348.00',''),('1828','285','36','366.60','366.60',''),('1829','286','36','47.10','47.10',''),('1830','287','36','50.17','61.40',''),('1831','288','36','125.30','137.40',''),('1832','289','36','393.60','393.60',''),('1833','290','36','21.50','21.50',''),('1834','291','36','-3.48','17.90',''),('1835','292','36','97.50','97.50',''),('1836','293','36','-10.00','67.50',''),('1837','294','36','178.52','183.70',''),('1838','295','36','157.70','310.50',''),('1839','296','36','-37.83','50.00',''),('1840','297','36','-35.53','3.80',''),('1841','298','36','-43.13','22.70',''),('1842','299','36','-239.57','334.10',''),('1843','300','36','77.00','77.00',''),('1844','301','36','196.70','196.70',''),('1845','302','36','63.50','85.50',''),('1846','303','36','94.97','95.00',''),('1847','304','36','748.77','1036.80',''),('1848','305','36','25.83','27.40',''),('1849','306','36','62.95','63.00',''),('1850','307','36','0.10','0.10',''),('1851','308','36','426.20','426.20',''),('1852','309','36','85.40','95.80',''),('1853','310','36','81.30','128.40',''),('1854','311','36','94.50','96.20',''),('1855','312','36','98.00','98.00',''),('1856','313','36','55.60','55.60',''),('1857','314','36','0.43','3.50',''),('1858','315','36','-31.33','14.50',''),('1859','316','36','22.70','22.70',''),('1860','317','36','46.85','48.50',''),('1861','318','36','43.03','67.20',''),('1862','319','36','-11.17','19.00',''),('1863','320','36','53.88','53.90',''),('1864','321','36','32.70','32.70',''),('1865','322','36','204.10','204.10',''),('1866','323','36','499.10','524.00',''),('1867','324','36','237.30','237.30',''),('1868','325','36','43.02','69.80',''),('1869','326','36','81.07','81.10',''),('1870','327','36','-41.30','16.20',''),('1871','328','36','67.93','74.60',''),('1872','329','36','256.10','257.40',''),('1873','514','36','148.07','152.10',''),('1874','331','36','1078.67','1364.40',''),('1875','332','36','190.38','190.40',''),('1876','333','36','478.57','540.30',''),('1877','334','36','23.50','23.50',''),('1878','335','36','-40.98','20.10',''),('1879','336','36','1114.70','1146.60',''),('1880','337','36','63.80','63.80',''),('1881','338','36','124.12','133.10',''),('1882','339','36','-13.47','3.20',''),('1883','340','36','116.92','126.70',''),('1884','341','36','7.70','7.70',''),('1885','342','36','-77.58','61.30',''),('1886','343','36','148.60','148.60',''),('1887','344','36','91.32','93.70',''),('1888','345','36','-19.20','10.80',''),('1889','346','36','51.40','51.40',''),('1890','347','36','62.00','62.50',''),('1891','348','36','58.35','60.50',''),('1892','349','36','0.47','115.50',''),('1893','350','36','-46.57','25.10',''),('1894','351','36','425.00','425.00',''),('1895','352','36','97.22','97.30',''),('1896','353','36','116.68','120.00',''),('1897','354','36','-36.43','52.40',''),('1898','355','36','270.07','292.30',''),('1899','356','36','85.28','85.30',''),('1900','357','36','1.55','10.00',''),('1901','358','36','36.40','36.40',''),('1902','359','36','65.52','69.30',''),('1903','360','36','161.43','174.30',''),('1904','361','36','92.40','92.40',''),('1905','362','36','126.77','168.10',''),('1906','363','36','21.70','50.80',''),('1907','364','36','30.37','355.20',''),('1908','365','36','37.97','297.30',''),('1909','366','36','-19.87','8.30',''),('1910','367','36','89.60','93.00',''),('1911','368','36','307.60','307.60',''),('1912','369','36','480.63','497.50',''),('1913','370','36','17.90','29.60',''),('1914','371','36','20.23','22.20',''),('1915','372','36','13.92','14.20',''),('1916','373','36','318.20','600.70',''),('1917','374','36','0.43','25.50',''),('1918','375','36','-5.90','13.80',''),('1919','376','36','25.40','25.40',''),('1920','377','36','41.02','50.40',''),('1921','378','36','12.03','13.70',''),('1922','379','36','-14.67','7.50',''),('1923','380','36','-71.30','82.40',''),('1924','381','36','143.88','143.90',''),('1925','382','36','-34.67','10.00',''),('1926','383','36','89.82','99.80',''),('1927','384','36','-103.40','140.60',''),('1928','385','36','145.90','145.90',''),('1929','386','36','16.57','19.90',''),('1930','387','36','619.03','630.70',''),('1931','388','36','-13.70','1.30',''),('1932','515','36','42.65','47.80',''),('1933','516','36','32.55','32.60',''),('1934','517','36','45.95','143.00',''),('1935','518','36','-3.40','13.60',''),('1936','519','36','55.68','55.70',''),('1937','520','36','211.08','211.10',''),('1938','521','36','-73.30','43.70',''),('1939','522','36','0.70','0.70',''),('1940','523','36','112.20','112.20',''),('1941','524','36','66.13','67.80',''),('1942','525','36','26.87','27.30',''),('1943','526','36','20.70','21.20',''),('1944','527','36','33.17','33.17',''),('1945','528','36','36.65','43.40',''),('1946','529','36','67.10','67.10',''),('1947','530','36','45.40','45.40',''),('1948','531','36','277.80','288.10',''),('1949','532','36','88.20','88.20',''),('1950','533','36','78.20','78.20',''),('1951','534','36','4.78','4.80',''),('1952','535','36','49.78','137.50',''),('1953','536','36','227.00','227.00',''),('1954','537','36','1.00','1.00',''),('1955','538','36','113.20','113.20',''),('1956','539','36','63.90','63.90',''),('1957','540','36','166.57','178.90',''),('1958','541','36','455.12','475.70',''),('1959','542','36','175.53','199.90',''),('1960','543','36','54.00','54.00',''),('1961','544','36','19.10','19.10',''),('1962','545','36','93.37','93.40',''),('1963','546','36','262.33','395.60',''),('1964','421','36','160.17','160.20',''),('1965','422','36','-40.87','232.50',''),('1966','423','36','89.50','89.50',''),('1967','547','36','0.27','22.40',''),('1968','425','36','193.65','193.70',''),('1969','426','36','132.50','132.50',''),('1970','427','36','34.60','34.60',''),('1971','428','36','35.00','35.00',''),('1972','429','36','115.40','115.40',''),('1973','430','36','-8.15','10.80',''),('1974','431','36','26.05','34.30',''),('1975','432','36','68.20','76.70',''),('1976','433','36','20.70','22.80',''),('1977','434','36','1.75','3.40',''),('1978','435','36','14.65','16.00',''),('1979','548','36','33.97','35.60',''),('1980','437','36','28.93','32.40',''),('1981','438','36','225.47','358.20',''),('1982','439','36','7106.50','7113.10',''),('1983','440','36','22.88','22.90',''),('1984','441','36','33.30','33.30',''),('1985','442','36','-15.00','524.80',''),('1986','443','36','18.80','18.80',''),('1987','444','36','79.70','98.70',''),('1988','445','36','7.08','7.10',''),('1989','446','36','56.80','56.80',''),('1990','447','36','9.98','10.00',''),('1991','448','36','3.27','6.30',''),('1992','449','36','20.55','20.60',''),('1993','549','36','34.27','75.60',''),('1994','550','36','9.30','9.30',''),('1995','452','36','88.53','88.90',''),('1996','453','36','-1.67','0.10',''),('1997','454','36','44.50','46.20',''),('1998','455','36','3.40','5.00',''),('1999','456','36','16.52','21.50',''),('2000','457','36','-9.90','93.10',''),('2001','458','36','3.27','7.40',''),('2002','459','36','-3.23','4.90',''),('2003','460','36','6.85','6.90',''),('2004','461','36','0.60','4.80',''),('2005','462','36','-3.23','3.50',''),('2006','463','36','8.68','8.70',''),('2007','464','36','4.10','4.40',''),('2008','465','36','0.10','0.10',''),('2009','466','36','10.90','10.90',''),('2010','467','36','0.10','0.10',''),('2011','468','36','3.10','3.10',''),('2012','469','36','0.40','0.40',''),('2013','470','36','0.20','0.20',''),('2014','271','37','13.10','13.10',''),('2015','272','37','47.90','47.90',''),('2016','273','37','299.20','302.80',''),('2017','274','37','447.90','514.60',''),('2018','275','37','133.90','135.30',''),('2019','276','37','181.90','209.30',''),('2020','277','37','143.00','146.70',''),('2021','278','37','181.40','187.60',''),('2022','279','37','79.10','79.10',''),('2023','280','37','36.70','36.70',''),('2024','281','37','459.00','471.00',''),('2025','282','37','461.00','461.00',''),('2026','283','37','112.20','112.20',''),('2027','284','37','348.00','357.20',''),('2028','285','37','366.60','369.50',''),('2029','286','37','47.10','47.20',''),('2030','287','37','61.40','77.80',''),('2031','288','37','137.40','139.80',''),('2032','289','37','393.60','393.60',''),('2033','290','37','21.50','21.50',''),('2034','291','37','17.90','17.90',''),('2035','292','37','97.50','97.50',''),('2036','293','37','67.50','67.50',''),('2037','294','37','183.70','184.70',''),('2038','295','37','310.50','310.50',''),('2039','296','37','50.00','50.00',''),('2040','297','37','3.80','3.80',''),('2041','298','37','22.70','22.70',''),('2042','299','37','334.10','334.10',''),('2043','300','37','77.00','77.50',''),('2044','301','37','196.70','201.50',''),('2045','302','37','85.50','99.70',''),('2046','303','37','95.00','96.70',''),('2047','304','37','1036.80','1079.00',''),('2048','305','37','27.40','27.70',''),('2049','306','37','63.00','66.70',''),('2050','307','37','0.10','1.50',''),('2051','308','37','426.20','426.20',''),('2052','309','37','95.80','97.90',''),('2053','310','37','128.40','155.00',''),('2054','311','37','96.20','96.20',''),('2055','312','37','98.00','98.00',''),('2056','313','37','55.60','55.60',''),('2057','314','37','3.50','6.30',''),('2058','315','37','14.50','14.50',''),('2059','316','37','22.70','27.00',''),('2060','317','37','48.50','48.50',''),('2061','318','37','67.20','67.20',''),('2062','319','37','19.00','19.00',''),('2063','320','37','53.90','60.10',''),('2064','321','37','32.70','32.70',''),('2065','322','37','204.10','205.20',''),('2066','323','37','524.00','525.00',''),('2067','324','37','237.30','264.70',''),('2068','325','37','69.80','69.80',''),('2069','326','37','81.10','85.10',''),('2070','327','37','16.20','16.20',''),('2071','328','37','74.60','74.60',''),('2072','329','37','257.40','263.60',''),('2073','514','37','152.10','160.60',''),('2074','331','37','1364.40','1411.10',''),('2075','332','37','190.40','208.30',''),('2076','333','37','540.30','540.30',''),('2077','334','37','23.50','24.50',''),('2078','335','37','20.10','20.10',''),('2079','336','37','1146.60','1170.00',''),('2080','337','37','63.80','63.80',''),('2081','338','37','133.10','142.20',''),('2082','339','37','3.20','3.20',''),('2083','340','37','126.70','134.80',''),('2084','341','37','7.70','9.20',''),('2085','342','37','61.30','68.10',''),('2086','343','37','148.60','152.90',''),('2087','344','37','93.70','101.30',''),('2088','345','37','10.80','10.90',''),('2089','346','37','51.40','52.40',''),('2090','347','37','62.50','69.10',''),('2091','348','37','60.50','60.50',''),('2092','349','37','115.50','115.50',''),('2093','350','37','25.10','25.10',''),('2094','351','37','425.00','442.00',''),('2095','352','37','97.30','100.70',''),('2096','353','37','120.00','120.00',''),('2097','354','37','52.40','52.40',''),('2098','355','37','292.30','299.90',''),('2099','356','37','85.30','90.80',''),('2100','357','37','10.00','13.00',''),('2101','358','37','36.40','37.90',''),('2102','359','37','69.30','70.80',''),('2103','360','37','174.30','210.30',''),('2104','361','37','92.40','99.20',''),('2105','362','37','168.10','168.10',''),('2106','363','37','50.80','50.80',''),('2107','364','37','355.20','355.20',''),('2108','365','37','297.30','297.30',''),('2109','366','37','8.30','8.30',''),('2110','367','37','93.00','93.00',''),('2111','368','37','307.60','315.60',''),('2112','369','37','497.50','507.20',''),('2113','370','37','29.60','29.60',''),('2114','371','37','22.20','22.20',''),('2115','372','37','14.20','14.20',''),('2116','373','37','600.70','600.70',''),('2117','374','37','25.50','25.50',''),('2118','375','37','13.80','13.80',''),('2119','376','37','25.40','25.90',''),('2120','377','37','50.40','52.30',''),('2121','378','37','13.70','13.70',''),('2122','379','37','7.50','7.50',''),('2123','380','37','82.40','82.40',''),('2124','381','37','143.90','168.00',''),('2125','382','37','10.00','10.00',''),('2126','383','37','99.80','104.00',''),('2127','384','37','140.60','140.60',''),('2128','385','37','145.90','148.90',''),('2129','386','37','19.90','19.90',''),('2130','387','37','630.70','630.70',''),('2131','388','37','1.30','1.30',''),('2132','515','37','47.80','52.00',''),('2133','516','37','32.60','34.40',''),('2134','517','37','143.00','143.00',''),('2135','518','37','13.60','14.00',''),('2136','519','37','55.70','57.10',''),('2137','520','37','211.10','229.50',''),('2138','521','37','43.70','43.70',''),('2139','522','37','0.70','0.70',''),('2140','523','37','112.20','142.30',''),('2141','524','37','67.80','67.80',''),('2142','525','37','27.30','27.30',''),('2143','526','37','21.20','21.20',''),('2144','527','37','31.50','31.50',''),('2145','528','37','43.40','43.40',''),('2146','529','37','67.10','67.10',''),('2147','530','37','45.40','45.40',''),('2148','531','37','288.10','293.20',''),('2149','532','37','88.20','88.20',''),('2150','533','37','78.20','78.20',''),('2151','534','37','4.80','4.80',''),('2152','535','37','137.50','143.80',''),('2153','536','37','227.00','228.70',''),('2154','537','37','1.00','1.00',''),('2155','538','37','113.20','114.30',''),('2156','539','37','63.90','64.40',''),('2157','540','37','178.90','181.00',''),('2158','541','37','475.70','489.30',''),('2159','542','37','199.90','200.00',''),('2160','543','37','54.00','58.20',''),('2161','544','37','19.10','19.10',''),('2162','545','37','93.40','95.60',''),('2163','546','37','395.60','398.60',''),('2164','421','37','160.20','160.20',''),('2165','422','37','232.50','232.50',''),('2166','423','37','89.50','93.20',''),('2167','547','37','22.40','23.50',''),('2168','425','37','193.70','206.70',''),('2169','426','37','132.50','132.50',''),('2170','427','37','34.60','37.60',''),('2171','428','37','35.00','35.00',''),('2172','429','37','115.40','115.40',''),('2173','430','37','10.80','10.80',''),('2174','431','37','34.30','36.30',''),('2175','432','37','76.70','76.70',''),('2176','433','37','22.80','23.20',''),('2177','434','37','3.40','3.40',''),('2178','435','37','16.00','16.00',''),('2179','548','37','35.60','41.30',''),('2180','437','37','32.40','35.20',''),('2181','438','37','358.20','358.20',''),('2182','439','37','7113.10','7114.00',''),('2183','440','37','22.90','33.50',''),('2184','441','37','33.30','33.30',''),('2185','442','37','524.80','599.90',''),('2186','443','37','18.80','22.20',''),('2187','444','37','98.70','109.10',''),('2188','445','37','7.10','8.50',''),('2189','446','37','56.80','56.80',''),('2190','447','37','10.00','10.70',''),('2191','448','37','6.30','6.80',''),('2192','449','37','20.60','23.90',''),('2193','549','37','75.60','85.00',''),('2194','550','37','9.30','10.80',''),('2195','452','37','88.90','105.00',''),('2196','453','37','0.10','0.10',''),('2197','454','37','46.20','49.20',''),('2198','455','37','5.00','5.00',''),('2199','456','37','21.50','21.50',''),('2200','457','37','93.10','120.30',''),('2201','458','37','7.40','7.60',''),('2202','459','37','4.90','7.90',''),('2203','460','37','6.90','9.20',''),('2204','461','37','4.80','5.60',''),('2205','462','37','3.50','6.50',''),('2206','463','37','8.70','11.20',''),('2207','464','37','4.40','6.70',''),('2208','465','37','0.10','0.10',''),('2209','466','37','10.90','29.00',''),('2210','467','37','0.10','0.10',''),('2211','468','37','3.10','11.80',''),('2212','469','37','0.40','0.40',''),('2213','470','37','0.20','0.20','');


-- -----------------------------
-- Structure de la table `intervention_rh`
-- -----------------------------
DROP TABLE IF EXISTS `intervention_rh`;
CREATE TABLE `intervention_rh` (
  `intervention_id` int(11) NOT NULL,
  `rh_id` int(11) NOT NULL,
  `role_sur_intervention` varchar(120) DEFAULT NULL,
  `heures_prevues` decimal(12,2) DEFAULT '0.00',
  `heures_reelles` decimal(12,2) DEFAULT '0.00',
  `cout_prevu` decimal(14,2) DEFAULT '0.00',
  `cout_reel` decimal(14,2) DEFAULT '0.00',
  PRIMARY KEY (`intervention_id`,`rh_id`),
  KEY `idx_irh_rh` (`rh_id`),
  CONSTRAINT `fk_irh_intervention` FOREIGN KEY (`intervention_id`) REFERENCES `interventions` (`id`) ON DELETE CASCADE ON UPDATE CASCADE,
  CONSTRAINT `fk_irh_rh` FOREIGN KEY (`rh_id`) REFERENCES `ressources_humaines` (`id`) ON UPDATE CASCADE
) ENGINE=InnoDB DEFAULT CHARSET=utf8;

-- Donn√©es de `intervention_rh`

-- -----------------------------
-- Structure de la table `intervention_rm`
-- -----------------------------
DROP TABLE IF EXISTS `intervention_rm`;
CREATE TABLE `intervention_rm` (
  `intervention_id` int(11) NOT NULL,
  `rm_id` int(11) NOT NULL,
  `quantite_prevue` decimal(12,2) DEFAULT '0.00',
  `quantite_reelle` decimal(12,2) DEFAULT '0.00',
  `cout_prevu` decimal(14,2) DEFAULT '0.00',
  `cout_reel` decimal(14,2) DEFAULT '0.00',
  PRIMARY KEY (`intervention_id`,`rm_id`),
  KEY `idx_irm_rm` (`rm_id`),
  CONSTRAINT `fk_irm_intervention` FOREIGN KEY (`intervention_id`) REFERENCES `interventions` (`id`) ON DELETE CASCADE ON UPDATE CASCADE,
  CONSTRAINT `fk_irm_rm` FOREIGN KEY (`rm_id`) REFERENCES `ressources_materielles` (`id`) ON UPDATE CASCADE
) ENGINE=InnoDB DEFAULT CHARSET=utf8;

-- Donn√©es de `intervention_rm`

-- -----------------------------
-- Structure de la table `interventions`
-- -----------------------------
DROP TABLE IF EXISTS `interventions`;
CREATE TABLE `interventions` (
  `id` int(11) NOT NULL AUTO_INCREMENT,
  `aep_id` int(11) NOT NULL,
  `titre` varchar(200) NOT NULL,
  `type` varchar(100) NOT NULL,
  `description` text,
  `localisation` varchar(200) DEFAULT NULL,
  `date_debut_prevue` datetime DEFAULT NULL,
  `date_fin_prevue` datetime DEFAULT NULL,
  `date_debut_reelle` datetime DEFAULT NULL,
  `date_fin_reelle` datetime DEFAULT NULL,
  `statut` enum('planifiee','en_cours','terminee','annulee') DEFAULT 'planifiee',
  `cout_estime` decimal(14,2) DEFAULT '0.00',
  `cout_reel` decimal(14,2) DEFAULT '0.00',
  `created_by` int(11) DEFAULT NULL,
  `created_at` datetime DEFAULT NULL,
  `updated_at` datetime DEFAULT NULL,
  PRIMARY KEY (`id`),
  KEY `idx_interv_aep` (`aep_id`),
  KEY `idx_interv_statut` (`statut`),
  KEY `idx_interv_dates` (`date_debut_prevue`,`date_fin_prevue`)
) ENGINE=InnoDB AUTO_INCREMENT=2 DEFAULT CHARSET=utf8;

-- Donn√©es de `interventions`
INSERT INTO `interventions` (`id`,`aep_id`,`titre`,`type`,`description`,`localisation`,`date_debut_prevue`,`date_fin_prevue`,`date_debut_reelle`,`date_fin_reelle`,`statut`,`cout_estime`,`cout_reel`,`created_by`,`created_at`,`updated_at`) VALUES ('1','1','Nettoyage des vanes','maintenances','djjdjdsjksdksd  sjsdksd dskd','Reservoire Nzah','2025-08-13 14:24:00','0000-00-00 00:00:00',NULL,'2025-08-29 14:26:05','terminee','0.00','0.00','7',NULL,NULL);


-- -----------------------------
-- Structure de la table `logs`
-- -----------------------------
DROP TABLE IF EXISTS `logs`;
CREATE TABLE `logs` (
  `id` int(11) NOT NULL AUTO_INCREMENT,
  `user_id` int(11) DEFAULT NULL,
  `page_libelle` varchar(255) DEFAULT NULL,
  `action` varchar(50) DEFAULT NULL,
  `timestamp` datetime DEFAULT NULL,
  PRIMARY KEY (`id`)
) ENGINE=MyISAM AUTO_INCREMENT=48 DEFAULT CHARSET=latin1;

-- Donn√©es de `logs`
INSERT INTO `logs` (`id`,`user_id`,`page_libelle`,`action`,`timestamp`) VALUES ('1',NULL,'page de role','update_role','0000-00-00 00:00:00'),('2',NULL,'role','add_role#4','2025-04-22 18:54:20'),('3',NULL,'role','add_role#5','2025-04-22 18:55:00'),('4',NULL,'role','add_role#6','2025-04-22 18:56:03'),('5',NULL,'role','add_role#7','2025-04-22 18:57:36'),('6',NULL,'role','delete_role','0000-00-00 00:00:00'),('7',NULL,'role','delete_role','0000-00-00 00:00:00'),('8',NULL,'role','delete_role','0000-00-00 00:00:00'),('9',NULL,'role','delete_role','0000-00-00 00:00:00'),('10',NULL,'role','delete_role#4','0000-00-00 00:00:00'),('11',NULL,'page de role','update_role','0000-00-00 00:00:00'),('12',NULL,'role_detail','remove_user_role#1','2025-04-22 21:24:28'),('13',NULL,'role_detail','add_user_role#1','2025-04-22 21:25:06'),('14',NULL,'role','delete_role#2','0000-00-00 00:00:00'),('15',NULL,'role','add_role#8','2025-04-23 13:59:18'),('16',NULL,'role','add_role#9','2025-04-23 13:59:27'),('17',NULL,'role_detail','remove_page_access#1','2025-04-27 11:29:38'),('18',NULL,'role_detail','remove_page_access#1','2025-04-27 11:30:07'),('19',NULL,'role_detail','add_page_access#1#1','2025-04-27 11:33:17'),('20',NULL,'role_detail','add_page_access#8#1','2025-04-27 11:44:32'),('21',NULL,'role_detail','add_user_role#8','2025-04-27 11:48:16'),('22',NULL,'role_detail','add_user_role#1','2025-04-29 12:24:17'),('23',NULL,'role_detail','add_page_access#8#3','2025-04-29 13:01:16'),('24',NULL,'role_detail','add_page_access#8#3','2025-04-29 13:04:42'),('25',NULL,'role_detail','add_page_access#8#3','2025-04-29 13:05:35'),('26',NULL,'role_detail','add_user_role#8','2025-04-29 13:18:57'),('27',NULL,'role_detail','remove_user_role#8','2025-04-29 14:06:40'),('28',NULL,'role_detail','remove_user_role#8','2025-04-29 14:44:20'),('29',NULL,'role_detail','remove_user_role#8','2025-04-29 14:44:35'),('30',NULL,'role_detail','remove_page_access#9','2025-04-29 14:45:31'),('31',NULL,'role_detail','remove_page_access#9','2025-04-29 14:45:44'),('32',NULL,'role_detail','remove_page_access#9','2025-04-29 14:45:58'),('33',NULL,'role','add_role#10','2025-04-29 14:46:57'),('34',NULL,'role','add_role#11','2025-04-30 13:18:27'),('35',NULL,'role_detail','add_user_role#9','2025-05-12 11:39:30'),('36',NULL,'role_detail','add_user_role#9','2025-06-20 12:20:25'),('37',NULL,'role_detail','add_user_role#8','2025-06-20 12:24:57'),('38',NULL,'role_detail','add_user_role#10','2025-06-20 12:38:27'),('39',NULL,'role_detail','add_user_role#1','2025-08-01 12:38:26'),('40',NULL,'role_detail','add_user_role#1','2025-08-01 12:38:37'),('41',NULL,'role_detail','add_user_role#1','2025-08-01 12:38:56'),('42',NULL,'role_detail','add_user_role#1','2025-08-01 12:40:32'),('43',NULL,'role','add_role#12','2025-08-01 12:42:57'),('44',NULL,'role_detail','add_user_role#12','2025-08-01 12:43:07'),('45',NULL,'role_detail','add_user_role#12','2025-09-18 09:27:14'),('46',NULL,'role_detail','remove_user_role#12','2025-09-18 09:35:29'),('47',NULL,'role_detail','add_user_role#1','2025-09-18 09:35:49');


-- -----------------------------
-- Structure de la table `mois_facturation`
-- -----------------------------
DROP TABLE IF EXISTS `mois_facturation`;
CREATE TABLE `mois_facturation` (
  `id` int(3) unsigned NOT NULL AUTO_INCREMENT,
  `mois` varchar(32) NOT NULL,
  `date_facturation` date NOT NULL,
  `date_depot` date NOT NULL,
  `id_constante` int(2) unsigned NOT NULL,
  `description` text,
  `est_actif` tinyint(1) NOT NULL,
  `date_releve` date DEFAULT NULL,
  PRIMARY KEY (`id`),
  UNIQUE KEY `unique_id_mois` (`id`,`mois`),
  KEY `id_constante` (`id_constante`),
  CONSTRAINT `mois_facturation_ibfk_1` FOREIGN KEY (`id_constante`) REFERENCES `constante_reseau` (`id`)
) ENGINE=InnoDB AUTO_INCREMENT=38 DEFAULT CHARSET=latin1;

-- Donn√©es de `mois_facturation`
INSERT INTO `mois_facturation` (`id`,`mois`,`date_facturation`,`date_depot`,`id_constante`,`description`,`est_actif`,`date_releve`) VALUES ('1','2025-01','0000-00-00','0000-00-00','1','','0',NULL),('5','2025-02','0000-00-00','0000-00-00','1','','0',NULL),('6','2025-03','0000-00-00','2025-04-02','1','','0',NULL),('7','2025-04','0000-00-00','2025-07-16','1','','0',NULL),('8','2025-05','0000-00-00','2025-05-31','1','','0',NULL),('9','2025-06','0000-00-00','2025-05-30','1','','0','2025-08-02'),('10','2025-07','0000-00-00','2025-08-01','1','','0',NULL),('11','2025-08','0000-00-00','2025-08-31','1','','0',NULL),('12','2025-09','0000-00-00','2025-08-17','1','la pluie tombe','1','2025-08-03'),('27','2020-01','2020-01-29','2020-01-30','8','ce mois ci contien des donnees bizarres','0','2020-01-28'),('28','2025-08','2025-08-29','2025-08-30','9','','0','2025-08-28'),('29','2025-10','0000-00-00','0000-00-00','9','','0',NULL),('30','2025-11','2025-09-08','2025-11-28','9','mon petit test','0','2025-11-25'),('31','2025-12','2025-09-17','2025-12-28','9','','0','2025-09-25'),('32','2025-09','2025-09-18','2025-09-28','11','','0','2025-09-25'),('33','2025-10','2025-09-18','2025-10-28','11','','1','2025-10-25'),('34','2026-01','2025-09-19','2026-01-28','9','','0',NULL),('36','2020-01','2020-01-29','2020-01-30','14','ce mois ci contien des donnees bizarres','0','2020-01-28'),('37','2025-08','2025-08-29','2025-08-30','15','','1','2025-08-28');


-- -----------------------------
-- Structure de la table `page_role_aep`
-- -----------------------------
DROP TABLE IF EXISTS `page_role_aep`;
CREATE TABLE `page_role_aep` (
  `page_id` int(11) NOT NULL DEFAULT '0',
  `role_id` int(11) NOT NULL DEFAULT '0',
  `write_access` int(1) DEFAULT '0',
  PRIMARY KEY (`page_id`,`role_id`),
  KEY `role_id` (`role_id`)
) ENGINE=MyISAM DEFAULT CHARSET=latin1;

-- Donn√©es de `page_role_aep`
INSERT INTO `page_role_aep` (`page_id`,`role_id`,`write_access`) VALUES ('24','1','1'),('25','1','1'),('26','1','1'),('27','1','1'),('28','1','1'),('53','1','1'),('30','1','1'),('31','1','1'),('32','1','1'),('33','1','1'),('34','1','1'),('35','1','1'),('36','1','1'),('37','1','1'),('38','1','1'),('39','1','1'),('40','1','1'),('41','1','1'),('42','1','1'),('43','1','1'),('44','1','1'),('45','1','1'),('46','1','1'),('29','1','1'),('48','1','1'),('49','1','1'),('50','1','1'),('51','1','1'),('52','1','1'),('53','8','0'),('39','8','0'),('38','8','1'),('54','1','1'),('36','10','0'),('33','10','0'),('26','10','0'),('50','9','0'),('43','9','0'),('42','9','0'),('41','9','0'),('40','9','0'),('26','9','0'),('26','8','0'),('54','10','0'),('55','1','1'),('56','1','1'),('26','11','0'),('57','1','1'),('58','1','1'),('59','1','1'),('60','1','1'),('61','1','1'),('62','1','1'),('63','1','1'),('64','1','1'),('65','1','1'),('66','1','1'),('67','1','1'),('68','1','1'),('69','1','1'),('70','1','1'),('71','1','1'),('72','1','1'),('73','1','1'),('74','1','1'),('75','1','1'),('76','1','1'),('77','1','1'),('78','1','1'),('69','9','0'),('70','9','0'),('74','8','0'),('25','12','0'),('26','12','0'),('27','12','0'),('28','12','0'),('29','12','0'),('30','12','0'),('31','12','0'),('32','12','0'),('33','12','0'),('34','12','0'),('35','12','0'),('36','12','0'),('37','12','0'),('38','12','0'),('39','12','0'),('40','12','0'),('41','12','0'),('42','12','0'),('43','12','0'),('45','12','0'),('46','12','0'),('47','12','0'),('48','12','0'),('49','12','0'),('50','12','0'),('51','12','0'),('52','12','0'),('53','12','0'),('54','12','0'),('55','12','0'),('56','12','0'),('57','12','0'),('58','12','0'),('59','12','0'),('60','12','0'),('61','12','0'),('62','12','0'),('63','12','0'),('64','12','0'),('65','12','0'),('66','12','0'),('67','12','0'),('68','12','0'),('69','12','0'),('70','12','0'),('71','12','0'),('72','12','0'),('73','12','0'),('74','12','0'),('75','12','0'),('76','12','0'),('77','12','0'),('78','12','0'),('79','1','1'),('80','1','1'),('81','1','1'),('82','1','1'),('83','1','1'),('84','1','1'),('85','1','1'),('86','1','1'),('87','1','1'),('88','1','1'),('89','1','1'),('90','1','1'),('91','1','1'),('92','1','1'),('93','1','1'),('94','1','1'),('95','1','1'),('96','1','1');


-- -----------------------------
-- Structure de la table `pages`
-- -----------------------------
DROP TABLE IF EXISTS `pages`;
CREATE TABLE `pages` (
  `id` int(11) NOT NULL AUTO_INCREMENT,
  `chaine` varchar(255) NOT NULL,
  `libelle` varchar(255) NOT NULL,
  `description` text,
  PRIMARY KEY (`id`),
  UNIQUE KEY `unique_chaine` (`chaine`)
) ENGINE=MyISAM AUTO_INCREMENT=97 DEFAULT CHARSET=latin1;

-- Donn√©es de `pages`
INSERT INTO `pages` (`id`,`chaine`,`libelle`,`description`) VALUES ('24','page=role_detail','role_detail',''),('25','form=aep','aep',''),('26','page=home','home',''),('27','page=reseau','reseau',''),('28','form=reseau','reseau',''),('29','form=abone','abone',''),('30','list=compteur_reseau','compteur_reseau',''),('31','list=distribution_simple','distribution_simple',''),('32','list=production_simple','production_simple',''),('33','list=recouvrement','recouvrement',''),('34','list=facture_month','facture_month',''),('35','list=liste_facture_month','liste_facture_month',''),('36','list=mois_facturation','mois_facturation',''),('37','form=constante_reseau','constante_reseau',''),('38','form=import_index','import_index',''),('39','list=releve_manuelle','releve_manuelle',''),('40','form=finance','finance',''),('41','list=transaction','transaction',''),('42','form=login','login',''),('43','form=register','register',''),('44','form=role','role',''),('45','page=register','register',''),('46','page=role','role',''),('47','page=login','login',''),('48','page=aep','aep',''),('49','page=edit_aep','edit_aep',''),('50','page=logout','logout',''),('51','list=logout','logout',''),('52','page=toto','toto',''),('53','page=download_index','download_index',''),('54','page=info_abone','info_abone',''),('55','page=clefs','clefs',''),('56','page=user_details','user_details',''),('57','page=redevance','redevance',''),('58','page=versement','versement',''),('59','page=clef','clef',''),('60','page=users','users',''),('61','page=page','page',''),('62','list=versements','versements',''),('63','page=versements','versements',''),('64','page=detail_revance','detail_revance',''),('65','page=revanc_detailse','revanc_detailse',''),('66','page=revance_detailse','revance_detailse',''),('67','page=redevance_detailse','redevance_detailse',''),('68','page=redevance_details','redevance_details',''),('69','page=aep_dashbord','aep_dashbord',''),('70','page=aep_dashboard','aep_dashboard',''),('71','page=transaction','transaction',''),('72','list=releve_page','releve_page',''),('73','form=export_index','export_index',''),('74','page=releves','releves',''),('75','list=releve_indexx','releve_indexx',''),('76','list=releve_index','releve_index',''),('77','id_mois=10','10',''),('78','list=abone_simple','abone_simple',''),('79','page=relevesoperation=error','relevesoperation',''),('80','page=constante_reseau','constante_reseau',''),('81','page=constante_reseau_page','constante_reseau_page',''),('82','id_mois=18','18',''),('83','page=ressource','ressource',''),('84','page=ressources','ressources',''),('85','page=interventions','interventions',''),('86','page=backups','backups',''),('87','page=backup','backup',''),('88','page=abones','abones',''),('89','page=fokoue_data','fokoue_data',''),('90','page=tarif_aep','tarif_aep',''),('91','page=recouvrement','recouvrement',''),('92','page=abonne','abonne',''),('93','ajout=1','1',''),('94','ajout_abone=1','1',''),('95','page=reseaux','reseaux',''),('96','page=reseau_detail','reseau_detail','');


-- -----------------------------
-- Structure de la table `position_compteur_aep`
-- -----------------------------
DROP TABLE IF EXISTS `position_compteur_aep`;
CREATE TABLE `position_compteur_aep` (
  `id` int(2) unsigned NOT NULL AUTO_INCREMENT,
  `position` varchar(32) NOT NULL,
  PRIMARY KEY (`id`)
) ENGINE=InnoDB DEFAULT CHARSET=latin1;

-- Donn√©es de `position_compteur_aep`

-- -----------------------------
-- Structure de la table `redevance`
-- -----------------------------
DROP TABLE IF EXISTS `redevance`;
CREATE TABLE `redevance` (
  `id` int(4) unsigned NOT NULL AUTO_INCREMENT,
  `libele` varchar(64) NOT NULL,
  `pourcentage` decimal(5,2) NOT NULL,
  `description` text,
  `id_aep` int(4) unsigned DEFAULT NULL,
  `type` varchar(8) NOT NULL DEFAULT 'sortie',
  `mois_debut` varchar(8) DEFAULT '2025-03',
  PRIMARY KEY (`id`),
  KEY `fk_aep_redevance` (`id_aep`),
  CONSTRAINT `fk_aep_redevance` FOREIGN KEY (`id_aep`) REFERENCES `aep` (`id`)
) ENGINE=InnoDB AUTO_INCREMENT=5 DEFAULT CHARSET=latin1;

-- Donn√©es de `redevance`
INSERT INTO `redevance` (`id`,`libele`,`pourcentage`,`description`,`id_aep`,`type`,`mois_debut`) VALUES ('2','CUE','12.50','Rentre chez le comite des usagers de l\'eau','1','sortie','2025-03'),('3','Mairie','20.00','','1','sortie','2025-02'),('4','CUE','15.00','','6','Sortie','2025-02');


-- -----------------------------
-- Structure de la table `reseau`
-- -----------------------------
DROP TABLE IF EXISTS `reseau`;
CREATE TABLE `reseau` (
  `id` int(3) unsigned NOT NULL AUTO_INCREMENT,
  `nom` varchar(32) NOT NULL,
  `abreviation` varchar(16) DEFAULT NULL,
  `date_creation` date NOT NULL,
  `description_reseau` text,
  `id_aep` int(4) unsigned NOT NULL DEFAULT '1',
  PRIMARY KEY (`id`),
  KEY `fk_aep_reseau` (`id_aep`),
  CONSTRAINT `fk_aep_reseau` FOREIGN KEY (`id_aep`) REFERENCES `aep` (`id`)
) ENGINE=InnoDB AUTO_INCREMENT=21 DEFAULT CHARSET=latin1;

-- Donn√©es de `reseau`
INSERT INTO `reseau` (`id`,`nom`,`abreviation`,`date_creation`,`description_reseau`,`id_aep`) VALUES ('1','Reseau principal','RP','2020-03-17','','1'),('2','Reseau secondaire 1','Rs1','2025-04-01','','1'),('3','Reseau secondaire 2','Rs2','2025-04-23','','1'),('5','Reseau secondaire 4','Rs4','2025-08-01','','1'),('14','Nza\'ah','NZA','2020-01-01','','6'),('15','Eweit','EWE','2020-01-01','','6'),('16','Mbouh','MBO','2020-01-01','','6'),('17','Ancien Mbouh','ANC','2020-01-01','','6'),('18','Madong','MAD','2020-01-01','','6'),('19','RÈseau secondaire 1','RS1','2025-09-18','','7'),('20','RÈseau principal','RP','2025-09-18','','7');


-- -----------------------------
-- Structure de la table `ressources_humaines`
-- -----------------------------
DROP TABLE IF EXISTS `ressources_humaines`;
CREATE TABLE `ressources_humaines` (
  `id` int(11) NOT NULL AUTO_INCREMENT,
  `aep_id` int(11) NOT NULL,
  `nom` varchar(150) NOT NULL,
  `fonction` varchar(120) DEFAULT NULL,
  `competences` text,
  `telephone` varchar(50) DEFAULT NULL,
  `statut` enum('disponible','occupe','indisponible') DEFAULT 'disponible',
  `cout_horaire` decimal(12,2) DEFAULT '0.00',
  `actif` tinyint(1) DEFAULT '1',
  `created_at` datetime DEFAULT NULL,
  `updated_at` datetime DEFAULT NULL,
  PRIMARY KEY (`id`),
  KEY `idx_rh_aep` (`aep_id`),
  KEY `idx_rh_statut` (`statut`),
  KEY `idx_rh_actif` (`actif`)
) ENGINE=InnoDB AUTO_INCREMENT=2 DEFAULT CHARSET=utf8;

-- Donn√©es de `ressources_humaines`
INSERT INTO `ressources_humaines` (`id`,`aep_id`,`nom`,`fonction`,`competences`,`telephone`,`statut`,`cout_horaire`,`actif`,`created_at`,`updated_at`) VALUES ('1','1','Tsafack','TOOOO','4152155','68547895214','disponible','0.00','1',NULL,NULL);


-- -----------------------------
-- Structure de la table `ressources_materielles`
-- -----------------------------
DROP TABLE IF EXISTS `ressources_materielles`;
CREATE TABLE `ressources_materielles` (
  `id` int(11) NOT NULL AUTO_INCREMENT,
  `aep_id` int(11) NOT NULL,
  `libelle` varchar(180) NOT NULL,
  `categorie` varchar(120) DEFAULT NULL,
  `reference` varchar(120) DEFAULT NULL,
  `quantite_totale` decimal(12,2) DEFAULT '0.00',
  `quantite_disponible` decimal(12,2) DEFAULT '0.00',
  `unite` varchar(30) DEFAULT 'u',
  `cout_unitaire` decimal(12,2) DEFAULT '0.00',
  `statut` enum('disponible','occupe','panne','hors_service') DEFAULT 'disponible',
  `actif` tinyint(1) DEFAULT '1',
  `created_at` datetime DEFAULT NULL,
  `updated_at` datetime DEFAULT NULL,
  PRIMARY KEY (`id`),
  KEY `idx_rm_aep` (`aep_id`),
  KEY `idx_rm_statut` (`statut`),
  KEY `idx_rm_categorie` (`categorie`),
  KEY `idx_rm_actif` (`actif`)
) ENGINE=InnoDB DEFAULT CHARSET=utf8;

-- Donn√©es de `ressources_materielles`

-- -----------------------------
-- Structure de la table `roles`
-- -----------------------------
DROP TABLE IF EXISTS `roles`;
CREATE TABLE `roles` (
  `id` int(11) NOT NULL AUTO_INCREMENT,
  `nom` varchar(50) NOT NULL,
  PRIMARY KEY (`id`)
) ENGINE=MyISAM AUTO_INCREMENT=13 DEFAULT CHARSET=latin1;

-- Donn√©es de `roles`
INSERT INTO `roles` (`id`,`nom`) VALUES ('1','Administrateur'),('8','Releveur'),('9','Comptable'),('10','Recouvreur'),('11','Visiteur'),('12','all');


-- -----------------------------
-- Structure de la table `travail`
-- -----------------------------
DROP TABLE IF EXISTS `travail`;
CREATE TABLE `travail` (
  `id` int(5) unsigned NOT NULL AUTO_INCREMENT,
  `id_aep` int(4) unsigned NOT NULL,
  `id_utilisateur` int(4) unsigned NOT NULL,
  PRIMARY KEY (`id`),
  KEY `fk_aep_travail` (`id_aep`),
  KEY `fk_utilisateur_travail` (`id_utilisateur`),
  CONSTRAINT `fk_aep_travail` FOREIGN KEY (`id_aep`) REFERENCES `aep` (`id`),
  CONSTRAINT `fk_utilisateur_travail` FOREIGN KEY (`id_utilisateur`) REFERENCES `utilisateur` (`id`)
) ENGINE=InnoDB DEFAULT CHARSET=latin1;

-- Donn√©es de `travail`

-- -----------------------------
-- Structure de la table `user_clefs`
-- -----------------------------
DROP TABLE IF EXISTS `user_clefs`;
CREATE TABLE `user_clefs` (
  `clef_id` int(3) unsigned NOT NULL,
  `user_id` int(3) unsigned NOT NULL,
  PRIMARY KEY (`clef_id`),
  KEY `user_id` (`user_id`)
) ENGINE=MyISAM DEFAULT CHARSET=latin1;

-- Donn√©es de `user_clefs`
INSERT INTO `user_clefs` (`clef_id`,`user_id`) VALUES ('3','8'),('2','9'),('4','10'),('10','11'),('11','12'),('6','13'),('5','14'),('12','15'),('9','16'),('13','17');


-- -----------------------------
-- Structure de la table `user_roles`
-- -----------------------------
DROP TABLE IF EXISTS `user_roles`;
CREATE TABLE `user_roles` (
  `user_id` int(11) NOT NULL DEFAULT '0',
  `role_id` int(11) NOT NULL DEFAULT '0',
  PRIMARY KEY (`user_id`,`role_id`),
  KEY `role_id` (`role_id`)
) ENGINE=MyISAM DEFAULT CHARSET=latin1;

-- Donn√©es de `user_roles`
INSERT INTO `user_roles` (`user_id`,`role_id`) VALUES ('1','1'),('7','1'),('8','8'),('9','8'),('9','10'),('10','9'),('10','11'),('11','8'),('11','9'),('11','10'),('11','11'),('12','1'),('12','8'),('12','11'),('12','12'),('13','1'),('13','11'),('14','1'),('14','11'),('15','11'),('16','1'),('16','11'),('17','1'),('17','11');


-- -----------------------------
-- Structure de la table `users`
-- -----------------------------
DROP TABLE IF EXISTS `users`;
CREATE TABLE `users` (
  `id` int(5) unsigned NOT NULL AUTO_INCREMENT,
  `email` varchar(32) NOT NULL,
  `nom` varchar(32) NOT NULL,
  `prenom` varchar(32) NOT NULL,
  `numero_telephone` varchar(16) NOT NULL,
  `password` varchar(64) DEFAULT NULL,
  `salt` varchar(64) DEFAULT NULL,
  PRIMARY KEY (`id`)
) ENGINE=MyISAM AUTO_INCREMENT=18 DEFAULT CHARSET=latin1;

-- Donn√©es de `users`
INSERT INTO `users` (`id`,`email`,`nom`,`prenom`,`numero_telephone`,`password`,`salt`) VALUES ('1','sd@gmail.com','slks aslk','M','654152545','ef797c8118f02dfb',''),('2','tockemapplications@gmail.com','Tsafack','Erick','654190514','ef797c8118f02dfb',''),('3','tockemapplications2@gmail.com','sncdsl;n','sldnlds','25412545','e150f4455ed28e8c',''),('4','tockemapplications3@gmail.com','sksk','sksk','6565656565','aa005661a830c458','ae8604e73a48e7022190406c201ca358'),('5','tockemapplications5@gmail.com','olol','lolo','653636363','f916e27059dc0b41','5bbb445a4f503f8234ecbe37903f0c24'),('6','tockemapplications6@gmail.com','opopo','poioi','658585959','3270175410fe1cc8ee5633e04a14fcad56ee04bbaa5329604385bed55fe1098d','15f7ce4388a49a9be16cf70015ec2f9e'),('7','tockemapplications0@gmail.com','Takam Ulrich','Erick','6565656565','1f3b595625daad307953bb1153055ef9d28ffa2bbde1dc384c6d109fca6d552a','7a85e01b353c290533d2deda2c84805a'),('8','ericktsafack@gmail.com','Tsafack','Erick','654190514','fb259da39527c902bcbd1161b579ab84cb416e59208f637819e72f30e11751e1','2abf440fceec6545a861fd6a3b52a819'),('9','bonjour@gmail.com','Mezankeu','Darelle','658595653','66b69e627ba0867e07b680bdc8966ded1c0d97edc8e079cc3a1ca6936b4a7cee','249324c1cb4a556af910a1d2ef1eb9e2'),('10','tockemapplications10@gmail.com','platon','juju','698977445','e7c90bb79468a7b6a01ce361628c0ceae4365071a7dace2808ef5aea8532c683','cdb3babd4215c8db8f9abd2b7c4e65fd'),('11','testblanche@gmail.com','Test Momo','blanche','677565453','285af19d2e8f258a544d15781bb5312a3c336d5695533044c6178bd5a5f867a2','1d395a8551f727d8d1c09cbf7a7c8349'),('12','martialtsobeng@gmail.com','TSOBENG','Martial','697621294','789473a2831b79cdcc5450d2088b0092660cf3e116a1d2e46578bf842dbba545','0e8d639eb5510f72802da07d09dec59c'),('13','blanchemomo1992@gmail.com','MOMO TSOPFACK','Blanche','698193280','e1302e2f72b5f2a2011f8604f32384dfd11616a54be08552d164abe3e4b666ce','6ea512ef0586ad887caeca3174932e5f'),('14','mcnyama@gmail.com','NDZOU','Lewis','670029033','cfb4ed94663bd191622f65828fc638c9948affd1edb0490c7583fe3a38fefcd3','e0e091a6b29dc541a628e4368cc999aa'),('15','tockemapplicationsp@gmail.com','toto','Eric','654190514','7f595eb4847906a7209df1803231cc70d8ed502492f99a8ae2603922c8cf89c4','8040d34cb3038874663428a566ea383b'),('16','mabamomoachille@gmail.com','maba momo','achille','690409882','36ca59f93c6f45940d6fd749e022f44f22f5979153d54becfc609c92d389bac1','f6d7932db35bd7a2637f9ca93516d084'),('17','Blanchemomo1991@gmail.com','MOMO TSOPFACK','Blanche','698193280','00e5a75680890dac2d919d6bc068c4115c93c8f189f853e010f216fde33a0f75','7b87748db425382fabebf14b89c6c3de');


-- -----------------------------
-- Structure de la table `utilisateur`
-- -----------------------------
DROP TABLE IF EXISTS `utilisateur`;
CREATE TABLE `utilisateur` (
  `id` int(5) unsigned NOT NULL AUTO_INCREMENT,
  `email` varchar(32) NOT NULL,
  `nom` varchar(32) NOT NULL,
  `prenom` varchar(32) NOT NULL,
  `numero_telephone` varchar(16) NOT NULL,
  PRIMARY KEY (`id`)
) ENGINE=InnoDB DEFAULT CHARSET=latin1;

-- Donn√©es de `utilisateur`

-- -----------------------------
-- Structure de la table `versements`
-- -----------------------------
DROP TABLE IF EXISTS `versements`;
CREATE TABLE `versements` (
  `id` int(4) unsigned NOT NULL AUTO_INCREMENT,
  `montant` decimal(15,2) NOT NULL,
  `date_versement` date NOT NULL,
  `id_mois_facturation` int(4) unsigned NOT NULL,
  `id_redevance` int(4) unsigned NOT NULL,
  `est_valide` tinyint(1) NOT NULL DEFAULT '0',
  PRIMARY KEY (`id`),
  KEY `id_mois_facturation` (`id_mois_facturation`),
  KEY `id_redevance` (`id_redevance`)
) ENGINE=MyISAM AUTO_INCREMENT=38 DEFAULT CHARSET=latin1;

-- Donn√©es de `versements`
INSERT INTO `versements` (`id`,`montant`,`date_versement`,`id_mois_facturation`,`id_redevance`,`est_valide`) VALUES ('27','493.75','2025-05-04','8','2','0'),('31','105.00','2025-05-12','9','4','0'),('28','395.00','2025-05-04','8','4','0'),('26','690.00','2025-05-04','5','3','1'),('32','131.25','2025-05-12','9','2','0'),('30','210.00','2025-05-12','9','3','0'),('29','790.00','2025-05-04','8','3','0'),('33','262.50','2025-05-12','9','5','0'),('34','237.50','2025-05-12','9','5','0'),('35','118.75','2025-05-12','9','2','0'),('36','95.00','2025-05-12','9','4','0'),('37','190.00','2025-05-12','9','3','0');

SET FOREIGN_KEY_CHECKS=1;
